src,id,title,ctx,type,status,date,tags,tableRows,proseRows,products,productTypes,bytes
confluence,100040705,[CAKE][Lending] - Sprint 129,Tech: Lending > [Lending] - Sprint planning > 2024 - Years of Lending > 2024 - First Half,,,2024-01-10,other,0,0,,,3181
confluence,1000472582,[CAKE][DOP] - Sprint 172,Tech: Lending > [DOP] - Sprint planning > 2025 - Reborn DOP to enhand platform mobilities > 2025 - Second Half (dop),,,2025-09-29,other,0,0,NGS_cashloan,,1155
confluence,1000690,DOP - Driver lending,Tech: Lending > Digital onboarding platform > [DOP] - DOP Legacy Docs on alpha stage,,,2022-06-21,policy-table-weak;gl;ui,1,0,,,6767
confluence,1002934,Digital Onboarding Platform: MVP (Viettel lending),Tech: Lending > Digital onboarding platform > [DOP] - DOP Legacy Docs on alpha stage,,,2023-06-06,policy-table;gl;ui,12,0,PD_Viettel,,48236
confluence,1006831,[Partner] - [Viettel] Payday,Tech: Lending > Partnership products > [Partner] - Viettel Digital (VDS),,,2026-07-24,policy-table;api;gl;ui,4,0,PD_Viettel,payday,28634
confluence,1006928,[Partner][Viettel] - Payday - Accounting Flow,Tech: Lending > Partnership products > [Partner] - Viettel Digital (VDS) > [Partner] - [Viettel] Payday,,,2023-12-25,policy-table;gl,20,0,PD_Viettel,payday,6938
confluence,1007143,[Partner][Viettel] - Payday - Disbursement,Tech: Lending > Partnership products > [Partner] - Viettel Digital (VDS) > [Partner] - [Viettel] Payday,,,2023-12-25,ui,0,0,PD_Viettel,payday,3715
confluence,1007925,DOP - DOCUMENT ATTACHED,Tech: Lending > Digital onboarding platform > [DOP] - DOP Legacy Docs on alpha stage > Digital Onboarding Platform: MVP (Viettel lending),,,2022-08-02,policy-table;api;gl;ui,9,0,,,16355
confluence,1014625,DOP business architecture,Tech: Lending > Digital onboarding platform > [DOP] - DOP Legacy Docs on alpha stage > Digital Onboarding Platform: MVP (Viettel lending),,,2022-07-08,other,0,0,,,3595
confluence,1015513104,VDS - Payday Payroll - GL,Tech: Lending > Lending core systems > [Lending] - Core Products > [Payday] - Product document specs > Ice - Payday,,,2025-09-25,policy-table;gl,5,0,VT_Payday_S,payday,4949
confluence,1022567,[Partner][Viettel] - Payday - Reconciliation,Tech: Lending > Partnership products > [Partner] - Viettel Digital (VDS) > [Partner] - [Viettel] Payday,,,2023-12-25,other,0,0,PD_Viettel,payday,1736
confluence,1022633,[Partner][Viettel] - Payday - Repayment and Auto_Collection,Tech: Lending > Partnership products > [Partner] - Viettel Digital (VDS) > [Partner] - [Viettel] Payday,,,2023-12-25,policy-table;gl;ui,5,0,VT_Payday_S;PD_Viettel,payday,9563
confluence,1022737,[Partner][Viettel] - Payday - Sync data collection,Tech: Lending > Partnership products > [Partner] - Viettel Digital (VDS) > [Partner] - [Viettel] Payday,,,2023-12-25,api,0,0,PD_Viettel,payday,2606
confluence,1023528,Success Metric : DOP Viettel lending,Tech: Lending > Digital onboarding platform > [DOP] - DOP Legacy Docs on alpha stage > Digital Onboarding Platform: MVP (Viettel lending),,,2022-08-24,policy-table-weak;gl;ui,1,0,,,7033
confluence,1024421,[Overdraft] - The new short loan product,Tech: Lending > Lending core systems > [Lending] - Core Products,,,2023-09-08,policy-table;gl;ui,15,0,CAKE_overdraft,od,9272
confluence,1025583,[Partner][Viettel] - Payday - Product Policy,Tech: Lending > Partnership products > [Partner] - Viettel Digital (VDS) > [Partner] - [Viettel] Payday,,,2026-07-24,policy-table;gl,13,1,PD_Viettel,payday,7056
confluence,1029062,Overdraft - Gap Analysis,Tech: Lending > Lending core systems > [Lending] - Core Products > [Overdraft] - The new short loan product > [OD] Mambu solution,,,2022-09-27,gl,0,0,CAKE_overdraft,od,1523
confluence,1029668890,[CAKE][Lending+DOP] - Sprint 173,Tech: Lending > [Lending] - Sprint planning > 2025 - Years of Lending > 2025 - Second Half,,,2025-10-14,gl;ui,0,0,MISA_cashloan,,4794
confluence,1030948,Cake service embedded interface (CSEI),Tech: Lending > Digital onboarding platform > [DOP] - DOP Legacy Docs on alpha stage,,,2022-08-08,other,0,0,,,3052
confluence,1031974,[Overdraft] - The Onboarding Process,Tech: Lending > Lending core systems > [Lending] - Core Products > [Overdraft] - The new short loan product > [OD] Mambu solution,,,2024-03-24,gl;ui,0,0,CAKE_overdraft,od,8610
confluence,1032019,[Overdraft] - The Re-payment & Overdue process,Tech: Lending > Lending core systems > [Lending] - Core Products > [Overdraft] - The new short loan product > [OD] Mambu solution,,,2024-03-24,policy-table;ui,8,0,CAKE_overdraft,od,11511
confluence,1032064,[Overdraft] - The Accountant GL configuration,Tech: Lending > Lending core systems > [Lending] - Core Products > [Overdraft] - The new short loan product > [OD] Mambu solution,,,2022-11-03,policy-table;gl;ui,22,0,CAKE_overdraft,od,7971
confluence,1032109,[Overdraft] - The Overdraft Cashflow,Tech: Lending > Lending core systems > [Lending] - Core Products > [Overdraft] - The new short loan product > [OD] Mambu solution,,,2024-08-01,policy-table-weak;gl;ui,2,0,CAKE_overdraft,od,5737
confluence,1032873,[Partner][Viettel] - Payday - Reports for VPBank,Tech: Lending > Partnership products > [Partner] - Viettel Digital (VDS) > [Partner] - [Viettel] Payday,,,2023-12-25,other,0,0,PD_Viettel,payday,1338
confluence,1034054,Squad introduction,Tech: Lending,,,2025-10-27,ui,0,0,,,6431
confluence,1034683,[Overdraft] - LOS Approve Process,Tech: Lending > Lending core systems > [Lending] - Core Products > [Overdraft] - The new short loan product > [OD] Mambu solution,,,2023-09-18,other,0,0,CAKE_overdraft,od,2625
confluence,1038133,[CAKE][Bank API] - OAuth Public API,Tech: Lending > Partnership products > [Partner] - CAKE OPEN BANK API,,,2022-10-25,gl,0,0,,,8812
confluence,1038340,[CAKE][Bank API] - Batch Fund Transfer & Information,Tech: Lending > Partnership products > [Partner] - CAKE OPEN BANK API,,,2022-10-25,gl,0,0,,,10331
confluence,1038349,[CAKE][Bank API] - Balance Inquiry API,Tech: Lending > Partnership products > [Partner] - CAKE OPEN BANK API,,,2022-10-25,gl,0,0,,,1843
confluence,1038489,[CAKE][Bank API] - Get Transaction Status & Detail,Tech: Lending > Partnership products > [Partner] - CAKE OPEN BANK API,,,2022-10-25,gl,0,0,,,5604
confluence,1038607,[CAKE][Bank API] - History Inquiry API (WIP),Tech: Lending > Partnership products > [Partner] - CAKE OPEN BANK API,,,2022-08-31,api;gl,0,0,,,3845
confluence,1038612,[Partner] - CAKE OPEN BANK API,Tech: Lending > Partnership products,,,2025-08-19,other,0,0,,,689
confluence,1038770,[CAKE][Bank API] - Get Bank Information,Tech: Lending > Partnership products > [Partner] - CAKE OPEN BANK API,,,2022-10-25,other,0,0,,,7130
confluence,1042743307,[MOBILE] Mobile App & Cake Portal,Tech: Lending > Guideline > [Cake] - Product Running Guide > [Cake][Guideline] - Product Ticket > Loan managment,,,2026-09-14,policy-table;ui,13,0,,,34017
confluence,1047582,[Overdraft][Phase 2] - Adjustments on Cake Portal,Tech: Lending > Lending core systems > [Lending] - Core Products > [Overdraft] - The new short loan product > [OD] Mambu solution,,,2022-09-26,ui,0,0,CAKE_overdraft,od,2607
confluence,1055677,[Overdraft] - Reports,Tech: Lending > Lending core systems > [Lending] - Core Products > [Overdraft] - The new short loan product > [OD] Mambu solution,,,2023-07-04,other,0,0,CAKE_overdraft,od,5299
confluence,105742463,Honor contributors,Tech: Lending,,,2025-08-19,other,0,0,,,379
confluence,1058504829,[LendingProduct][API] - Onboarding,Tech: Lending > Guideline > [Cake] - Product Running Guide > [Cake][Guideline] - Product Ticket > Onboarding,,,2026-09-14,policy-table;api;gl,7,0,ZLP_payday,,30517
confluence,1058537573,[Cake][Guideline] - Product Ticket,Tech: Lending > Guideline > [Cake] - Product Running Guide,,,2026-04-23,other,0,0,,,3784
confluence,1058537619,[Guideline] - Common Error,Tech: Lending > Guideline > [Cake] - Product Running Guide > [Cake][Guideline] - Product Ticket,,,2026-06-19,policy-table-weak;gl,2,0,VTPO_cashloan;MISA_cashloan;VDS_paylater;VDS_paylater_epass;ZLP_payday;VNHUB_cashloan;FPT_paylater;ZLP_cashloan,,18603
confluence,1058537729,Instalments - Paylater - Refund on instalment levels,Tech: Lending > Lending core systems > [Lending] - Core Products > [Core][Cake] Instalments > Instalments - Paylater,,,2025-10-05,gl,0,0,,paylater,5103
confluence,1059880961,[LendingProduct][API] - Contract,Tech: Lending > Guideline > [Cake] - Product Running Guide > [Cake][Guideline] - Product Ticket,,,2026-07-24,api,0,0,,,9771
confluence,1060012033,[LendingProduct][API] - Repayment,Tech: Lending > Guideline > [Cake] - Product Running Guide > [Cake][Guideline] - Product Ticket,,,2026-07-14,api,0,0,MISA_cashloan;VDS_paylater;BE_paylater;FIZA_payday,,11366
confluence,106004538,[Lending] - Handover by Giang Nguyễn,Tech: Lending > Honor contributors,,,2024-04-12,ui,0,0,CAKE_overdraft_TD;VT_Cashloan_S;VT_Payday_S,,8062
confluence,1060110337,[LendingProduct][API] - Terminate,Tech: Lending > Guideline > [Cake] - Product Running Guide > [Cake][Guideline] - Product Ticket,,,2025-10-06,policy-table;api,6,0,,,9787
confluence,1060175873,[LendingProduct][API] - Payment,Tech: Lending > Guideline > [Cake] - Product Running Guide > [Cake][Guideline] - Product Ticket,,,2026-05-04,policy-table-weak;api,2,0,,,16695
confluence,1060929556,[Product][DOP] - Onboarding,Tech: Lending > Guideline > [Cake] - Product Running Guide > [Cake][Guideline] - Product Ticket > Onboarding,,,2026-09-28,policy-table;api;gl;ui,11,0,CAKE_cashloan,,27251
confluence,106725507,[Lending] - Lending Operations Process,Tech: Lending > Guideline,,,2024-01-17,other,0,0,,,443
confluence,106791031,[Cake] - Product Running Guide,Tech: Lending > Guideline,,,2024-11-20,other,0,0,,,419
confluence,1068467,Automation SMS Collection,Tech: Lending > Lending core systems > [Lending][Collection] - Debt collection > [Risk][Collection] SMS/ZNS Collection,,,2022-12-22,api;gl;ui,0,0,,,16701
confluence,106856458,[Lending][Runbook] - EOD + Lending Report Incident Runbook,Tech: Lending > Guideline > [Lending] - Lending Operations Process,,,2024-01-18,policy-table-weak;gl;ui,1,0,VT_Cashloan_S;VT_Payday_S;CAKE_overdraft,,7222
confluence,1068856,[Lending][Collection] - Debt collection,Tech: Lending > Lending core systems,,,2024-01-15,other,0,0,,,904
confluence,1068930,[Risk][Collection] SMS/ZNS Collection,Tech: Lending > Lending core systems > [Lending][Collection] - Debt collection,,,2022-12-22,other,0,0,,,1562
confluence,107151361,[Lending][Guideline] - LOS Scripting Deploy Process,Tech: Lending > Guideline > [Lending] - Lending Operations Process,,,2024-02-19,ui,0,0,,,6607
confluence,107315202,[Lending] - Handover from Hiền Phạm,Tech: Lending > Honor contributors,,,2024-01-17,other,0,0,,,2952
confluence,1074593793,[RE][EKYC] - Change phone pre-check rule(s),Tech: Lending > LOS/RISK platform > [Rule Engine] - Product onboarding pre-check process,,,2026-01-14,api;gl;ui,0,0,MISA_cashloan;MWG_paylater,,26100
confluence,1075830,[CAKE][Lending] - Sprint 103,Tech: Lending > [Lending] - Sprint planning > 2023 - Years of Lending > 2023 - First Half,,,2023-06-06,other,0,0,,,2618
confluence,1076006,[Lending] - Sprint planning,Tech: Lending,,,2025-08-20,other,0,0,,,401
confluence,1076122,[CAKE][Lending] - Sprint 106,Tech: Lending > [Lending] - Sprint planning > 2023 - Years of Lending > 2023 - First Half,,,2023-06-06,other,0,0,,,2730
confluence,1076613,[Cake][Guideline] - Sprint Process,Tech: Lending > Guideline > [Cake] - Product Running Guide,,,2024-11-20,ui,0,0,,,8624
confluence,1077070,[Cake][Guideline] - Ticket Process (Feb-24),Tech: Lending > Guideline > [Cake] - Product Running Guide,,,2024-11-20,ui,0,0,,,24973
confluence,1077089,Guideline,Tech: Lending,,,2025-08-19,other,0,0,,,348
confluence,1077346320,[Partner][Viettel] - Paylater ePass - Product Policy,Tech: Lending > Partnership products > [Partner] - Viettel Digital (VDS) > [Partner] - [Viettel] Paylater-ePass (Ví Trả Sau),,,2025-10-09,policy-table,6,0,VDS_paylater;VDS_paylater_epass,paylater,3637
confluence,1077772289,[Partner] - [Viettel] Paylater-ePass (Ví Trả Sau),Tech: Lending > Partnership products > [Partner] - Viettel Digital (VDS),,,2025-10-09,gl;ui,0,0,VDS_paylater;VDS_paylater_epass;FPT_paylater,paylater,7437
confluence,1079396,[LOS][Risk] Change request,Tech: Lending > LOS/RISK platform > [Lending][LOS] - LOAN DECISION SYSTEM,,,2023-06-06,other,0,0,,,949
confluence,1082594,[CAKE][Lending] - Sprint 104,Tech: Lending > [Lending] - Sprint planning > 2023 - Years of Lending > 2023 - First Half,,,2023-06-06,other,0,0,,,3071
confluence,1084298,[Risk][Collection] Adhoc SMS sender,Tech: Lending > Lending core systems > [Lending][Collection] - Debt collection,,,2022-12-22,other,0,0,,,980
confluence,1084555273,[Product] - Core & LOS,Tech: Lending > Guideline > [Cake] - Product Running Guide > [Cake][Guideline] - Product Ticket,,,2026-07-14,gl,0,0,,,6317
confluence,1086757,[Lending][Data] - The Internal Digital Footprints,Tech: Lending > LOS/RISK platform,,,2023-12-18,ui,0,0,,,2167
confluence,1087621,[OD] Accrual report,Tech: Lending > Lending core systems > [Lending] - Core Products > [Overdraft] - The new short loan product > [OD] Mambu solution > [Overdraft] - Reports,,,2023-07-05,gl,0,0,CAKE_overdraft,od,3321
confluence,1088389121,[LendingProduct][API] - Installment,Tech: Lending > Guideline > [Cake] - Product Running Guide > [Cake][Guideline] - Product Ticket,,,2026-05-06,policy-table;api,8,1,,,21578
confluence,1090679,[CAKE][Lending] - Sprint 105,Tech: Lending > [Lending] - Sprint planning > 2023 - Years of Lending > 2023 - First Half,,,2023-06-06,other,0,0,,,2826
confluence,1090879489,[RE][BPML] - The business process modeling language,Tech: Lending > LOS/RISK platform > [Rule Engine] - Product onboarding pre-check process,,,2025-11-26,ui,0,0,,,4141
confluence,1092558,[IDF] - Internal data storage,Tech: Lending > LOS/RISK platform > [Lending][Data] - The Internal Digital Footprints,,,2023-06-06,gl,0,0,,,2247
confluence,1096269,[OD] Interest recalculator,Tech: Lending > Lending core systems > [Lending] - Core Products > [Overdraft] - The new short loan product > [OD] Mambu solution,,,2023-02-28,policy-table;ui,4,0,CAKE_overdraft,od,6746
confluence,1097465857,[AI] - The natural prompting technique when processing a topic with AI,Tech: Lending > The knowledge dictionary,,,2025-10-14,other,0,0,,,7926
confluence,1097737,[Lending][UI/UX] - Update,Tech: Lending > Lending core systems,,,2025-01-14,other,0,0,,,438
confluence,1098022913,[Partner][Viettel] - Paylater ePass - Repayment,Tech: Lending > Partnership products > [Partner] - Viettel Digital (VDS) > [Partner] - [Viettel] Paylater-ePass (Ví Trả Sau),,,2025-10-14,policy-table;gl,11,0,VDS_paylater_epass,paylater,19240
confluence,1098600,[All lending] Event tracking,Tech: Lending > Lending core systems > [Lending][UI/UX] - Update,,,2023-06-06,ui,0,0,,,3405
confluence,1102479389,Dashboard - API check-profile,Tech: Lending > Partnership products > [Partner] - Common for all partner products,,,2025-10-15,other,0,0,,,3753
confluence,1106509829,[Partner] - Misa,Tech: Lending > Partnership products,,,2025-10-16,other,0,0,,,402
confluence,1107951618,[Partner] - [Misa] Cashloan,Tech: Lending > Partnership products > [Partner] - Misa,,,2025-12-03,other,0,0,MISA_cashloan,cashloan,1362
confluence,1108410369,[Partner][MISA_cashloan] - Product Policy,Tech: Lending > Partnership products > [Partner] - Misa > [Partner] - [Misa] Cashloan,,,2025-10-23,policy-table,12,0,MISA_cashloan,cashloan,6927
confluence,1108432,[Risk][IDF] - Permission SDK,Tech: Lending > LOS/RISK platform > [Lending][Data] - The Internal Digital Footprints > [IDF] - Internal data storage,,,2023-06-06,gl;ui,0,0,,,4244
confluence,1109262337,[Partner][MISA] -  Cashloan - Disbursement,Tech: Lending > Partnership products > [Partner] - Misa > [Partner] - [Misa] Cashloan,,,2025-11-07,ui,0,0,MISA_cashloan,cashloan,3204
confluence,1109271,[CAKE][Lending] - Sprint 107,Tech: Lending > [Lending] - Sprint planning > 2023 - Years of Lending > 2023 - First Half,,,2023-06-06,other,0,0,,,2269
confluence,1110604,[Cake][Guideline] - Product/Project doc templates,Tech: Lending > Guideline > [Cake] - Product Running Guide,,,2024-11-20,policy-table;gl,6,0,,,3872
confluence,1110706,[LOS][Be-Score] - The LOS evaluate be-user scoring,Tech: Lending > LOS/RISK platform > [Lending][LOS] - LOAN DECISION SYSTEM > LOS - CREDIT CARD,,,2023-06-06,gl;ui,0,0,,,6742
confluence,111116290,[CAKE][Lending] - Sprint 130,Tech: Lending > [Lending] - Sprint planning > 2024 - Years of Lending > 2024 - First Half,,,2024-01-24,other,0,0,,,2689
confluence,1111425027,[Lending] - Alert Flow  - Microsoft Teams Integration,Tech: Lending > Lending core systems,,,2025-11-19,other,0,0,,,5611
confluence,1111950,[Risk][Collection] - Confluence doc templates,Tech: Lending > Lending core systems > [Lending][Collection] - Debt collection,,,2023-06-06,other,0,0,,,849
confluence,1112570,[VNPT PAYDAY] List table in QA environment,Tech: Lending > Partnership products > [Partner] - VNPT Pay/Money > [Partner] - [VNPT] Payday Product,,,2023-02-17,other,0,0,PD_CAKEVNPT_NEW,payday,1292
confluence,1114266,[LOS][MASS] - The LOS evaluate the mass user,Tech: Lending > LOS/RISK platform > [Lending][LOS] - LOAN DECISION SYSTEM > LOS - CREDIT CARD,,,2023-06-06,gl;ui,0,0,,,5907
confluence,1114422,[LOS][General] - Re-build the new LOS Scripting,Tech: Lending > LOS/RISK platform > [Lending][LOS] - LOAN DECISION SYSTEM,,,2023-06-16,gl;ui,0,0,,,10600
confluence,1114538003,[CAKE][Lending+DOP] - Sprint 174,Tech: Lending > [Lending] - Sprint planning > 2025 - Years of Lending > 2025 - Second Half,,,2025-10-29,other,0,0,MISA_cashloan;VDS_paylater;VDS_paylater_epass;VNP_paylater;VNHUB_cashloan,,4672
confluence,1115298,LOS - CREDIT CARD,Tech: Lending > LOS/RISK platform > [Lending][LOS] - LOAN DECISION SYSTEM,,,2023-02-21,gl,0,0,,,453
confluence,111608059,[Cake][Guideline] - Product Development Steps,Tech: Lending > Guideline > [Cake] - Product Running Guide,,,2024-11-20,policy-table,3,0,,,7269
confluence,1118847,[CAKE][Lending] - Sprint 108,Tech: Lending > [Lending] - Sprint planning > 2023 - Years of Lending > 2023 - First Half,,,2023-06-06,other,0,0,,,2478
confluence,1119630,[Partner] - [Viettel] Cashloan,Tech: Lending > Partnership products > [Partner] - Viettel Digital (VDS),,,2026-01-23,policy-table;ui,15,0,Viettel_Cashloan,cashloan,7372
confluence,1120436359,[CORE] Disburse outside CAKE,Tech: Lending > Lending core systems > [Lending] - Core Products,,,2025-10-23,gl,0,0,,,918
confluence,1120959,[Collection] - Automatic Collection System (ACS),Tech: Lending > Lending core systems > [Lending][Collection] - Debt collection,,,2025-02-06,policy-table-weak;gl;ui,1,0,,,7160
confluence,1121389,[Partner][Viettel] -  Cashloan - Repayment,Tech: Lending > Partnership products > [Partner] - Viettel Digital (VDS) > [Partner] - [Viettel] Cashloan,,,2023-12-25,policy-table-weak;gl;ui,2,0,Viettel_Cashloan,cashloan,18922
confluence,1121758,[Partner][Viettel] -  Cashloan - Product Policy,Tech: Lending > Partnership products > [Partner] - Viettel Digital (VDS) > [Partner] - [Viettel] Cashloan,,,2026-03-02,policy-table;api;gl;ui,30,0,CAKE_cashloan;Viettel_Cashloan,cashloan,11533
confluence,1122795545,[CRC] - Paylater - API details,Tech: Lending > Lending core systems > [Lending] - Core Products > Core Revolving Credit (Paylater + CC) > CRC - Ice - Paylater,,,2025-10-28,policy-table;api;ui,9,0,,paylater,13913
confluence,1124817,[LOS][Pre-Approve] - Credit Card Pre-Approve list,Tech: Lending > LOS/RISK platform > [Lending][LOS] - LOAN DECISION SYSTEM > LOS - CREDIT CARD,,,2023-06-06,policy-table;gl;ui,5,0,,,23279
confluence,1128142,[CAKE][Lending] - Sprint 109,Tech: Lending > [Lending] - Sprint planning > 2023 - Years of Lending > 2023 - First Half,,,2023-06-06,gl,0,0,,,2572
confluence,1128492,[Partner][Viettel] -  Cashloan - Interest recalculator,Tech: Lending > Partnership products > [Partner] - Viettel Digital (VDS) > [Partner] - [Viettel] Cashloan,,,2023-12-25,policy-table;gl,11,0,Viettel_Cashloan,cashloan,4475
confluence,1130854,[Partner][Viettel] - Cashloan LOS Process,Tech: Lending > Partnership products > [Partner] - Viettel Digital (VDS) > [Partner] - [Viettel] Cashloan,,,2023-12-25,policy-table;gl;ui,6,0,Viettel_Cashloan,cashloan,12303
confluence,1131689,[Partner][Viettel] -  Cashloan - Disbursement,Tech: Lending > Partnership products > [Partner] - Viettel Digital (VDS) > [Partner] - [Viettel] Cashloan,,,2023-12-25,ui,0,0,Viettel_Cashloan,cashloan,5559
confluence,1131804,[Partner][Viettel] - Cashloan - LOS Mapping Response External API (Apr-23),Tech: Lending > Partnership products > [Partner] - Viettel Digital (VDS) > [Partner] - [Viettel] Cashloan > [Partner][Viettel] - Cashloan LOS Process,,,2023-12-25,api;gl,0,0,Viettel_Cashloan,cashloan,9175
confluence,1133181,[Partner][Viettel] - Payday - Enhance 23/03/2023,Tech: Lending > Partnership products > [Partner] - Viettel Digital (VDS) > [Partner] - [Viettel] Payday,,,2023-12-25,policy-table;gl;ui,4,0,PD_Viettel,payday,4193
confluence,1135191,[CAKE][Lending] - Sprint 110,Tech: Lending > [Lending] - Sprint planning > 2023 - Years of Lending > 2023 - First Half,,,2023-06-06,other,0,0,,,2197
confluence,1135430,[Partner][Viettel] - VDS Cashloan API Mock,Tech: Lending > Partnership products > [Partner] - Viettel Digital (VDS) > [Partner] - [Viettel] Cashloan,,,2023-12-25,ui,0,0,Viettel_Cashloan,cashloan,3188
confluence,1135771673,[CAKE][Esign] - Service lines Integrate Cake e-contract,Tech: Lending > Lending core systems > [Cake][Esign] - Esign Contract Process,,,2026-05-25,api;ui,0,0,,,5870
confluence,1137311822,[Partner][MISA] -  Cashloan - Repayment,Tech: Lending > Partnership products > [Partner] - Misa > [Partner] - [Misa] Cashloan,,,2025-11-27,gl;ui,0,0,MISA_cashloan,cashloan,12476
confluence,1137785,[Partner][Viettel] -  Cashloan - Accounting Flow,Tech: Lending > Partnership products > [Partner] - Viettel Digital (VDS) > [Partner] - [Viettel] Cashloan,,,2023-12-25,policy-table;gl,19,0,Viettel_Cashloan,cashloan,9106
confluence,113836035,[CAKE][Lending] - Sprint 131,Tech: Lending > [Lending] - Sprint planning > 2024 - Years of Lending > 2024 - First Half,,,2024-02-21,policy-table-weak,1,0,,,2785
confluence,1139074,[Partner] - [Vinfast] GSM Bike Loan,Tech: Lending > Partnership products > [Partner] - Vinfast GSM,,,2023-12-11,policy-table;gl;ui,3,1,GSM_bikeloan,bikeloan,5870
confluence,1139581,[Partner][Viettel] - Payday - Viettel Payday LOS (06-Apr-23),Tech: Lending > Partnership products > [Partner] - Viettel Digital (VDS) > [Partner] - [Viettel] Payday,,,2023-12-25,policy-table-weak;policy-prose;gl,2,3,PD_Viettel,payday,8615
confluence,1140653,[Partner][Viettel] - Cashloan - Contract data,Tech: Lending > Partnership products > [Partner] - Viettel Digital (VDS) > [Partner] - [Viettel] Cashloan > [Partner][Viettel] - VDS Cashloan API Mock,,,2023-12-25,policy-table-weak,1,0,Viettel_Cashloan,cashloan,6906
confluence,1141219,[Partner][Viettel] -  Cashloan - Notifications,Tech: Lending > Partnership products > [Partner] - Viettel Digital (VDS) > [Partner] - [Viettel] Cashloan,,,2023-12-25,policy-table-weak;api;gl,1,0,Viettel_Cashloan,cashloan,3681
confluence,1141271,[Partner][Viettel] -  Cashloan - Accrual report,Tech: Lending > Partnership products > [Partner] - Viettel Digital (VDS) > [Partner] - [Viettel] Cashloan,,,2024-07-29,gl,0,0,Viettel_Cashloan,cashloan,7195
confluence,1141340,GSM x Cake,Tech: Lending > Partnership products > [Partner] - Vinfast GSM > [Partner] - [Vinfast] GSM Bike Loan,,,2023-04-25,policy-table;api;gl,6,0,GSM_bikeloan,bikeloan,7716
confluence,1142337,[CAKE][Lending] - Sprint 111,Tech: Lending > [Lending] - Sprint planning > 2023 - Years of Lending > 2023 - First Half,,,2023-06-06,other,0,0,,,2115
confluence,1146678,[CAKE][Lending] - Sprint 113,Tech: Lending > [Lending] - Sprint planning > 2023 - Years of Lending > 2023 - First Half,,,2023-06-06,gl,0,0,,,3482
confluence,1148813314,[Partner] - VNHUB_cashloan,Tech: Lending > Partnership products > [Partner] - Vnhub,,,2025-10-28,other,0,0,VNHUB_cashloan,cashloan,1381
confluence,1148878850,[Partner][VNHUB_cashloan] - Product Policy,Tech: Lending > Partnership products > [Partner] - Vnhub > [Partner] - VNHUB_cashloan,,,2025-11-05,policy-table,9,1,VNHUB_cashloan,cashloan,5950
confluence,1149206529,[Partner] - Vnhub,Tech: Lending > Partnership products,,,2025-10-25,other,0,0,VNHUB_cashloan,,405
confluence,1162772532,Postmortem: Missing Disbursement GL for Payday on 27/10/2025,Tech: Lending > Products & business visioning > Product Postmortem,,,2025-10-28,gl,0,0,CAKE_payday,payday,3807
confluence,1167327245,[Partner][VNHUB_cashloan] - Disbursement,Tech: Lending > Partnership products > [Partner] - Vnhub > [Partner] - VNHUB_cashloan,,,2025-11-04,gl;ui,0,0,VNHUB_cashloan,cashloan,3911
confluence,117112834,[AI] - AI Product Runbook,Tech: Lending > The knowledge dictionary,,,2025-10-14,ui,0,0,,,38417
confluence,1171292161,[Partner][VNHUB_cashloan] - Repayment,Tech: Lending > Partnership products > [Partner] - Vnhub > [Partner] - VNHUB_cashloan,,,2025-10-31,gl;ui,0,0,VNHUB_cashloan,cashloan,10838
confluence,117669889,[Partner][Viettel] - VDS Paylater Contract data with new Policy,Tech: Lending > Partnership products > [Partner] - Viettel Digital (VDS) > [Partner] - [Viettel] Paylater (Ví Trả Sau),,,2024-05-12,policy-table,6,0,VDS_paylater,paylater,7168
confluence,1185153114,[Lending+DOP] - Sprint 175,Tech: Lending > [Lending] - Sprint planning > 2025 - Years of Lending > 2025 - Second Half,,,2025-11-12,other,0,0,MISA_cashloan;VDS_paylater;VDS_paylater_epass;MWG_cashloan,,5164
confluence,119013377,[Cake][Esign] - Esign Contract Process,Tech: Lending > Lending core systems,,,2025-12-16,ui,0,0,,,12023
confluence,1191510034,Introduction to ICE Paylater System,Tech: Lending > Lending core systems > [Lending] - Core Products > Core Revolving Credit (Paylater + CC) > CRC - Ice - Paylater,,,2025-11-04,gl,0,0,,paylater,12569
confluence,1199931417,Paylater - Gap analysis Tiktok,Tech: Lending > Partnership products > [Partner] - Tiktok Bytedance (Pipo provide),,,2025-11-10,gl,0,0,,paylater,2818
confluence,1210122287,[API] - Api document,Tech: Lending > LOS/RISK platform > [Rule Engine] - Product onboarding pre-check process,,,2026-09-09,ui,0,0,,,4542
confluence,124682241,[Lending] - What is the Paylater or BNPL?,Tech: Lending > Lending core systems > [Lending] - Core Products > [Paylater] - Product document spec,,,2024-02-11,gl;ui,0,0,,paylater,6646
confluence,1249411073,[Lending+DOP] - Sprint 176,Tech: Lending > [Lending] - Sprint planning > 2025 - Years of Lending > 2025 - Second Half,,,2025-11-25,other,0,0,MISA_cashloan;BE_paylater;MWG_cashloan,,4426
confluence,125173761,[Cake][Guideline] - QA Process,Tech: Lending > Guideline > [Cake] - Product Running Guide,,,2024-11-20,other,0,0,,,8792
confluence,1253015593,Proposal Design for Tiktok product,Tech: Lending > Partnership products > [Partner] - Tiktok Bytedance (Pipo provide) > Paylater - Gap analysis Tiktok,,,2025-11-22,gl;ui,0,0,,paylater,5333
confluence,1263501341,[Lending][Guideline] - Maintenance Announcement Process,Tech: Lending > Guideline > [Lending] - Lending Operations Process,,,2026-02-06,policy-table-weak;gl,1,0,,,15919
confluence,1269727251,[LendingProduct][API] - Challenge,Tech: Lending > Guideline > [Cake] - Product Running Guide > [Cake][Guideline] - Product Ticket,,,2026-04-01,api;gl,0,0,,,12326
confluence,12779760,[CAKE][Lending] - Sprint 117,Tech: Lending > [Lending] - Sprint planning > 2023 - Years of Lending > 2023 - Second Half,,,2023-07-21,other,0,0,,,2788
confluence,1303052679,[Lending] - Handover by Khoa Lào,Tech: Lending > Honor contributors,,,2025-11-25,other,0,0,,,964
confluence,130351105,[Partner][Viettel] - Paylater - Enhance 20/02/2024,Tech: Lending > Partnership products > [Partner] - Viettel Digital (VDS) > [Partner] - [Viettel] Paylater (Ví Trả Sau) > [Partner][Viettel] - Paylater - Core v1 (without Interest),,,2024-03-05,policy-table-weak;gl,2,0,VDS_paylater,paylater,5712
confluence,1307017217,[Lending+DOP] - Sprint 177,Tech: Lending > [Lending] - Sprint planning > 2025 - Years of Lending > 2025 - Second Half,,,2025-12-22,ui,0,0,VPO_cashloan;Viettel_Cashloan,,4914
confluence,131662157,[LOS] - Integration to CIC through VPBank,Tech: Lending > LOS/RISK platform > [Lending][LOS] - LOAN DECISION SYSTEM,,,2025-06-30,ui,0,0,,,5686
confluence,1327628305,Retrospective,Tech: Lending,,,2025-12-01,other,0,0,,,872
confluence,1328447544,Authorization and Data Encryption Process for Financial Transactions,Tech: Lending > Lending core systems > [Lending] - Core Products > [Cashloan] - Product document specs > [ICE] Cake - Cashloan,,,2025-12-01,policy-table;api;gl;ui,6,0,CAKE_cashloan,cashloan,169748
confluence,132907010,[Partner] - [FPT] Paylater (Ví Trả Sau),Tech: Lending > Partnership products > [Partner] - FPT Group,,,2024-08-26,gl;ui,0,0,FPT_paylater,paylater,4557
confluence,1331068959,System Gap for Tiktok,Tech: Lending > Partnership products > [Partner] - Tiktok Bytedance (Pipo provide) > Paylater - Gap analysis Tiktok,,,2025-12-03,ui,0,0,,paylater,3783
confluence,133201921,[Partner] - FPT Group,Tech: Lending > Partnership products,,,2024-02-21,other,0,0,,,563
confluence,1334542337,[Partner] - Tiktok Bytedance (Pipo provide),Tech: Lending > Partnership products,,,2025-12-02,other,0,0,,,678
confluence,1338638401,Cashloan Disbursement Process,Tech: Lending > Lending core systems > [Lending] - Core Products > [Cashloan] - Product document specs > [ICE] Cake - Cashloan,,,2025-12-03,gl,0,0,CAKE_cashloan,cashloan,2449
confluence,134184962,[Partner] - NGS,Tech: Lending > Partnership products,,,2024-02-22,other,0,0,,,588
confluence,134184979,[Partner] - [NGS] NGS Cashloan,Tech: Lending > Partnership products > [Partner] - NGS,,,2025-04-03,policy-table;ui,5,0,NGS_cashloan,cashloan,3617
confluence,1348108317,[Partner][VPO_cl_pension] - Repayment,Tech: Lending > Partnership products > [Partner] - Vietnam Post (Vnpost) > [Partner] - VPO_cl_pension,,,2025-12-15,gl;ui,0,0,VPO_cl_pension;VPO_cashloan,cashloan,11352
confluence,1348141097,[Partner][VPO_cl_pension] - Disbursement,Tech: Lending > Partnership products > [Partner] - Vietnam Post (Vnpost) > [Partner] - VPO_cl_pension,,,2025-12-10,other,0,0,VPO_cashloan;VPO_cl_pension,cashloan,5238
confluence,1348403216,[Partner] - VPO_cl_pension,Tech: Lending > Partnership products > [Partner] - Vietnam Post (Vnpost),,,2025-12-10,ui,0,0,VPO_cashloan;VPO_cl_pension,cashloan,1612
confluence,1348567065,[Partner][VPO_cl_pension] - Product Policy,Tech: Lending > Partnership products > [Partner] - Vietnam Post (Vnpost) > [Partner] - VPO_cl_pension,,,2026-09-16,policy-table,11,1,VPO_cl_pension;VPO_cashloan,cashloan,6280
confluence,135135240,[Partner] - [NGS] NGS Payday,Tech: Lending > Partnership products > [Partner] - NGS,,,2024-03-27,ui,0,0,NGS_payday,payday,2195
confluence,1353285633,LoanManage Tiktok,Tech: Lending > Partnership products > [Partner] - Tiktok Bytedance (Pipo provide) > Paylater - Gap analysis Tiktok,,,2025-12-11,gl,0,0,,paylater,3848
confluence,135397921,[Partner][Viettel] - Paylater - Transaction Fee,Tech: Lending > Partnership products > [Partner] - Viettel Digital (VDS) > [Partner] - [Viettel] Paylater (Ví Trả Sau) > [Partner][Viettel] - Paylater - Core v1 (without Interest),,,2024-05-03,policy-table;gl;ui,4,0,VDS_paylater,paylater,19336
confluence,135954453,[CAKE][Lending] - Sprint 132,Tech: Lending > [Lending] - Sprint planning > 2024 - Years of Lending > 2024 - First Half,,,2024-03-11,other,0,0,NGS_cashloan,,3076
confluence,1369079836,Async processing through ic-account scheduler problem for Tiktok,Tech: Lending > Partnership products > [Partner] - Tiktok Bytedance (Pipo provide) > Paylater - Gap analysis Tiktok,,,2025-12-09,other,0,0,,paylater,4241
confluence,1375567873,[Lending+DOP] - Sprint 178,Tech: Lending > [Lending] - Sprint planning > 2025 - Years of Lending > 2025 - Second Half,,,2026-01-07,ui,0,0,VPO_cashloan;NGS_cashloan;MWG_paylater;VNP_cashloan;Viettel_Cashloan;VPO_cl_pension,,4041
confluence,137691141,[LOS] - LOS Manual Process,Tech: Lending > LOS/RISK platform > [Lending][LOS] - LOAN DECISION SYSTEM,,,2024-02-27,other,0,0,,,3909
confluence,1391427592,[Lending][Alert] - Lending,Tech: Lending > Lending core systems > [Lending] - Alert Flow  - Microsoft Teams Integration,,,2025-12-25,other,0,0,Viettel_Cashloan,,9797
confluence,1393623144,Refund,Tech: Lending > Partnership products > [Partner] - Tiktok Bytedance (Pipo provide) > Paylater - Gap analysis Tiktok,,,2025-12-15,other,0,0,,paylater,1565
confluence,1396899878,Repayment,Tech: Lending > Partnership products > [Partner] - Tiktok Bytedance (Pipo provide) > Paylater - Gap analysis Tiktok,,,2025-12-15,other,0,0,,paylater,1248
confluence,1397391423,[DOP] - Cloudflare,Tech: Lending > Digital onboarding platform,,,2026-08-31,other,0,0,BE_paylater;VNP_paylater;VPO_cashloan;Be_Cashloan;MWG_cashloan;MWG_paylater;PD_Viettel;VNP_cashloan;VNP_payday;VPO_cl_pension,,6947
confluence,1407615062,Stress test paylater system,Tech: Lending > Partnership products > [Partner] - Tiktok Bytedance (Pipo provide),,,2025-12-18,gl;ui,0,0,,paylater,3452
confluence,14155933,[Write off] Workflow,Tech: Lending > Lending core systems > [Lending] - Core Products > [Lending][LMS] - Cake Loan Management System > Write off,,,2024-10-09,gl;ui,0,0,,,6038
confluence,1427079179,Disburse,Tech: Lending > Partnership products > [Partner] - Tiktok Bytedance (Pipo provide) > Paylater - Gap analysis Tiktok,,,2025-12-23,gl,0,0,,paylater,2633
confluence,1427865734,2026 - Q1 & Q2,Tech: Lending > Products & business visioning > 2026 - Raise up to 4.000B/Month,,,2025-12-22,ui,0,0,,,1783
confluence,1427865759,2026 - Raise up to 4.000B/Month,Tech: Lending > Products & business visioning,,,2025-12-22,other,0,0,,,468
confluence,1428291674,2025 - Year of lending to hit 2.000B/Month,Tech: Lending > Products & business visioning,,,2025-12-22,other,0,0,,,501
confluence,143556787,[Partner][Viettel] - Cashloan - Repayment Allocation Order - Update TT06,Tech: Lending > Partnership products > [Partner] - Viettel Digital (VDS) > [Partner] - [Viettel] Cashloan,,,2024-03-05,policy-table,4,0,Viettel_Cashloan,cashloan,4905
confluence,143851991,[Cake][Guideline] - Incident Solving Process,Tech: Lending > Guideline > [Cake] - Product Running Guide,,,2025-07-07,policy-table-weak,1,0,,,6919
confluence,144048198,Release Process,Tech: Lending > Partnership products > [Partner] - Viettel Digital (VDS) > [Partner] - [Viettel] Paylater (Ví Trả Sau),,,2024-03-20,gl,0,0,VDS_paylater,paylater,2004
confluence,1441759233,[Lending+DOP] - Sprint 179,Tech: Lending > [Lending] - Sprint planning > 2026 - Years of Lending,,,2026-01-07,ui,0,0,VNP_paylater;MWG_paylater;ZLP_cashloan,,3377
confluence,1444479122,Kiểm soát sau vay - Case Management,Tech: Lending > Lending core systems > [RISK] Kiểm soát sau vay,,,2026-03-09,api,0,0,,,14487
confluence,1451950152,Instalments - Cashloan GL flow,Tech: Lending > Lending core systems > [Lending] - Core Products > [Core][Cake] Instalments > Instalments - Cashloan,,,2026-01-28,policy-table;gl,39,0,VNP_cashloan;CAKE_payday;CAKE_cashloan,cashloan,24673
confluence,145621010,[Partner][NGS] - Cashloan LOS Process,Tech: Lending > Partnership products > [Partner] - NGS > [Partner] - [NGS] NGS Cashloan,,,2024-03-07,policy-table-weak;ui,2,0,NGS_cashloan,cashloan,1914
confluence,145817605,[Partner][NGS] - Payday LOS Process,Tech: Lending > Partnership products > [Partner] - NGS > [Partner] - [NGS] NGS Payday,,,2024-03-07,policy-table-weak;ui,2,0,NGS_cashloan;NGS_payday,payday,1947
confluence,1461322547,[Lending+DOP] - Sprint 180,Tech: Lending > [Lending] - Sprint planning > 2026 - Years of Lending,,,2026-01-21,policy-table-weak;ui,1,0,BE_paylater;MWG_cashloan;VNP_payday,,3890
confluence,1462304856,Instalments - Cashloan - Create Account + Disburse,Tech: Lending > Lending core systems > [Lending] - Core Products > [Core][Cake] Instalments > Instalments - Cashloan,,,2026-03-30,policy-table-weak;gl,1,0,VTPO_cashloan;MISA_cashloan;VPO_cashloan;VT_Cashloan_S;Be_Cashloan;CAKE_cashloan;MWG_cashloan;VNP_cashloan;Viettel_Cashloan;ZLP_cashloan;VPO_cl_pension,cashloan,6054
confluence,1468497949,Instalments - Cashloan - EOD,Tech: Lending > Lending core systems > [Lending] - Core Products > [Core][Cake] Instalments > Instalments - Cashloan,,,2026-03-10,policy-table-weak;gl,1,0,Be_Cashloan;CAKE_cashloan,cashloan,11725
confluence,146931714,[Partner][NGS] - Prescreen Cashloan Process,Tech: Lending > Partnership products > [Partner] - NGS > [Partner] - [NGS] NGS Cashloan,,,2024-03-07,policy-table-weak;ui,2,0,NGS_cashloan,cashloan,1760
confluence,146931960,[Partner][NGS] - Prescreen Payday Process,Tech: Lending > Partnership products > [Partner] - NGS > [Partner] - [NGS] NGS Payday,,,2024-03-07,policy-table-weak;ui,2,0,NGS_payday,payday,1964
confluence,1469775930,Instalments - Cashloan - Repayment & Terminate,Tech: Lending > Lending core systems > [Lending] - Core Products > [Core][Cake] Instalments > Instalments - Cashloan,,,2026-04-09,policy-table-weak;gl,2,0,CAKE_cashloan,cashloan,7157
confluence,1478950928,2026 - KPI monitor,Tech: Lending > Products & business visioning > 2026 - Raise up to 4.000B/Month,,,2026-07-16,gl;ui,0,0,,,4943
confluence,1479114757,[Lending][System] - Product Offering system,Tech: Lending > Lending core systems,,,2026-01-10,other,0,0,,,4758
confluence,1479180311,[Lending][Offering] - MVP1 Current rule,Tech: Lending > Lending core systems > [Lending][System] - Product Offering system,,,2026-01-14,other,0,0,VTPO_cashloan;MISA_cashloan;VDS_paylater;VDS_paylater_epass;BE_paylater;VNP_paylater;ZLP_payday;VPO_cashloan;VNHUB_cashloan;FPT_paylater;CAKE_cashloan;MWG_cashloan;VNP_cashloan;Viettel_Cashloan;ZLP_cashloan,,9079
confluence,148996342,[Partner][NGS] - NGS Payday APIs Spec,Tech: Lending > Partnership products > [Partner] - NGS > [Partner] - [NGS] NGS Payday,,,2024-03-11,ui,0,0,NGS_payday,payday,2899
confluence,1520664612,[Lending+DOP] - Sprint 181,Tech: Lending > [Lending] - Sprint planning > 2026 - Years of Lending,,,2026-02-05,ui,0,0,BE_paylater;ZLP_payday;VPO_cashloan;Be_Cashloan;Viettel_Cashloan;VPO_cl_pension,,4553
confluence,1527447615,Instalments - Cashloan - Migration plan,Tech: Lending > Lending core systems > [Lending] - Core Products > [Core][Cake] Instalments > Instalments - Cashloan,,,2026-01-22,other,0,0,CAKE_cashloan,cashloan,1293
confluence,15368201,[Partner] - [Viettel] Payroll - Cashloan 2 (VTL),Tech: Lending > Partnership products > [Partner] - Viettel Digital (VDS),,,2025-04-18,policy-table,6,0,VT_Cashloan_S,cashloan,2314
confluence,15368221,[Partner][Viettel] - Cashloan 2 - Product Policy (Vay trên lương),Tech: Lending > Partnership products > [Partner] - Viettel Digital (VDS) > [Partner] - [Viettel] Payroll - Cashloan 2 (VTL),,,2024-07-22,policy-table;gl;ui,18,0,VT_Cashloan_S,cashloan,13527
confluence,15368258,[Partner][Viettel] - Cashloan 2 API Mock,Tech: Lending > Partnership products > [Partner] - Viettel Digital (VDS) > [Partner] - [Viettel] Payroll - Cashloan 2 (VTL),,,2023-12-25,policy-table;ui,3,0,VT_Cashloan_S,cashloan,3883
confluence,15368446,[Partner][Viettel] - Cashloan 2 - Contract data,Tech: Lending > Partnership products > [Partner] - Viettel Digital (VDS) > [Partner] - [Viettel] Payroll - Cashloan 2 (VTL) > [Partner][Viettel] - Cashloan 2 API Mock,,,2023-12-25,policy-table,4,0,VT_Cashloan_S,cashloan,10213
confluence,15368480,[Partner][Viettel] -  Cashloan 2 - Disbursement,Tech: Lending > Partnership products > [Partner] - Viettel Digital (VDS) > [Partner] - [Viettel] Payroll - Cashloan 2 (VTL),,,2023-12-25,ui,0,0,VT_Cashloan_S,cashloan,5494
confluence,15368546,[Partner][Viettel] -  Cashloan 2 - Interest recalculator,Tech: Lending > Partnership products > [Partner] - Viettel Digital (VDS) > [Partner] - [Viettel] Payroll - Cashloan 2 (VTL),,,2023-12-25,policy-table;gl,10,0,VT_Cashloan_S,cashloan,4479
confluence,15368573,[Partner][Viettel] -  Cashloan 2 - Repayment,Tech: Lending > Partnership products > [Partner] - Viettel Digital (VDS) > [Partner] - [Viettel] Payroll - Cashloan 2 (VTL),,,2023-12-25,policy-table-weak;gl;ui,1,0,VT_Cashloan_S,cashloan,19131
confluence,15368632,[Partner][Viettel] -  Cashloan 2 - Accounting Flow,Tech: Lending > Partnership products > [Partner] - Viettel Digital (VDS) > [Partner] - [Viettel] Payroll - Cashloan 2 (VTL),,,2023-12-25,policy-table;gl,22,0,VT_Cashloan_S,cashloan,11904
confluence,15368650,[Partner][Viettel] - Cashloan 2 - Notifications (Draft),Tech: Lending > Partnership products > [Partner] - Viettel Digital (VDS) > [Partner] - [Viettel] Payroll - Cashloan 2 (VTL),,,2023-12-25,policy-table-weak;api;gl,1,0,VT_Cashloan_S,cashloan,3746
confluence,15368670,[Partner][Viettel] -  Cashloan 2 - Accrual report,Tech: Lending > Partnership products > [Partner] - Viettel Digital (VDS) > [Partner] - [Viettel] Payroll - Cashloan 2 (VTL),,,2023-12-25,other,0,0,VT_Cashloan_S,cashloan,1866
confluence,1539473419,[Lending][Risk] - Risk Orchestration Engine,Tech: Lending > LOS/RISK platform,,,2026-02-02,ui,0,0,,,6103
confluence,1547894878,Be_Cashloan,Tech: Lending > Lending core systems > [Lending] - Core Products > [Core][Cake] Instalments > Instalments - Cashloan > Instalments - Cashloan GL flow,,,2026-03-05,other,0,0,Be_Cashloan,cashloan,550
confluence,1554743303,[Lending] - Tuân thủ,Tech: Lending > Lending core systems,,,2026-01-29,other,0,0,,,413
confluence,1555136555,[Partner] - [MWG] sFTP Connect Information,Tech: Lending > Partnership products > [Partner] - Mobile World Group (MWG),,,2026-03-27,other,0,0,,,2635
confluence,1555464204,[Lending] - Tuân thủ TT64,Tech: Lending > Lending core systems > [Lending] - Tuân thủ,,,2026-06-22,policy-table-weak,1,0,,,2194
confluence,155615233,[Partner][NGS] - NGS Payday Contract,Tech: Lending > Partnership products > [Partner] - NGS > [Partner] - [NGS] NGS Payday,,,2024-03-15,policy-table,3,0,NGS_payday,payday,11022
confluence,155615268,[Partner][NGS] - NGS Cashloan Contract,Tech: Lending > Partnership products > [Partner] - NGS > [Partner] - [NGS] NGS Cashloan,,,2024-04-03,policy-table,3,0,NGS_cashloan,cashloan,10938
confluence,15696050,[Partner][Viettel] -  Cashloan 2 - LOS,Tech: Lending > Partnership products > [Partner] - Viettel Digital (VDS) > [Partner] - [Viettel] Payroll - Cashloan 2 (VTL),,,2023-12-25,other,0,0,VT_Cashloan_S,cashloan,1302
confluence,1570209916,2026 - Years of Lending,Tech: Lending > [Lending] - Sprint planning,,,2026-09-08,other,0,0,CAKE_overdraft_TD,,2702
confluence,1570209934,[Lending+DOP] - Sprint 182,Tech: Lending > [Lending] - Sprint planning > 2026 - Years of Lending,,,2026-02-25,ui,0,0,Be_Cashloan;CAKE_cashloan;MWG_cashloan,,4402
confluence,1575747639,[Loan] Disburse >100 mil,Tech: Lending > Lending core systems > [Lending] - Core Products,,,2026-02-09,ui,0,0,,,1384
confluence,1575878832,Postmortem: Missing ~25k Paylater Statement on 21/1/2026,Tech: Lending > Products & business visioning > Product Postmortem,,,2026-08-07,gl,0,0,,paylater,3584
confluence,158138369,[CAKE][Lending] - Sprint 133,Tech: Lending > [Lending] - Sprint planning > 2024 - Years of Lending > 2024 - First Half,,,2024-04-01,other,0,0,NGS_cashloan,,2629
confluence,1584234825,[Lending][DOP] - CashWithdraw,Tech: Lending > Guideline > [Cake] - Product Running Guide > [Cake][Guideline] - Product Ticket,,,2026-02-09,policy-table-weak;policy-prose;gl;ui,2,2,,,5819
confluence,1585578355,ICE - Cashloan - Migration,Tech: Lending > Lending core systems > [Lending] - Core Products > [Cashloan] - Product document specs > [ICE] Cake - Cashloan,,,2026-03-05,policy-table-weak;gl,2,0,Be_Cashloan;VNP_cashloan;CAKE_cashloan,cashloan,8806
confluence,1586168300,[Ticket][DOP] - Installment,Tech: Lending > Guideline > [Cake] - Product Running Guide > [Cake][Guideline] - Product Ticket,,,2026-09-26,policy-table;policy-prose;ui,4,2,,,7519
confluence,1587740860,[Partner][MWG_cl_online] - Product Policy,Tech: Lending > Partnership products > [Partner] - Mobile World Group (MWG) > [Partner][MWG] MWG_cl_online,,,2026-02-09,policy-table,6,0,MWG_cl_online;MWG_cashloan,cashloan,1348
confluence,1587839158,[Partner][MWG] MWG_cl_online,Tech: Lending > Partnership products > [Partner] - Mobile World Group (MWG),,,2026-02-09,ui,0,0,MWG_cl_online;MWG_cashloan,cashloan,1967
confluence,1591246855,Portfolio projects report,Tech: Lending,,,2026-02-10,other,0,0,,,415
confluence,1594032136,📊 Sprint 183 - 185,Tech: Lending > Portfolio projects report,,,2026-02-10,other,0,0,,,4174
confluence,1594032149,Template,Tech: Lending > Portfolio projects report,,,2026-03-04,other,0,0,,,4008
confluence,1600978945,VNP_cashloan,Tech: Lending > Lending core systems > [Lending] - Core Products > [Core][Cake] Instalments > Instalments - Cashloan > Instalments - Cashloan GL flow,,,2026-03-02,other,0,0,VNP_cashloan,cashloan,539
confluence,1612120102,[Cake][Guideline] Split product config,Tech: Lending > Guideline > [Cake] - Product Running Guide,,,2026-07-07,gl;ui,0,0,,,3805
confluence,161317037,[Partner][Viettel] - Statement + DPD,Tech: Lending > Partnership products > [Partner] - Viettel Digital (VDS) > [Partner] - [Viettel] Paylater (Ví Trả Sau) > [Partner][Viettel] - Paylater - Core v1 (without Interest),,,2024-04-29,policy-table-weak;api;gl,2,1,VDS_paylater,paylater,9874
confluence,1614807095,Instalments - Cashloan - Accounting state,Tech: Lending > Lending core systems > [Lending] - Core Products > [Core][Cake] Instalments > Instalments - Cashloan,,,2026-02-25,other,0,0,CAKE_cashloan,cashloan,3170
confluence,16154625,[CAKE][Lending] - Sprint 118,Tech: Lending > [Lending] - Sprint planning > 2023 - Years of Lending > 2023 - Second Half,,,2023-08-08,other,0,0,VT_Cashloan_S,,2680
confluence,1615921242,[Partner][MWG_cl_online] - Repayment,Tech: Lending > Partnership products > [Partner] - Mobile World Group (MWG) > [Partner][MWG] MWG_cl_online,,,2026-03-09,gl;ui,0,0,MWG_cl_online;MWG_cashloan,cashloan,10220
confluence,1616281613,[Partner][MWG_cl_online] - Disbursement,Tech: Lending > Partnership products > [Partner] - Mobile World Group (MWG) > [Partner][MWG] MWG_cl_online,,,2026-03-23,ui,0,0,MWG_cl_online;MWG_cashloan,cashloan,4033
confluence,1617461253,[Lending][Alert] - LOS,Tech: Lending > Lending core systems > [Lending] - Alert Flow  - Microsoft Teams Integration,,,2026-03-12,other,0,0,,,5775
confluence,1618280477,[Rule Engine] Pulse Transaction,Tech: Lending > LOS/RISK platform > [Rule Engine] - Product onboarding pre-check process,,,2026-07-09,policy-table;api;gl;ui,3,0,MWG_paylater,,11680
confluence,1621753860,[VPB] - SFTP File Ingestion to BigQuery,Tech: Lending > The knowledge dictionary,,,2026-06-16,policy-table;api;gl,9,0,,,7203
confluence,1624997914,[Lending+DOP] - Sprint 183,Tech: Lending > [Lending] - Sprint planning > 2026 - Years of Lending,,,2026-03-06,policy-table-weak;gl;ui,1,0,CAKE_cashloan,,5123
confluence,1628897281,[Rule Engine] Pulse Onboarding,Tech: Lending > LOS/RISK platform > [Rule Engine] - Product onboarding pre-check process,,,2026-02-28,gl;ui,0,0,,,5600
confluence,162955530,[Partner][NGS] - Payday - Disbursement,Tech: Lending > Partnership products > [Partner] - NGS > [Partner] - [NGS] NGS Payday,,,2024-03-26,other,0,0,NGS_payday,payday,1987
confluence,162955573,[Partner][NGS] - Payday - Product Policy,Tech: Lending > Partnership products > [Partner] - NGS > [Partner] - [NGS] NGS Payday,,,2024-03-26,policy-table,6,1,NGS_payday,payday,2734
confluence,1630765386,Weekly update template,Tech: Lending > Portfolio projects report,,,2026-03-09,other,0,0,,,2634
confluence,163414029,[Partner][NGS] - Payday - Repayment and Auto_Collection,Tech: Lending > Partnership products > [Partner] - NGS > [Partner] - [NGS] NGS Payday,,,2024-03-26,policy-table;ui,5,0,VT_Payday_S;NGS_payday,payday,5925
confluence,163414075,[Partner][NGS] - Payday - Accrual report,Tech: Lending > Partnership products > [Partner] - NGS > [Partner] - [NGS] NGS Payday,,,2024-03-26,other,0,0,NGS_payday,payday,1017
confluence,1637220354,[Product][DOP] - LoanDetail,Tech: Lending > Guideline > [Cake] - Product Running Guide > [Cake][Guideline] - Product Ticket,,,2026-09-28,policy-table-weak;api;ui,2,0,,,13721
confluence,164397075,[Partner][NGS] -  Cashloan - Product Policy,Tech: Lending > Partnership products > [Partner] - NGS > [Partner] - [NGS] NGS Cashloan,,,2024-07-22,policy-table;gl;ui,15,0,NGS_cashloan,cashloan,9853
confluence,164397111,[Partner][NGS] - Cashloan - Accrual report,Tech: Lending > Partnership products > [Partner] - NGS > [Partner] - [NGS] NGS Cashloan,,,2024-03-27,other,0,0,NGS_cashloan,cashloan,1675
confluence,164823041,[Partner][NGS] -  Cashloan - Disbursement,Tech: Lending > Partnership products > [Partner] - NGS > [Partner] - [NGS] NGS Cashloan,,,2024-03-27,ui,0,0,NGS_cashloan,cashloan,2920
confluence,164823107,[Partner][NGS] -  Cashloan - Repayment,Tech: Lending > Partnership products > [Partner] - NGS > [Partner] - [NGS] NGS Cashloan,,,2024-04-01,gl;ui,0,0,NGS_cashloan,cashloan,10751
confluence,1659306073,BE Paylater Installment — Developer Guide,Tech: Lending,,,2026-03-12,policy-table;api;gl;ui,3,0,BE_paylater;VNP_paylater,paylater,18759
confluence,1660485989,[Lending+DOP] - Sprint 184,Tech: Lending > [Lending] - Sprint planning > 2026 - Years of Lending,,,2026-04-09,policy-table-weak;ui,2,0,VDS_paylater;MWG_cashloan;PD_Viettel,,3776
confluence,1663402281,[CAKE_cl_affiliate] One-Page Brief — Triển khai luồng D.O.P trên Website,Tech: Lending > Partnership products > [Partner] - Cake Internal Product,,,2026-04-23,policy-table;gl;ui,8,0,CAKE_cashloan;CAKE_cl_affiliate,cashloan,18549
confluence,1669398530,[CAKE] - DOP Event Tracking,Tech: Lending > Lending core systems > [Lending][UI/UX] - Update,,,2026-04-29,ui,0,0,CAKE_cl_affiliate,,6844
confluence,1671495714,ICE Cashloan -  Data mart,Tech: Lending > Lending core systems > [Lending] - Core Products > [Cashloan] - Product document specs > [ICE] Cake - Cashloan,,,2026-05-06,policy-table-weak;api;gl,1,0,Viettel_Cashloan;CAKE_cashloan,cashloan,21494
confluence,1683521587,[CORE] Cross-Account Transfer — Architecture Design,Tech: Lending > Lending core systems,,,2026-03-23,api;gl,0,0,,,47112
confluence,1688502280,E-contract Superset Dashboard,Tech: Lending > Lending core systems > [Cake][Esign] - Esign Contract Process,,,2026-05-25,other,0,0,,,2663
confluence,1692500012,[DOP] Trắng màn hình do timeout DOP,Tech: Lending > Guideline > [Cake] - Product Running Guide > Template - Meeting notes,,,2026-03-26,ui,0,0,,,4373
confluence,170360833,[CAKE][Lending] - Sprint 134,Tech: Lending > [Lending] - Sprint planning > 2024 - Years of Lending > 2024 - First Half,,,2024-04-05,other,0,0,,,2789
confluence,1705148919,[Lending+] - Sprint 185,Tech: Lending > [Lending] - Sprint planning > 2026 - Years of Lending,,,2026-04-11,gl;ui,0,0,Be_Cashloan;CAKE_cashloan;MWG_paylater;PD_Viettel;VNP_cashloan;CAKE_cl_affiliate,,7654
confluence,1710882851,Regression test,Tech: Lending > Lending core systems > [Lending] - Core Products > [Core][Cake] Instalments > Instalments - Cashloan,,,2026-06-25,gl,0,0,MISA_cashloan;NGS_cashloan;CAKE_cashloan,cashloan,8476
confluence,1718157325,[OD] - ICE,Tech: Lending > Lending core systems > [Lending] - Core Products > [Overdraft] - The new short loan product,,,2026-03-30,other,0,0,CAKE_overdraft,od,474
confluence,1718353924,OD Onboarding & UI States — Functional Spec,Tech: Lending > Lending core systems > [Lending] - Core Products > [Overdraft] - The new short loan product > [OD] - ICE,,,2026-03-30,policy-table-weak;gl;ui,1,0,CAKE_overdraft,od,11225
confluence,1718452225,OD Core Logic — Review Cheatsheet,Tech: Lending > Lending core systems > [Lending] - Core Products > [Overdraft] - The new short loan product > [OD] - ICE,,,2026-03-30,policy-table-weak;gl,2,0,CAKE_overdraft,od,5302
confluence,1718452249,OD Core Logic — ICE & LMS-BE Functional Spec,Tech: Lending > Lending core systems > [Lending] - Core Products > [Overdraft] - The new short loan product > [OD] - ICE,,,2026-06-16,policy-table;policy-prose;gl;ui,21,6,CAKE_payday,od,62712
confluence,1718452276,[OD] Mambu solution,Tech: Lending > Lending core systems > [Lending] - Core Products > [Overdraft] - The new short loan product,,,2026-03-30,other,0,0,CAKE_overdraft,od,501
confluence,1733656578,[Lending+] - Sprint 186,Tech: Lending > [Lending] - Sprint planning > 2026 - Years of Lending,,,2026-04-24,policy-table-weak;gl;ui,1,0,CAKE_overdraft_TD;PD_Viettel;ZLP_cashloan;CAKE_payday;VPO_cl_pension,,6118
confluence,173375987,Highlevel design and architecture,Tech: Lending > Partnership products > [Partner] - CAKE OPEN BANK API,,,2024-04-07,other,0,0,,,3946
confluence,1742602297,ICE — New Cashloan Product Setup Guide,Tech: Lending > Lending core systems > [Lending] - Core Products > [Core][Cake] Instalments > Instalments - Cashloan,,,2026-04-13,policy-table;gl,5,0,VTPO_cashloan;MISA_cashloan;MWG_cl_online;VPO_cashloan;NGS_cashloan;VT_Cashloan_S;Be_Cashloan;CAKE_cashloan;MWG_cashloan;VNP_cashloan;Viettel_Cashloan;ZLP_cashloan;CAKE_cl_affiliate;VPO_cl_pension,cashloan,12582
confluence,1743683631,Cashloan — Loan Drawdown Account Migration: Mambu → ICE,Tech: Lending > Lending core systems > [Lending] - Core Products > [Core][Cake] Instalments > Instalments - Cashloan,,,2026-04-09,policy-table;gl,6,0,MISA_cashloan;VPO_cashloan;VT_Cashloan_S;Be_Cashloan;CAKE_cashloan;MWG_cashloan;VNP_cashloan;Viettel_Cashloan;ZLP_cashloan;VPO_cl_pension,cashloan,10562
confluence,1743880354,Precheck Flow - Check profiles by phone,Tech: Lending > LOS/RISK platform > [Rule Engine] - Product onboarding pre-check process,,,2026-04-24,gl;ui,0,0,Viettel_Cashloan,,8701
confluence,1745059892,Cashloan — Termination Fee Migration: LMS/Mambu → ICE,Tech: Lending > Lending core systems > [Lending] - Core Products > [Core][Cake] Instalments > Instalments - Cashloan,,,2026-04-09,policy-table-weak;gl,1,0,MISA_cashloan;VPO_cashloan;VT_Cashloan_S;Be_Cashloan;CAKE_cashloan;MWG_cashloan;VNP_cashloan;Viettel_Cashloan;ZLP_cashloan;VPO_cl_pension,cashloan,7129
confluence,1746468865,Xử lý sự cố,Tech: Lending > Personal documents > Dũng Phạm,,,2026-09-14,ui,0,0,,,2188
confluence,1756495943,[LOS] - API Lending Information Between Cake and VPBank,Tech: Lending > LOS/RISK platform > [Lending][LOS] - LOAN DECISION SYSTEM,,,2026-04-15,api,0,0,,,6565
confluence,1761083441,[Lending] Disburse + Repayment via Corp account,Tech: Lending > Lending core systems,,,2026-04-15,policy-table-weak,2,0,VNP_paylater;FPT_paylater;VNP_cashloan;VNP_payday,,2140
confluence,1764884484,OD — Mambu to ICE Migration,Tech: Lending > Lending core systems > [Lending] - Core Products > [Overdraft] - The new short loan product > [OD] - ICE,,,2026-05-19,policy-table;gl,6,1,CAKE_overdraft,od,18341
confluence,176881697,[Lending][Data] - Datanest for credit scoring,Tech: Lending > LOS/RISK platform > [Lending][DC] - Scoring Service (SAAS - Score as a service),,,2024-11-05,gl;ui,0,0,,,4478
confluence,1770225925,MWG - Payday - GL,Tech: Lending > Lending core systems > [Lending] - Core Products > [Payday] - Product document specs > Ice - Payday,,,2026-04-21,policy-table;gl,9,0,MWG_payday,payday,10030
confluence,177143813,[Partner][Viettel] - Paylater - Core v2 (Interest & Penalty calculation),Tech: Lending > Partnership products > [Partner] - Viettel Digital (VDS) > [Partner] - [Viettel] Paylater (Ví Trả Sau),,,2024-07-15,policy-table-weak;gl;ui,1,0,VDS_paylater,paylater,8153
confluence,1774879223,[Partner][MWG] MWG_payday,Tech: Lending > Partnership products > [Partner] - Mobile World Group (MWG),,,2026-04-23,ui,0,0,MWG_cl_online;MWG_payday,payday,1512
confluence,1774879256,[Partner][MWG_payday] - Product Policy,Tech: Lending > Partnership products > [Partner] - Mobile World Group (MWG) > [Partner][MWG] MWG_payday,,,2026-09-15,policy-table,3,0,MWG_payday,payday,1452
confluence,1774879278,[Partner][MWG_payday] - Disbursement,Tech: Lending > Partnership products > [Partner] - Mobile World Group (MWG) > [Partner][MWG] MWG_payday,,,2026-05-06,policy-prose;gl;ui,0,4,MWG_payday,payday,4982
confluence,1774879333,[Partner][MWG_payday] - Repayment,Tech: Lending > Partnership products > [Partner] - Mobile World Group (MWG) > [Partner][MWG] MWG_payday,,,2026-04-28,gl,0,0,MWG_payday,payday,3414
confluence,1781858305,[Product][DOP] - Repayment VAN,Tech: Lending > Guideline > [Cake] - Product Running Guide > [Cake][Guideline] - Product Ticket,,,2026-09-11,ui,0,0,,,2908
confluence,178388994,[Partner] - [MWG] MWG Cashloan,Tech: Lending > Partnership products > [Partner] - Mobile World Group (MWG),,,2025-04-03,policy-table;ui,5,0,MWG_cashloan,cashloan,3459
confluence,178454543,[Partner] - Mobile World Group (MWG),Tech: Lending > Partnership products,,,2024-10-28,other,0,0,,,600
confluence,178454561,[Partner] - [BeG] Be Paylater (Ví trả sau be),Tech: Lending > Partnership products > [Partner] - beGroup by VPBANK,,,2025-05-13,ui,0,0,BE_paylater,paylater,2552
confluence,178881125,[DOP] - DOP FE Integration guideline,Tech: Lending > Digital onboarding platform,,,2024-11-04,other,0,0,,,703
confluence,1789100044,[Lending+] - Sprint 187,Tech: Lending > [Lending] - Sprint planning > 2026 - Years of Lending,,,2026-05-19,policy-table-weak;ui,1,0,CAKE_payday,,6261
confluence,179175426,[Partner][Viettel] -  Cashloan LP - Disbursement,Tech: Lending > Partnership products > [Partner] - Viettel Digital (VDS) > [Partner] - [Viettel] Landing page VT Cashloan (Mass),,,2024-04-19,other,0,0,NGS_cashloan;VDS_cashloan_LP,cashloan,3279
confluence,179175470,[Partner][Viettel] -  Cashloan LP - Repayment,Tech: Lending > Partnership products > [Partner] - Viettel Digital (VDS) > [Partner] - [Viettel] Landing page VT Cashloan (Mass),,,2024-05-02,gl;ui,0,0,NGS_cashloan;VDS_cashloan_LP,cashloan,10687
confluence,179306497,[Partner][Viettel] - Cashloan LP - Accrual report,Tech: Lending > Partnership products > [Partner] - Viettel Digital (VDS) > [Partner] - [Viettel] Landing page VT Cashloan (Mass),,,2024-04-14,other,0,0,VDS_cashloan_LP,cashloan,1759
confluence,179372174,[External] Integration Document,Tech: Lending > Digital onboarding platform > [DOP] - DOP FE Integration guideline,,,2024-04-15,ui,0,0,,,4584
confluence,179405052,[Internal] UI Integration Document,Tech: Lending > Digital onboarding platform > [DOP] - DOP FE Integration guideline,,,2024-12-05,api;ui,0,0,,,10320
confluence,1794801685,sFTP Connect Information,Tech: Lending > Partnership products > [Partner] - Common for all partner products,,,2026-06-30,other,0,0,,,2990
confluence,179601414,[Partner][VDS] - VDS DOP Cashloan Contract,Tech: Lending > Partnership products > [Partner] - Viettel Digital (VDS) > [Partner] - [Viettel] Landing page VT Cashloan (Mass),,,2024-04-15,policy-table,3,0,Viettel_Cashloan,cashloan,11009
confluence,1806237851,Cashloan Onboarding Flow — Overview for Newcomers,Tech: Lending > Personal documents > Kiện Nguyễn,,,2026-05-05,api;gl;ui,0,0,,cashloan,9302
confluence,1806827581,OD Migration checklist,Tech: Lending > Lending core systems > [Lending] - Core Products > [Overdraft] - The new short loan product > [OD] - ICE > OD — Mambu to ICE Migration,,,2026-07-07,gl,0,0,CAKE_overdraft,od,2167
confluence,1807024298,KLP Cashloan — Technical Implementation Plan,Tech: Lending > Personal documents > Kiện Nguyễn,,,2026-06-23,policy-table;policy-prose;gl;ui,3,3,VNHUB_cashloan;KLP_cashloan,cashloan,34767
confluence,1807908973,[Rule Engine] Pre-check Portal,Tech: Lending > LOS/RISK platform,,,2026-07-29,policy-table-weak;api;gl;ui,2,0,CAKE_cashloan;Viettel_Cashloan,,28863
confluence,1808990809,[Lending+] - Sprint 188,Tech: Lending > [Lending] - Sprint planning > 2026 - Years of Lending,,,2026-05-25,policy-table-weak;ui,1,0,CAKE_overdraft_TD,,6124
confluence,1816100896,[Partner][KLP] KLP_cashloan,Tech: Lending > Partnership products > [Partner] - KLP,,,2026-05-13,gl;ui,0,0,KLP_cashloan,cashloan,1733
confluence,1816657993,[Partner] - KLP,Tech: Lending > Partnership products,,,2026-05-29,other,0,0,,,399
confluence,1819934747,OD In-App Flow (Mobile) — Post-ICE Migration,Tech: Lending > Lending core systems > [Lending] - Core Products > [Overdraft] - The new short loan product,,,2026-05-12,policy-table;api;gl;ui,5,0,CAKE_overdraft,od,9166
confluence,1823441194,[Partner][KLP_cashloan] - Disbursement,Tech: Lending > Partnership products > [Partner] - KLP > [Partner][KLP] KLP_cashloan,,,2026-05-13,other,0,0,KLP_cashloan,cashloan,3126
confluence,1823572040,[Partner][KLP_cashloan] - Product Policy,Tech: Lending > Partnership products > [Partner] - KLP > [Partner][KLP] KLP_cashloan,,,2026-05-31,policy-table,5,0,KLP_cashloan,cashloan,3458
confluence,1823736256,[Partner][KLP_cashloan] - Repayment,Tech: Lending > Partnership products > [Partner] - KLP > [Partner][KLP] KLP_cashloan,,,2026-05-14,gl,0,0,KLP_cashloan,cashloan,7351
confluence,1833173005,Cashloan phase 2,Tech: Lending > Lending core systems > [Lending] - Core Products > [Cashloan] - Product document specs > [ICE] Cake - Cashloan > ICE - Cashloan - Migration,,,2026-05-19,gl,0,0,CAKE_cashloan,cashloan,1895
confluence,1833697315,[CAKE] - Cake OD v2,Tech: Lending > Partnership products > [Partner] - Cake Internal Product,,,2026-07-09,policy-table;api;gl;ui,18,0,CAKE_overdraft_TD;CAKE_overdraft,od,16574
confluence,1843462335,Risk BRD - Precheck portal,Tech: Lending > LOS/RISK platform > [Rule Engine] Pre-check Portal,,,2026-05-22,gl;ui,0,0,CAKE_cashloan;MWG_paylater;ZLP_cashloan;CAKE_payday,,15619
confluence,1849622529,[Lending+] - Sprint 189,Tech: Lending > [Lending] - Sprint planning > 2026 - Years of Lending,,,2026-06-18,policy-table-weak;ui,1,0,CAKE_overdraft_TD;MWG_cl_online;CAKE_cashloan;MWG_paylater;VPO_cl_pension,,7212
confluence,185171988,[Paylater] - Product Policy Comparison,Tech: Lending > Partnership products > [Partner] - Viettel Digital (VDS) > [Partner] - [Viettel] Paylater (Ví Trả Sau),,,2024-04-21,policy-table,7,0,VDS_paylater;BE_paylater,paylater,4059
confluence,185172029,[Lending] - IPs of CAKE,Tech: Lending > The knowledge dictionary,,,2026-04-13,other,0,0,,,2504
confluence,185172115,[CAKE][Lending] - Sprint 135,Tech: Lending > [Lending] - Sprint planning > 2024 - Years of Lending > 2024 - First Half,,,2024-04-24,other,0,0,BE_paylater,,2669
confluence,1855684613,Risk Opr,Tech: Lending > LOS/RISK platform,,,2026-06-01,ui,0,0,,,1872
confluence,1861025793,[Partner] - MBF,Tech: Lending > Partnership products,,,2026-05-31,other,0,0,,,399
confluence,1861025824,[Partner][MBF] mbf_cashloan,Tech: Lending > Partnership products > [Partner] - MBF,,,2026-07-06,other,0,0,MBF_cashloan,cashloan,1582
confluence,1861025856,[Partner][MBF_cashloan] - Product Policy,Tech: Lending > Partnership products > [Partner] - MBF > [Partner][MBF] mbf_cashloan,,,2026-06-24,policy-table,9,1,MBF_cashloan,cashloan,2551
confluence,1861025881,[Partner][MBF_cashloan] - Disbursement,Tech: Lending > Partnership products > [Partner] - MBF > [Partner][MBF] mbf_cashloan,,,2026-07-07,other,0,0,MBF_cashloan,cashloan,3125
confluence,1861025931,[Partner][MBF_cashloan] - Repayment,Tech: Lending > Partnership products > [Partner] - MBF > [Partner][MBF] mbf_cashloan,,,2026-07-07,gl,0,0,MISA_cashloan;MBF_cashloan,cashloan,11155
confluence,1861943363,Od - Functional Specification for OD Block TD Core Feature,Tech: Lending > Lending core systems > [Lending] - Core Products > [Overdraft] - The new short loan product > [OD] - ICE,,,2026-06-23,policy-table-weak;policy-prose;gl;ui,2,2,CAKE_overdraft_TD,od,29764
confluence,186744891,[Partner][MWG] - MWG Cashloan Contract,Tech: Lending > Partnership products > [Partner] - Mobile World Group (MWG) > [Partner] - [MWG] MWG Cashloan,,,2024-04-23,policy-table,3,0,MWG_cashloan,cashloan,10728
confluence,186777604,[Partner][BEG] - BePaylater LOS Process,Tech: Lending > Partnership products > [Partner] - beGroup by VPBANK > [Partner] - [BeG] Be Paylater (Ví trả sau be),,,2024-04-23,policy-table-weak;ui,2,0,BE_paylater;NGS_cashloan,paylater,1713
confluence,186810605,[Partner][MWG] - Cashloan LOS Process,Tech: Lending > Partnership products > [Partner] - Mobile World Group (MWG) > [Partner] - [MWG] MWG Cashloan,,,2024-04-23,policy-table-weak;ui,2,0,NGS_cashloan;MWG_cashloan,cashloan,1877
confluence,1874395236,RFC: Loan Journey Portal,Tech: Lending > Personal documents > Nghi,,,2026-06-05,ui,0,0,,,8567
confluence,1878130751,[Partner][BeG] be_payday,Tech: Lending > Partnership products > [Partner] - beGroup by VPBANK,,,2026-06-07,other,0,0,BE_payday,payday,1348
confluence,1878196240,[Partner][be_payday] - Product Policy,Tech: Lending > Partnership products > [Partner] - beGroup by VPBANK > [Partner][BeG] be_payday,,,2026-06-07,policy-table,8,0,BE_payday,payday,3173
confluence,1885340038,[Partner][BE_payday] - Repayment,Tech: Lending > Partnership products > [Partner] - beGroup by VPBANK > [Partner][BeG] be_payday,,,2026-06-10,gl,0,0,BE_payday,payday,3159
confluence,1885700097,[Lending+] - Sprint 190,Tech: Lending > [Lending] - Sprint planning > 2026 - Years of Lending,,,2026-07-06,ui,0,0,CAKE_overdraft_TD;MWG_paylater,,6710
confluence,1885700379,[Partner][BE_payday] - Disbursement,Tech: Lending > Partnership products > [Partner] - beGroup by VPBANK > [Partner][BeG] be_payday,,,2026-06-10,policy-prose;gl;ui,0,2,BE_payday,payday,2834
confluence,1887731713,BE- Payday - GL,Tech: Lending > Lending core systems > [Lending] - Core Products > [Payday] - Product document specs > Ice - Payday,,,2026-06-10,policy-table;gl,7,0,BE_payday,payday,8718
confluence,1890746500,Loan-Payment: cake-pas integration,Tech: Lending > Lending core systems > [Lending] - Core Products > cake-pas integration,,,2026-06-16,gl,0,0,,,31184
confluence,189169784,[Partner][MWG] -  Cashloan - Disbursement,Tech: Lending > Partnership products > [Partner] - Mobile World Group (MWG) > [Partner] - [MWG] MWG Cashloan,,,2025-11-28,ui,0,0,MWG_cashloan,cashloan,4036
confluence,189169828,[Partner][MWG] -  Cashloan - Repayment,Tech: Lending > Partnership products > [Partner] - Mobile World Group (MWG) > [Partner] - [MWG] MWG Cashloan,,,2024-09-30,gl;ui,0,0,MWG_cashloan,cashloan,10021
confluence,189300737,[Partner][MWG] -  Cashloan - Product Policy,Tech: Lending > Partnership products > [Partner] - Mobile World Group (MWG) > [Partner] - [MWG] MWG Cashloan,,,2026-03-17,policy-table;gl;ui,20,0,MWG_cashloan,cashloan,11595
confluence,189300776,[Partner][MWG] - Cashloan - Accrual report,Tech: Lending > Partnership products > [Partner] - Mobile World Group (MWG) > [Partner] - [MWG] MWG Cashloan,,,2024-10-28,other,0,0,MWG_cashloan,cashloan,1792
confluence,1901396012,LMS: replace direct mambu call with cake-pas,Tech: Lending > Lending core systems > [Lending] - Core Products > cake-pas integration,,,2026-06-16,other,0,0,ZLP_payday;VPO_cashloan;Be_Cashloan;VNP_cashloan;ZLP_cashloan;VNP_payday;VPO_cl_pension,,23868
confluence,190611485,[CAKE][Lending] - Sprint 136,Tech: Lending > [Lending] - Sprint planning > 2024 - Years of Lending > 2024 - First Half,,,2024-05-03,other,0,0,BE_paylater,,2533
confluence,190611564,[BEG][Paylater] - Product Policy,Tech: Lending > Partnership products > [Partner] - beGroup by VPBANK > [Partner] - [BeG] Be Paylater (Ví trả sau be),,,2025-06-25,policy-table,7,0,VDS_paylater;BE_paylater,paylater,3875
confluence,190611602,[Partner][BEG] - Paylater - Repayment,Tech: Lending > Partnership products > [Partner] - beGroup by VPBANK > [Partner] - [BeG] Be Paylater (Ví trả sau be),,,2024-05-14,policy-table;gl,6,0,BE_paylater,paylater,13502
confluence,1906311309,[Core][accountv2] - Test Payday,Tech: Lending > Lending core systems > [Lending] - Core Products > [Core] Update debit/credit directions - v2,,,2026-06-18,gl,0,0,,payday,10357
confluence,1906802821,[Core] Update debit/credit directions - v2,Tech: Lending > Lending core systems > [Lending] - Core Products,,,2026-06-18,gl,0,0,,,1820
confluence,190742575,[Partner][BEG] - Paylater - Disbursement,Tech: Lending > Partnership products > [Partner] - beGroup by VPBANK > [Partner] - [BeG] Be Paylater (Ví trả sau be),,,2024-05-06,policy-prose;gl;ui,0,2,BE_paylater,paylater,3730
confluence,190742659,[Partner] - VNPAY Group,Tech: Lending > Partnership products,,,2024-05-06,other,0,0,,,571
confluence,190742680,[Partner] - [VNPAY] Paylater (Ví Trả Sau),Tech: Lending > Partnership products > [Partner] - VNPAY Group,,,2025-04-23,policy-table-weak;gl;ui,2,0,VNP_paylater,paylater,8890
confluence,1914765434,Team lending member + stackholder,Tech: Lending > Personal documents > Dũng Phạm,,,2026-06-25,other,0,0,,,1149
confluence,19169281,[CAKE][Lending] - Sprint 119,Tech: Lending > [Lending] - Sprint planning > 2023 - Years of Lending > 2023 - Second Half,,,2023-08-16,other,0,0,VT_Cashloan_S;VT_Payday_S,,2630
confluence,1920401422,Portal & connect,Tech: Lending > Guideline > [Cake] - Product Running Guide > [Cake][Guideline] - Product Ticket,,,2026-07-14,policy-table-weak;ui,1,0,,,6819
confluence,1925447715,[Lending+] - Sprint 191,Tech: Lending > [Lending] - Sprint planning > 2026 - Years of Lending,,,2026-07-17,policy-table-weak;ui,1,0,CAKE_overdraft_TD;MBF_cashloan,,5668
confluence,193036433,[Partner][BEG] - Paylater - Accrual report,Tech: Lending > Partnership products > [Partner] - beGroup by VPBANK > [Partner] - [BeG] Be Paylater (Ví trả sau be),,,2024-05-06,other,0,0,BE_paylater,paylater,1420
confluence,193069362,[Partner][BEG] - Paylater - Maturity,Tech: Lending > Partnership products > [Partner] - beGroup by VPBANK > [Partner] - [BeG] Be Paylater (Ví trả sau be),,,2024-05-06,policy-prose;ui,0,3,BE_paylater,paylater,3398
confluence,1931051161,Design: User Loan Journey,Tech: Lending > Personal documents > Thao,,,2026-07-08,api;gl;ui,0,0,ZLP_cashloan,,23565
confluence,1931116561,CRC - Paylater - Testcase,Tech: Lending > Lending core systems > [Lending] - Core Products > Core Revolving Credit (Paylater + CC) > CRC - Ice - Paylater,,,2026-06-30,policy-table-weak,2,0,VDS_paylater,paylater,7625
confluence,193134638,[Partner][BEG] - Paylater - Monthly + Late fee,Tech: Lending > Partnership products > [Partner] - beGroup by VPBANK > [Partner] - [BeG] Be Paylater (Ví trả sau be),,,2024-05-08,gl,0,0,BE_paylater,paylater,2579
confluence,1934266,Write off,Tech: Lending > Lending core systems > [Lending] - Core Products > [Lending][LMS] - Cake Loan Management System,,,2023-09-27,other,0,0,,,476
confluence,1943208004,Paylater VISA Channel — Kickoff Investigation Draft,Tech: Lending > Lending core systems > [Lending] - Core Products > Core Revolving Credit (Paylater + CC) > CRC - Ice - Paylater,,,2026-07-03,gl,0,0,,paylater,10008
confluence,1951989762,[Lending+] - Sprint 192,Tech: Lending > [Lending] - Sprint planning > 2026 - Years of Lending,,,2026-07-22,other,0,0,CAKE_overdraft_TD,,6486
confluence,1957331043,Paylater VCC — Business Use Cases,Tech: Lending > Lending core systems > [Lending] - Core Products > Core Revolving Credit (Paylater + CC) > CRC - Ice - Paylater > Paylater VISA Channel — Kickoff Investigation Draft,,,2026-07-09,policy-table;gl;ui,4,1,,paylater,28723
confluence,1961427326,[Partner][FIZA] FIZA_cashoan,Tech: Lending > Partnership products > [Partner] - Fiza,,,2026-07-28,other,0,0,,,1209
confluence,1961427358,[Partner][FIZA_cashloan] - Product Policy,Tech: Lending > Partnership products > [Partner] - Fiza > [Partner][FIZA] FIZA_cashoan,,,2026-07-28,policy-table,6,0,FIZA_cashloan,cashloan,3509
confluence,1961427383,[Partner][FIZA_cashloan] - Disbursement,Tech: Lending > Partnership products > [Partner] - Fiza > [Partner][FIZA] FIZA_cashoan,,,2026-07-30,policy-table;policy-prose;gl,4,4,FIZA_cashloan,cashloan,6991
confluence,1961427433,[Partner][FIZA_cashloan] - Repayment,Tech: Lending > Partnership products > [Partner] - Fiza > [Partner][FIZA] FIZA_cashoan,,,2026-07-13,other,0,0,FIZA_cashloan,cashloan,521
confluence,1961427498,[Partner][FIZA] FIZA_payday,Tech: Lending > Partnership products > [Partner] - Fiza,,,2026-08-18,ui,0,0,FIZA_payday,payday,1760
confluence,1961427522,[Partner][FIZA_payday] - Product Policy,Tech: Lending > Partnership products > [Partner] - Fiza > [Partner][FIZA] FIZA_payday,,,2026-08-05,policy-table,6,0,FIZA_payday,payday,1472
confluence,1961427545,[Partner][FIZA_payday] - Disbursement,Tech: Lending > Partnership products > [Partner] - Fiza > [Partner][FIZA] FIZA_payday,,,2026-07-13,policy-table-weak;policy-prose;gl,2,4,FIZA_payday,payday,6211
confluence,1961427594,[Partner][FIZA_payday] - Repayment,Tech: Lending > Partnership products > [Partner] - Fiza > [Partner][FIZA] FIZA_payday,,,2026-07-14,gl,0,0,FIZA_payday,payday,3598
confluence,1962737757,[Partner] - Fiza,Tech: Lending > Partnership products,,,2026-07-13,other,0,0,,,528
confluence,196870145,[CAKE] - Cake Cashloan,Tech: Lending > Partnership products > [Partner] - Cake Internal Product,,,2026-08-25,policy-table;ui,8,0,CAKE_cashloan,cashloan,3076
confluence,196870198,[CAKE] - Cake Cashloan LOS Process,Tech: Lending > Partnership products > [Partner] - Cake Internal Product > [CAKE] - Cake Cashloan,,,2024-10-10,policy-table-weak;ui,1,0,NGS_cashloan;CAKE_cashloan,cashloan,1721
confluence,196968449,[CAKE] - Cake Cashloan Contract,Tech: Lending > Partnership products > [Partner] - Cake Internal Product > [CAKE] - Cake Cashloan,,,2024-05-08,policy-table,3,0,CAKE_cashloan,cashloan,10929
confluence,1975779343,Federated Data,Tech: Lending > LOS/RISK platform,,,2026-09-23,api;ui,0,0,,,4499
confluence,1981022231,Payday & Cashloan — ICE vs Datamart GL Behaviour Mapping,Tech: Lending > Lending core systems > [Lending] - Core Products > [Core] Update debit/credit directions - v2,,,2026-07-20,policy-table-weak;gl,1,0,,cashloan;payday,24424
confluence,198148097,[CAKE] -  Cashloan - Product Policy,Tech: Lending > Partnership products > [Partner] - Cake Internal Product > [CAKE] - Cake Cashloan,,,2026-08-19,policy-table;gl;ui,20,0,CAKE_cashloan,cashloan,11729
confluence,198148136,[CAKE] - Cashloan - Accrual report,Tech: Lending > Partnership products > [Partner] - Cake Internal Product > [CAKE] - Cake Cashloan,,,2024-06-05,other,0,0,CAKE_cashloan,cashloan,1651
confluence,198180866,[CAKE] -  Cashloan - Disbursement,Tech: Lending > Partnership products > [Partner] - Cake Internal Product > [CAKE] - Cake Cashloan,,,2024-05-09,other,0,0,CAKE_cashloan,cashloan,3575
confluence,198279169,[CAKE] -  Cashloan - Repayment,Tech: Lending > Partnership products > [Partner] - Cake Internal Product > [CAKE] - Cake Cashloan,,,2024-06-17,gl;ui,0,0,CAKE_cashloan,cashloan,9902
confluence,1983611093,[Lending+] - Sprint 193,Tech: Lending > [Lending] - Sprint planning > 2026 - Years of Lending,,,2026-07-31,gl,0,0,,,5745
confluence,1984888938,Precheck Portal - User Guide,Tech: Lending > LOS/RISK platform > [Rule Engine] Pre-check Portal,,,2026-08-05,api;ui,0,0,MISA_cashloan;VDS_paylater;VDS_paylater_epass;BE_paylater;MWG_cl_online;ZLP_payday;VPO_cashloan;VNHUB_cashloan;VT_Cashloan_S;VT_Payday_S;Be_Cashloan;CAKE_cashloan;KLP_cashloan;MBF_cashloan;MWG_payday;MWG_paylater;PD_Viettel;VNP_cashloan;Viettel_Cashloan;ZLP_cashloan;CAKE_payday;CAKE_cl_affiliate;VNP_payday;BE_payday;VPO_cl_pension,,13653
confluence,1987608696,4. DOP Engine — Migration & Rollout Plan,Tech: Lending > DOP > dop-engine v3 > DOP Engine — Documentation Index,,,2026-07-22,gl;ui,0,0,BE_payday,,6069
confluence,1987772528,DOP Engine — Documentation Index,Tech: Lending > DOP > dop-engine v3,,,2026-07-22,other,0,0,,,1441
confluence,1987772553,1. DOP Engine — System Design,Tech: Lending > DOP > dop-engine v3 > DOP Engine — Documentation Index,,,2026-07-22,api;ui,0,0,MBF_cashloan,,44024
confluence,1987936427,2. DOP Engine — Web Platform Flow,Tech: Lending > DOP > dop-engine v3 > DOP Engine — Documentation Index,,,2026-07-22,ui,0,0,,,16341
confluence,1989378081,3. DOP Engine — Onboarding a New Product,Tech: Lending > DOP > dop-engine v3 > DOP Engine — Documentation Index,,,2026-07-22,api;ui,0,0,,,12355
confluence,1991114804,Contract Model,Tech: Lending > LOS/RISK platform > Federated Data,,,2026-09-16,other,0,0,,,5392
confluence,1991704600,MIGRATION CAKE-PAS + Drawdown + Ewallet,Tech: Lending > Lending core systems > [Lending] - Core Products > cake-pas integration,,,2026-07-23,gl,0,0,,,2614
confluence,1992851478,Self-Hosted Cosmo Roadmap,Tech: Lending > LOS/RISK platform > Federated Data,,,2026-09-28,other,0,0,,,12102
confluence,2007498789,DOP-ENGINE — Pre-reading,Tech: Lending > DOP > dop-engine v3 > DOP Engine — Documentation Index,,,2026-07-30,ui,0,0,,,28820
confluence,2009432203,Internal Portal RBAC — Architecture & System Design,Tech: Lending > Lending core systems,,,2026-08-17,api;gl;ui,0,0,,,15163
confluence,2013102191,DOP URL Generation — Internal Integration Guide,Tech: Lending > DOP > Integration Doc,,,2026-07-31,api,0,0,,,7718
confluence,2017624065,31/07/2026 - WF Collection,Tech: Lending > Products & business visioning > Product Postmortem,,,2026-08-03,other,0,0,MBF_cashloan;MWG_payday,,1129
confluence,2019360773,PL-13887 — MWG_paylater Pilot — POS & Cash Movement Gap Review,Tech: Lending > Lending core systems > [Lending] - Core Products > Core Revolving Credit (Paylater + CC) > CRC - Ice - Paylater > Paylater VISA Channel — Kickoff Investigation Draft,,,2026-08-04,policy-table;gl,3,0,MWG_paylater,paylater,21467
confluence,2019557663,[Lending+] - Sprint 194,Tech: Lending > [Lending] - Sprint planning > 2026 - Years of Lending,,,2026-08-18,gl,0,0,VPO_cashloan;ZLP_cashloan,,5056
confluence,2019590173,Newcomer Guide to Cake Product Lines and Teams,Tech: Lending > Personal documents > Hoà Phan,,,2026-08-04,gl;ui,0,0,CAKE_overdraft_TD;VNHUB_cashloan,,19879
confluence,202309704,[Partner][Viettel] - Cashloan LP - GA GTM,Tech: Lending > Partnership products > [Partner] - Viettel Digital (VDS) > [Partner] - [Viettel] Landing page VT Cashloan (Mass),,,2024-05-14,gl,0,0,VDS_cashloan_LP,cashloan,1124
confluence,202506486,[Partner][BeG] - Paylater - Statement + DPD,Tech: Lending > Partnership products > [Partner] - beGroup by VPBANK > [Partner] - [BeG] Be Paylater (Ví trả sau be),,,2024-05-15,policy-table-weak;api;gl,2,0,BE_paylater,paylater,8876
confluence,2027585579,Postmortem: Missing Paylater Statement,Tech: Lending > Products & business visioning > Product Postmortem,,,2026-08-07,other,0,0,,paylater,2941
confluence,2034892877,"20260810 - Postmortem: Datanest trả \""No Consent\"" tăng bất thường do thiếu OTP flow",Tech: Lending > Products & business visioning > Product Postmortem,,,2026-08-10,other,0,0,MISA_cashloan;MWG_cl_online;VPO_cashloan;CAKE_cashloan;KLP_cashloan;MBF_cashloan;MWG_cashloan;MWG_payday;MWG_paylater;VNP_cashloan;CAKE_cl_affiliate;VNP_payday;BE_payday;VPO_cl_pension,,5047
confluence,203980801,[Partner][BEG] - Paylater - Lock mechanism,Tech: Lending > Partnership products > [Partner] - beGroup by VPBANK > [Partner] - [BeG] Be Paylater (Ví trả sau be),,,2024-05-15,ui,0,0,BE_paylater,paylater,2853
confluence,203980825,[CAKE][Lending] - Sprint 137,Tech: Lending > [Lending] - Sprint planning > 2024 - Years of Lending > 2024 - First Half,,,2024-05-23,other,0,0,,,2724
confluence,204046339,[Partner][BEG] - BePaylater Contract data,Tech: Lending > Partnership products > [Partner] - beGroup by VPBANK > [Partner] - [BeG] Be Paylater (Ví trả sau be),,,2024-05-15,policy-table,5,0,BE_paylater,paylater,5983
confluence,2054291474,[Lending+] - Sprint 195,Tech: Lending > [Lending] - Sprint planning > 2026 - Years of Lending,,,2026-09-07,policy-table-weak;gl;ui,1,0,MISA_cashloan;ZLP_payday;VNP_cashloan;ZLP_cashloan;BE_payday,,5185
confluence,205914113,[Partner] - [NGS] NGS CreditCard,Tech: Lending > Partnership products > [Partner] - NGS,,,2024-05-16,gl;ui,0,0,,,956
confluence,205946881,[Partner][NGS] - CreditCard LOS Process,Tech: Lending > Partnership products > [Partner] - NGS > [Partner] - [NGS] NGS CreditCard,,,2024-05-16,policy-table-weak;gl;ui,2,0,NGS_cashloan,,1750
confluence,2060222626,20260819 - Postmortem: Sụt giảm tỷ lệ ký hợp đồng Payday,Tech: Lending > Products & business visioning > Product Postmortem,,,2026-08-20,ui,0,0,,payday,5778
confluence,2060713988,Lending End of Sprint release doc,Tech: Lending > Lending Release Process,,,2026-09-08,other,0,0,,,2144
confluence,2068807686,Reports,Tech: Lending > Personal documents > Dũng Phạm,,,2026-08-22,other,0,0,,,378
confluence,2070183938,Sprint 194 health check 2026-08-24,Tech: Lending > Personal documents > Dũng Phạm > Reports,,,2026-08-24,other,0,0,CAKE_overdraft_TD;Be_Cashloan,,2999
confluence,2073428071,[Partner] - KOV,Tech: Lending > Partnership products,,,2026-08-25,other,0,0,,,399
confluence,2074379093,[Partner][KOV] KOV_cashloan,Tech: Lending > Partnership products > [Partner] - KOV,,,2026-08-26,other,0,0,KOV_cashloan,cashloan,1392
confluence,2074379126,[Partner][KOV]  - Product Policy,Tech: Lending > Partnership products > [Partner] - KOV > [Partner][KOV] KOV_cashloan,,,2026-08-25,policy-table,5,0,KOV_cashloan,cashloan,3513
confluence,2074379151,[Partner][KOV]  - Disbursement,Tech: Lending > Partnership products > [Partner] - KOV > [Partner][KOV] KOV_cashloan,,,2026-09-29,policy-table-weak;gl,2,0,KOV_cashloan,cashloan,4728
confluence,2074379201,[Partner][KOV]  - Repayment,Tech: Lending > Partnership products > [Partner] - KOV > [Partner][KOV] KOV_cashloan,,,2026-09-08,gl,0,0,KOV_cashloan,cashloan,11039
confluence,2074738716,Paylater VCC — Transaction-Type Inventory Reconciliation,Tech: Lending > Lending core systems > [Lending] - Core Products > Core Revolving Credit (Paylater + CC) > CRC - Ice - Paylater > Paylater VISA Channel — Kickoff Investigation Draft,,,2026-08-25,gl,0,0,,paylater,8587
confluence,2097283253,[Lending+] - Sprint 196,Tech: Lending > [Lending] - Sprint planning > 2026 - Years of Lending,,,2026-09-14,gl,0,0,LCP_paylater,,5955
confluence,210075651,[Partner] - [Viettel] sFTP Connect Information,Tech: Lending > Partnership products > [Partner] - Viettel Digital (VDS),,,2026-02-22,other,0,0,Viettel_Cashloan,,4798
confluence,2104000842,Sprint 195 health check 2026-09-06,Tech: Lending > Personal documents > Dũng Phạm > Reports,,,2026-09-06,gl;ui,0,0,CAKE_overdraft_TD;MISA_cashloan;ZLP_payday;VNP_cashloan;ZLP_cashloan,,5083
confluence,2104099820,[Partner] - LCP Long Châu,Tech: Lending > Partnership products,,,2026-09-08,other,0,0,,,429
confluence,2104099848,[Partner][LCP] LCP_paylater,Tech: Lending > Partnership products > [Partner] - LCP Long Châu,,,2026-09-09,other,0,0,LCP_paylater,paylater,1691
confluence,2104099888,[Partner][LCP]  - Product Policy,Tech: Lending > Partnership products > [Partner] - LCP Long Châu > [Partner][LCP] LCP_paylater,,,2026-09-15,policy-table-weak;policy-prose,2,2,LCP_paylater,paylater,3558
confluence,2104099913,[Partner][LCP]  - Disbursement,Tech: Lending > Partnership products > [Partner] - LCP Long Châu > [Partner][LCP] LCP_paylater,,,2026-09-17,policy-table-weak;policy-prose;gl,2,2,LCP_paylater,paylater,6723
confluence,2104099963,[Partner][LCP]  - Repayment,Tech: Lending > Partnership products > [Partner] - LCP Long Châu > [Partner][LCP] LCP_paylater,,,2026-09-18,policy-table;gl,3,0,LCP_paylater,paylater,9099
confluence,2105573445,Ice - Lending Product,Tech: Lending > Lending core systems,,,2026-09-08,policy-table-weak;gl,2,0,CAKE_cashloan,,9942
confluence,2116419700,[ic][lending-engine] Error classification,Tech: Lending > Lending core systems,,,2026-09-10,other,0,0,,,734
confluence,21168164,[CAKE][Lending] - Sprint 120,Tech: Lending > [Lending] - Sprint planning > 2023 - Years of Lending > 2023 - Second Half,,,2023-09-06,other,0,0,VT_Cashloan_S;VT_Payday_S,,2638
confluence,2117599276,InternalLoanInfo performance — analyze,Tech: Lending > Personal documents > Thao,,,2026-09-11,api;ui,0,0,,,7232
confluence,212041755,[CAKE][Lending] - Sprint 138,Tech: Lending > [Lending] - Sprint planning > 2024 - Years of Lending > 2024 - First Half,,,2024-05-29,other,0,0,NGS_cashloan,,2648
confluence,2124415096,[cake-portal] lending generic bulk task,Tech: Lending,,,2026-09-18,gl;ui,0,0,,,1718
confluence,2126381150,Release Tools,Tech: Lending,,,2026-09-14,other,0,0,,,366
confluence,2129231901,Temporal WF Fail Monitor — Terminate (cashloan),Tech: Lending > Personal documents > Truong Nguyen > Self-Correction: Disburse — cake-loan-management,,,2026-09-15,gl,0,0,Be_Cashloan;CAKE_cashloan,cashloan,10132
confluence,2129788941,Temporal WF Fail Monitor — Refund (paylater),Tech: Lending > Personal documents > Truong Nguyen > Self-Correction: Disburse — cake-loan-management,,,2026-09-15,gl,0,0,,paylater,8471
confluence,2129920319,[Lending+] - Sprint 197,Tech: Lending > [Lending] - Sprint planning > 2026 - Years of Lending,,,2026-09-29,policy-table-weak;api;gl,1,0,LCP_paylater,,6161
confluence,2130182148,Temporal WF Fail Monitor — Payment / Repayment (cashloan),Tech: Lending > Personal documents > Truong Nguyen > Self-Correction: Disburse — cake-loan-management,,,2026-09-15,api;gl,0,0,Be_Cashloan;CAKE_cashloan,cashloan,12763
confluence,2130378759,Temporal WF Fail Monitor — ConvertInstallment (paylater),Tech: Lending > Personal documents > Truong Nguyen > Self-Correction: Disburse — cake-loan-management,,,2026-09-15,api,0,0,,paylater,5551
confluence,2130903044,Temporal WF Monitor — Gửi Sao Kê (StoreRepaymentOrder): Có bị thiếu không?,Tech: Lending > Personal documents > Truong Nguyen > Self-Correction: Disburse — cake-loan-management,,,2026-09-15,api,0,0,Be_Cashloan;MWG_paylater,,5546
confluence,2137620490,Lending Release Process,Tech: Lending,,,2026-09-17,other,0,0,,,2150
confluence,2143125505,Alert Compare,Tech: Lending,,,2026-09-25,other,0,0,,,8751
confluence,21431524,[Partner] - Viettel Digital (VDS),Tech: Lending > Partnership products,,,2023-11-04,other,0,0,,,606
confluence,2145321297,[PL-14340] Upsell Cashloan — Backend Solution Design,Tech: Lending > Research task output,,,2026-09-28,api,0,0,,cashloan;paylater,5248
confluence,2148499457,Sprint 196 health check 2026-09-21,Tech: Lending > Personal documents > Dũng Phạm > Reports,,,2026-09-21,gl,0,0,CAKE_overdraft_TD;ZLP_payday;LCP_paylater,,6501
confluence,2149155211,Income Verification via Digitally Signed Bank Statements — Cashloan (Draft),Tech: Lending,,,2026-09-22,gl;ui,0,0,,cashloan,13706
confluence,21495809,[Partner] - [Viettel] Payroll - Payday 2 (VUL),Tech: Lending > Partnership products > [Partner] - Viettel Digital (VDS),,,2025-04-18,policy-table;ui,5,0,VT_Payday_S,payday,2641
confluence,215974529,[SQUAD] DOP,Tech: Lending > Digital onboarding platform > [DOP] - DOP Library,,,2025-02-03,gl,0,0,NGS_cashloan;Viettel_Cashloan,,1998
confluence,216039761,DOP Refactoring - Low-hanging Fruit Improvements,Tech: Lending > Digital onboarding platform > [DOP] Remodel Projects > DOP Refactoring Plans,,,2024-08-21,gl;ui,0,0,,,4123
confluence,2170159231,TT64,Tech: Lending > Personal documents > Tu Tran,,,2026-09-30,other,0,0,,,1205
confluence,2170814465,TT64 Open API Compliance — Coordination Brief,Tech: Lending > Personal documents > Tu Tran > TT64,,,2026-09-30,other,0,0,,,12194
confluence,2170945545,TT64 — Appendix A: Lending API Exposure Inventory,Tech: Lending > Personal documents > Tu Tran,,,2026-09-30,gl;ui,0,0,VTPO_cashloan;MISA_cashloan;BE_paylater;VNP_paylater;MWG_cl_online;ZLP_payday;VNHUB_cashloan;FPT_paylater;KLP_cashloan;MBF_cashloan;MWG_payday;MWG_paylater;VNP_cashloan;ZLP_cashloan;CAKE_payday;VNP_payday;BE_payday,,13184
confluence,217612340,[LMS] - Loan Profile,Tech: Lending > Lending core systems > [Lending] - Core Products > [Lending][LMS] - Cake Loan Management System,,,2024-05-29,policy-table;api,3,0,Viettel_Cashloan,,7438
confluence,223477768,[Partner][Viettel] - Cashloan - Steps to refinance,Tech: Lending > Partnership products > [Partner] - Viettel Digital (VDS) > [Partner] - [Viettel] Cashloan,,,2024-08-01,ui,0,0,Viettel_Cashloan,cashloan,1280
confluence,224395461,[Lending][Risk] Lending LOS Script Portal,Tech: Lending > LOS/RISK platform > [Lending][LOS] - LOAN DECISION SYSTEM,,,2024-06-11,ui,0,0,Viettel_Cashloan,,6101
confluence,228622337,[Partner] - [Viettel] Landing page VT Payday (Mass),Tech: Lending > Partnership products > [Partner] - Viettel Digital (VDS),,,2024-06-10,policy-table;gl;ui,6,0,PD_Viettel,payday,4489
confluence,228622416,[Partner][VDS] - VDS DOP Payday Contract,Tech: Lending > Partnership products > [Partner] - Viettel Digital (VDS) > [Partner] - [Viettel] Landing page VT Payday (Mass),,,2024-06-10,policy-table,3,0,PD_Viettel,payday,11000
confluence,228622482,[Partner][Viettel] -  Payday LP - Disbursement,Tech: Lending > Partnership products > [Partner] - Viettel Digital (VDS) > [Partner] - [Viettel] Landing page VT Payday (Mass),,,2024-06-10,other,0,0,PD_Viettel,payday,2174
confluence,228622531,[Partner][Viettel] -  Payday LP - Repayment,Tech: Lending > Partnership products > [Partner] - Viettel Digital (VDS) > [Partner] - [Viettel] Landing page VT Payday (Mass),,,2024-06-10,gl;ui,0,0,NGS_cashloan;PD_Viettel,payday,10678
confluence,228622584,[Partner][Viettel] - Payday LP - Accrual report,Tech: Lending > Partnership products > [Partner] - Viettel Digital (VDS) > [Partner] - [Viettel] Landing page VT Payday (Mass),,,2024-06-10,other,0,0,PD_Viettel,payday,1750
confluence,228622606,[Partner][Viettel] - Payday LP - GA GTM,Tech: Lending > Partnership products > [Partner] - Viettel Digital (VDS) > [Partner] - [Viettel] Landing page VT Payday (Mass),,,2024-06-10,gl,0,0,PD_Viettel,payday,1115
confluence,228655106,[CAKE][Lending] - Sprint 139,Tech: Lending > [Lending] - Sprint planning > 2024 - Years of Lending > 2024 - First Half,,,2024-06-18,other,0,0,BE_paylater;NGS_cashloan,,2917
confluence,23003632,[Partner][Viettel] -  Payday 2 - Accounting flow,Tech: Lending > Partnership products > [Partner] - Viettel Digital (VDS) > [Partner] - [Viettel] Payroll - Payday 2 (VUL),,,2023-12-25,other,0,0,VT_Payday_S,payday,603
confluence,230096897,[Lending][Guideline] - Create LOS UAT Profile Support,Tech: Lending > Guideline > [Lending] - Lending Operations Process,,,2024-06-11,other,0,0,,,6572
confluence,23134209,[Partner][Viettel] -  - Payday 2 API Mock,Tech: Lending > Partnership products > [Partner] - Viettel Digital (VDS) > [Partner] - [Viettel] Payroll - Payday 2 (VUL),,,2023-12-25,ui,0,0,VT_Payday_S,payday,3565
confluence,23134401,[Partner][Viettel] - Payday 2 - Contract data,Tech: Lending > Partnership products > [Partner] - Viettel Digital (VDS) > [Partner] - [Viettel] Payroll - Payday 2 (VUL) > [Partner][Viettel] -  - Payday 2 API Mock,,,2023-12-25,policy-table,3,0,VT_Payday_S,payday,9768
confluence,23167383,[Partner][Viettel] - Payday 2 - Disbursement,Tech: Lending > Partnership products > [Partner] - Viettel Digital (VDS) > [Partner] - [Viettel] Payroll - Payday 2 (VUL),,,2023-12-25,other,0,0,VT_Payday_S,payday,4223
confluence,234651652,[Partner][Viettel] - Paylater - Interest App + API details,Tech: Lending > Partnership products > [Partner] - Viettel Digital (VDS) > [Partner] - [Viettel] Paylater (Ví Trả Sau) > [Partner][Viettel] - Paylater - Core v2 (Interest & Penalty calculation),,,2024-07-02,policy-table;api;ui,8,0,VDS_paylater,paylater,12398
confluence,234684425,[Partner][Viettel] - Paylater - Mambu Custom fields,Tech: Lending > Partnership products > [Partner] - Viettel Digital (VDS) > [Partner] - [Viettel] Paylater (Ví Trả Sau) > [Partner][Viettel] - Paylater - Core v2 (Interest & Penalty calculation),,,2024-07-26,policy-table-weak;gl;ui,2,0,BE_paylater;VDS_paylater,paylater,11812
confluence,23494758,[Partner][Viettel] -  Payday 2 - Repayment + Autocollection,Tech: Lending > Partnership products > [Partner] - Viettel Digital (VDS) > [Partner] - [Viettel] Payroll - Payday 2 (VUL),,,2023-12-25,policy-table;gl;ui,5,0,VT_Payday_S,payday,11050
confluence,236191756,[Partner] - Cake Internal Product,Tech: Lending > Partnership products,,,2024-06-18,other,0,0,,,643
confluence,236421131,[Partner][Viettel] - Paylater - Statement with Interest,Tech: Lending > Partnership products > [Partner] - Viettel Digital (VDS) > [Partner] - [Viettel] Paylater (Ví Trả Sau) > [Partner][Viettel] - Paylater - Core v2 (Interest & Penalty calculation),,,2024-07-26,policy-table;api;gl,6,0,VDS_paylater,paylater,6133
confluence,23658595,[Partner][Viettel] -  Payday 2 - LOS,Tech: Lending > Partnership products > [Partner] - Viettel Digital (VDS) > [Partner] - [Viettel] Payroll - Payday 2 (VUL),,,2023-12-25,other,0,0,VT_Payday_S,payday,1230
confluence,23691338,[Partner][Viettel] -  Payday 2 - Product Policy,Tech: Lending > Partnership products > [Partner] - Viettel Digital (VDS) > [Partner] - [Viettel] Payroll - Payday 2 (VUL),,,2023-12-25,policy-table,6,0,VT_Payday_S,payday,1698
confluence,23789597,[Partner][Viettel] -  Payday 2 - Accrual report,Tech: Lending > Partnership products > [Partner] - Viettel Digital (VDS) > [Partner] - [Viettel] Payroll - Payday 2 (VUL),,,2023-12-25,other,0,0,VT_Payday_S,payday,1771
confluence,23887873,[Partner][Viettel] - LOS Process,Tech: Lending > Partnership products > [Partner] - Viettel Digital (VDS) > [Partner] - [Viettel] Payroll - Payday 2 (VUL),,,2023-12-25,policy-table;gl;ui,3,0,VT_Payday_S,payday,8773
confluence,23888096,[Partner][Viettel] - Payday 2 - LOS Mapping Response External API,Tech: Lending > Partnership products > [Partner] - Viettel Digital (VDS) > [Partner] - [Viettel] Payroll - Payday 2 (VUL) > [Partner][Viettel] - LOS Process,,,2023-12-25,policy-table-weak;api;gl,2,0,VT_Payday_S,payday,5672
confluence,23888148,[Partner][Viettel] - Cashloan 2 LOS Process,Tech: Lending > Partnership products > [Partner] - Viettel Digital (VDS) > [Partner] - [Viettel] Payroll - Cashloan 2 (VTL),,,2023-12-25,policy-table;gl;ui,3,0,VT_Cashloan_S,cashloan,10622
confluence,24018945,[LOS][Payroll-VTL] - LOS Mapping Response External API,Tech: Lending > Partnership products > [Partner] - Viettel Digital (VDS) > [Partner] - [Viettel] Payroll - Cashloan 2 (VTL) > [Partner][Viettel] - Cashloan 2 LOS Process,,,2023-09-06,policy-table-weak;api;gl,2,0,VT_Cashloan_S;VT_Payday_S,cashloan,5593
confluence,242155523,[Lending][Guideline] - Enrich & Script Data Process (TBU),Tech: Lending > Guideline > [Lending] - Lending Operations Process,,,2024-07-20,ui,0,0,,,6885
confluence,243008023,[Partner][Viettel] - Paylater - Repayment/Revert with Interest,Tech: Lending > Partnership products > [Partner] - Viettel Digital (VDS) > [Partner] - [Viettel] Paylater (Ví Trả Sau) > [Partner][Viettel] - Paylater - Core v2 (Interest & Penalty calculation),,,2024-08-18,policy-table;gl,3,0,VDS_paylater,paylater,17432
confluence,243008304,[Partner][Viettel] - Paylater - Maturity with interest,Tech: Lending > Partnership products > [Partner] - Viettel Digital (VDS) > [Partner] - [Viettel] Paylater (Ví Trả Sau) > [Partner][Viettel] - Paylater - Core v2 (Interest & Penalty calculation),,,2024-07-02,policy-table-weak;gl,2,1,VDS_paylater,paylater,4059
confluence,243106370,[Partner][Viettel] - Paylater - Disbursement with Interest,Tech: Lending > Partnership products > [Partner] - Viettel Digital (VDS) > [Partner] - [Viettel] Paylater (Ví Trả Sau) > [Partner][Viettel] - Paylater - Core v2 (Interest & Penalty calculation),,,2024-07-31,gl,0,0,VDS_paylater,paylater,5728
confluence,243106594,[Partner][Viettel] - Paylater - DPD & Lock mechanism with Interest,Tech: Lending > Partnership products > [Partner] - Viettel Digital (VDS) > [Partner] - [Viettel] Paylater (Ví Trả Sau) > [Partner][Viettel] - Paylater - Core v2 (Interest & Penalty calculation),,,2024-06-28,other,0,0,VDS_paylater,paylater,3535
confluence,243630090,[Partner][Viettel] - Paylater - End of Day + Interest calculation,Tech: Lending > Partnership products > [Partner] - Viettel Digital (VDS) > [Partner] - [Viettel] Paylater (Ví Trả Sau) > [Partner][Viettel] - Paylater - Core v2 (Interest & Penalty calculation),,,2024-06-24,policy-table-weak;gl,1,0,VDS_paylater,paylater,6325
confluence,246153217,[CAKE][Lending] - Sprint 140,Tech: Lending > [Lending] - Sprint planning > 2024 - Years of Lending > 2024 - Second Half,,,2024-06-28,ui,0,0,BE_paylater;NGS_cashloan,,3977
confluence,246841385,[Partner][Viettel] - Paylater - Migration between v1 and v2,Tech: Lending > Partnership products > [Partner] - Viettel Digital (VDS) > [Partner] - [Viettel] Paylater (Ví Trả Sau) > [Partner][Viettel] - Paylater - Core v2 (Interest & Penalty calculation),,,2024-07-18,policy-table-weak,2,0,VDS_paylater,paylater,7335
confluence,248840231,Lock Paylater,Tech: Lending > Lending core systems > [Lending][Ops] - Lending Operations,,,2024-12-16,ui,0,0,,paylater,6181
confluence,249331782,[Partner][Viettel] - Paylater - Terminate,Tech: Lending > Partnership products > [Partner] - Viettel Digital (VDS) > [Partner] - [Viettel] Paylater (Ví Trả Sau) > [Partner][Viettel] - Paylater - Core v2 (Interest & Penalty calculation),,,2024-06-27,policy-table;gl,3,0,VDS_paylater,paylater,5478
confluence,255033347,[Lending][Guideline] - Submit Script via Service Desk,Tech: Lending > Guideline > [Lending] - Lending Operations Process,,,2024-07-11,ui,0,0,,,4723
confluence,255721606,DOP Troubleshooting Runbook,Tech: Lending > Digital onboarding platform,,,2024-08-05,other,0,0,,,543
confluence,258703403,[CAKE][Lending] - Sprint 141,Tech: Lending > [Lending] - Sprint planning > 2024 - Years of Lending > 2024 - Second Half,,,2024-07-19,ui,0,0,BE_paylater,,4022
confluence,258736149,[API Native] - APIs Response/Error Code,Tech: Lending > Partnership products > [Partner] - Common for all partner products,,,2026-09-03,policy-table;ui,5,0,,,23690
confluence,262340610,[Partner][Viettel] - Paylater - Accrual report with interest,Tech: Lending > Partnership products > [Partner] - Viettel Digital (VDS) > [Partner] - [Viettel] Paylater (Ví Trả Sau) > [Partner][Viettel] - Paylater - Core v2 (Interest & Penalty calculation),,,2024-09-12,other,0,0,VDS_paylater,paylater,1587
confluence,263782609,[Partner][VNPAY] - Paylater - Product Policy,Tech: Lending > Partnership products > [Partner] - VNPAY Group > [Partner] - [VNPAY] Paylater (Ví Trả Sau),,,2026-03-20,policy-table;gl,11,0,VNP_paylater,paylater,4655
confluence,264372225,[Partner][VNPAY] - Paylater - Contract Data,Tech: Lending > Partnership products > [Partner] - VNPAY Group > [Partner] - [VNPAY] Paylater (Ví Trả Sau),,,2024-07-29,policy-table,6,0,VNP_paylater,paylater,6656
confluence,265322760,[Partner][VNPAY] - Paylater - APIs,Tech: Lending > Partnership products > [Partner] - VNPAY Group > [Partner] - [VNPAY] Paylater (Ví Trả Sau),,,2024-07-13,policy-table;api;ui,5,0,VNP_paylater,paylater,6978
confluence,2654215,[Viettel CreditCard] - LOS Mapping Response External API (Before 13-Jun-23),Tech: Lending > LOS/RISK platform > [Lending][LOS] - LOAN DECISION SYSTEM > LOS - CREDIT CARD > [LOS][VDS] - CreditCard LOS Process,,,2023-06-14,api;gl,0,0,,,8732
confluence,265847232,[Deleted][DOP] Generic DOP,Tech: Lending > Digital onboarding platform,,,2024-12-06,ui,0,0,VT_Cashloan_S;VT_Payday_S,,11421
confluence,265880047,DOP Development Handbook,Tech: Lending > Digital onboarding platform,,,2024-09-17,ui,0,0,,,7366
confluence,2686980,[CAKE][Lending] - Sprint 114,Tech: Lending > [Lending] - Sprint planning > 2023 - Years of Lending > 2023 - First Half,,,2023-06-14,gl,0,0,,,2946
confluence,2687018,[LOS][VDS] - CreditCard LOS Process,Tech: Lending > LOS/RISK platform > [Lending][LOS] - LOAN DECISION SYSTEM > LOS - CREDIT CARD,,,2023-09-13,policy-table-weak;gl;ui,2,0,,,7093
confluence,270041237,[Partner][VNPAY] - Paylater - LOS Process,Tech: Lending > Partnership products > [Partner] - VNPAY Group > [Partner] - [VNPAY] Paylater (Ví Trả Sau),,,2024-07-17,other,0,0,VNP_paylater,paylater,809
confluence,270172223,[Lending][LOS] - Master LOS,Tech: Lending > LOS/RISK platform > [Lending][LOS] - LOAN DECISION SYSTEM,,,2024-07-18,other,0,0,,,484
confluence,270172251,[Lending][LOS] - Master LOS - Product Policy Table,Tech: Lending > LOS/RISK platform > [Lending][LOS] - LOAN DECISION SYSTEM > [Lending][LOS] - Master LOS > [Lending][LOS] - Master LOS - LOS Process,,,2024-07-18,policy-table-weak,2,0,BE_paylater,,3252
confluence,270303297,[Lending][LOS] - Master LOS - Prescreening,Tech: Lending > LOS/RISK platform > [Lending][LOS] - LOAN DECISION SYSTEM > [Lending][LOS] - Master LOS,,,2024-07-18,ui,0,0,CAKE_overdraft_TD,,3866
confluence,270303307,[Lending][LOS] - Master LOS - LOS Process,Tech: Lending > LOS/RISK platform > [Lending][LOS] - LOAN DECISION SYSTEM > [Lending][LOS] - Master LOS,,,2024-07-18,ui,0,0,,,570
confluence,270401590,[Lending][LOS] - Master LOS - Tag Pipeline,Tech: Lending > LOS/RISK platform > [Lending][LOS] - LOAN DECISION SYSTEM > [Lending][LOS] - Master LOS > [Lending][LOS] - Master LOS - Prescreening,,,2024-07-18,gl,0,0,BE_paylater;NGS_cashloan;Be_Cashloan;CAKE_cashloan;MWG_paylater;Viettel_Cashloan,,5017
confluence,270467550,[Lending][LOS] - Master LOS - DTI3,Tech: Lending > LOS/RISK platform > [Lending][LOS] - LOAN DECISION SYSTEM > [Lending][LOS] - Master LOS > [Lending][LOS] - Master LOS - LOS Process,,,2024-07-18,policy-table;gl;ui,6,0,BE_paylater,,4703
confluence,270631314,[Lending][LOS] - Master LOS - Be x Cake Score,Tech: Lending > LOS/RISK platform > [Lending][LOS] - LOAN DECISION SYSTEM > [Lending][LOS] - Master LOS > [Lending][LOS] - Master LOS - LOS Process,,,2024-07-18,gl,0,0,BE_paylater;CAKE_cashloan,,3972
confluence,270762010,[Lending][LOS] - Master LOS - Table data in pipeline,Tech: Lending > LOS/RISK platform > [Lending][LOS] - LOAN DECISION SYSTEM > [Lending][LOS] - Master LOS > [Lending][LOS] - Master LOS - Prescreening,,,2024-07-18,api;gl,0,0,CAKE_overdraft_TD,,14826
confluence,270762053,[Lending][LOS] - Master LOS - RAC Filter table,Tech: Lending > LOS/RISK platform > [Lending][LOS] - LOAN DECISION SYSTEM > [Lending][LOS] - Master LOS > [Lending][LOS] - Master LOS - LOS Process,,,2024-07-18,policy-table-weak,1,0,BE_paylater,,4329
confluence,270958593,[Lending][LOS] - Master LOS - Customer Limit New,Tech: Lending > LOS/RISK platform > [Lending][LOS] - LOAN DECISION SYSTEM > [Lending][LOS] - Master LOS > [Lending][LOS] - Master LOS - LOS Process,,,2024-07-18,gl,0,0,BE_paylater,,9485
confluence,270958976,[Lending][LOS] - Master LOS - Algo Offer,Tech: Lending > LOS/RISK platform > [Lending][LOS] - LOAN DECISION SYSTEM > [Lending][LOS] - Master LOS > [Lending][LOS] - Master LOS - LOS Process,,,2024-07-18,policy-prose;gl,0,2,BE_paylater,,9896
confluence,271024465,[Lending][LOS] - Master LOS - DTN Score,Tech: Lending > LOS/RISK platform > [Lending][LOS] - LOAN DECISION SYSTEM > [Lending][LOS] - Master LOS > [Lending][LOS] - Master LOS - LOS Process,,,2024-07-18,other,0,0,CAKE_cashloan,,2915
confluence,273154316,Products & business visioning,Tech: Lending,,,2025-12-22,other,0,0,,,410
confluence,273743947,[Lending] - Product scope Q3 & Q4 - 2024,Tech: Lending > Products & business visioning > 2025 - Year of lending to hit 2.000B/Month,,,2025-12-22,gl,0,0,NGS_cashloan;FPT_paylater,,4914
confluence,27558221,[Cashloan] - Product document specs,Tech: Lending > Lending core systems > [Lending] - Core Products,,,2024-05-08,policy-table-weak,1,0,,cashloan,1427
confluence,275677187,[CAKE][Lending] - Sprint 142,Tech: Lending > [Lending] - Sprint planning > 2024 - Years of Lending > 2024 - Second Half,,,2024-07-31,other,0,0,,,4750
confluence,276660225,[CAKE][DOP] - Sprint 142,Tech: Lending > [Lending] - Sprint planning > 2024 - Years of Lending > 2024 - Second Half,,,2024-07-30,other,0,0,,,2663
confluence,27853225,[Paylater] - Product document spec,Tech: Lending > Lending core systems > [Lending] - Core Products,,,2023-12-11,policy-table-weak;gl,1,0,,paylater,1574
confluence,27853335,[Lending] - Core Products,Tech: Lending > Lending core systems,,,2024-01-31,other,0,0,,,425
confluence,27853384,Lending core systems,Tech: Lending,,,2025-08-19,other,0,0,,,383
confluence,278986781,[DOP Generic] List screen,Tech: Lending > Digital onboarding platform > [Deleted][DOP] Generic DOP,,,2024-07-29,policy-table-weak;ui,2,0,,,7367
confluence,27918827,Partnership products,Tech: Lending,,,2026-09-18,gl;ui,0,0,VTPO_cashloan;CAKE_overdraft_TD;MISA_cashloan;VDS_paylater;VDS_paylater_epass;BE_paylater;VNP_paylater;MWG_cl_online;ZLP_payday;VPO_cashloan;VNHUB_cashloan;NGS_cashloan;VT_Cashloan_S;VT_Payday_S;FPT_paylater;Be_Cashloan;CAKE_cashloan;KLP_cashloan;MWG_cashloan;MWG_payday;MWG_paylater;PD_Viettel;VDS_bikeloan;VNP_cashloan;Viettel_Cashloan;ZLP_cashloan;CAKE_payday;CAKE_overdraft;CAKE_cl_affiliate;VNP_payday;BE_payday;VPO_cl_pension,,18731
confluence,27983881,[Partner] - VNPT Pay/Money,Tech: Lending > Partnership products,,,2023-09-08,other,0,0,,,553
confluence,280363038,[DOP Generic] OTP,Tech: Lending > Digital onboarding platform > [Deleted][DOP] Generic DOP,,,2024-08-13,other,0,0,,,1552
confluence,282788317,DOP - Trusting Social Web SDK,Tech: Lending > Digital onboarding platform > [DOP] - eKYC,,,2024-08-27,api;ui,0,0,,,11283
confluence,28278848,[Partner] - [BeG] Driver Loan,Tech: Lending > Partnership products > [Partner] - beGroup by VPBANK,,,2024-04-12,other,0,0,,,897
confluence,283050339,[DOP] - eKYC,Tech: Lending > Digital onboarding platform,,,2025-01-08,other,0,0,,,1435
confluence,283115817,[Partner][VNPay] - Paylater - Monthly + Late fee,Tech: Lending > Partnership products > [Partner] - VNPAY Group > [Partner] - [VNPAY] Paylater (Ví Trả Sau) > [Partner][VNPay] - Paylater - Core v2 (Interest & Penalty calculation),,,2024-08-04,gl,0,0,VNP_paylater,paylater,2264
confluence,283214237,[Partner][VNPAY] - Paylater - Disbursement with Interest,Tech: Lending > Partnership products > [Partner] - VNPAY Group > [Partner] - [VNPAY] Paylater (Ví Trả Sau) > [Partner][VNPay] - Paylater - Core v2 (Interest & Penalty calculation),,,2024-08-08,gl,0,0,VNP_paylater,paylater,2320
confluence,28344321,[Partner] - Vinfast GSM,Tech: Lending > Partnership products,,,2023-12-11,other,0,0,,,550
confluence,283705345,[Partner][VNPay] - Paylater - Core v2 (Interest & Penalty calculation),Tech: Lending > Partnership products > [Partner] - VNPAY Group > [Partner] - [VNPAY] Paylater (Ví Trả Sau),,,2024-07-31,policy-table-weak;gl;ui,1,0,VNP_paylater,paylater,8719
confluence,283705398,[Partner][VNPay] - Paylater - Statement with Interest,Tech: Lending > Partnership products > [Partner] - VNPAY Group > [Partner] - [VNPAY] Paylater (Ví Trả Sau) > [Partner][VNPay] - Paylater - Core v2 (Interest & Penalty calculation),,,2024-07-31,policy-table;api;gl,6,0,VNP_paylater,paylater,6111
confluence,283705436,[Partner][VNPay] - Paylater - Repayment/Revert with Interest,Tech: Lending > Partnership products > [Partner] - VNPAY Group > [Partner] - [VNPAY] Paylater (Ví Trả Sau) > [Partner][VNPay] - Paylater - Core v2 (Interest & Penalty calculation),,,2024-08-05,policy-table;gl,3,0,VNP_paylater,paylater,15466
confluence,283705459,[Partner][VNPay] - Paylater - DPD & Lock mechanism with Interest,Tech: Lending > Partnership products > [Partner] - VNPAY Group > [Partner] - [VNPAY] Paylater (Ví Trả Sau) > [Partner][VNPay] - Paylater - Core v2 (Interest & Penalty calculation),,,2024-08-04,other,0,0,VNP_paylater,paylater,2487
confluence,283705478,[Partner][VNPay] - Paylater - Maturity with interest,Tech: Lending > Partnership products > [Partner] - VNPAY Group > [Partner] - [VNPAY] Paylater (Ví Trả Sau) > [Partner][VNPay] - Paylater - Core v2 (Interest & Penalty calculation),,,2024-08-04,policy-table-weak;gl,1,1,VNP_paylater,paylater,2711
confluence,283705498,[Partner][VNPay] - Paylater - End of Day + Interest calculation,Tech: Lending > Partnership products > [Partner] - VNPAY Group > [Partner] - [VNPAY] Paylater (Ví Trả Sau) > [Partner][VNPay] - Paylater - Core v2 (Interest & Penalty calculation),,,2024-07-31,policy-table-weak;gl,1,0,VNP_paylater,paylater,6303
confluence,283705513,[Partner][VNPay] - Paylater - Mambu Custom fields,Tech: Lending > Partnership products > [Partner] - VNPAY Group > [Partner] - [VNPAY] Paylater (Ví Trả Sau) > [Partner][VNPay] - Paylater - Core v2 (Interest & Penalty calculation),,,2025-01-09,policy-table-weak;gl;ui,2,0,VNP_paylater,paylater,12222
confluence,283705540,[Partner][VNPay] - Paylater - Interest App,Tech: Lending > Partnership products > [Partner] - VNPAY Group > [Partner] - [VNPAY] Paylater (Ví Trả Sau) > [Partner][VNPay] - Paylater - Core v2 (Interest & Penalty calculation),,,2024-08-04,policy-table;ui,8,0,VNP_paylater,paylater,6955
confluence,283705555,[Partner][VNPay] - Paylater - Terminate,Tech: Lending > Partnership products > [Partner] - VNPAY Group > [Partner] - [VNPAY] Paylater (Ví Trả Sau) > [Partner][VNPay] - Paylater - Core v2 (Interest & Penalty calculation),,,2024-08-04,policy-table;gl,3,0,VNP_paylater,paylater,5158
confluence,283705591,[Partner][VNPay] - Paylater - Accrual report with interest,Tech: Lending > Partnership products > [Partner] - VNPAY Group > [Partner] - [VNPAY] Paylater (Ví Trả Sau) > [Partner][VNPay] - Paylater - Core v2 (Interest & Penalty calculation),,,2024-07-31,other,0,0,VNP_paylater,paylater,1391
confluence,284491809,[DOP Generic] Message code,Tech: Lending > Digital onboarding platform > [Deleted][DOP] Generic DOP,,,2024-08-13,other,0,0,,,6369
confluence,285278282,[Partner][Viettel] - Paylater - Monthly Fee,Tech: Lending > Partnership products > [Partner] - Viettel Digital (VDS) > [Partner] - [Viettel] Paylater (Ví Trả Sau) > [Partner][Viettel] - Paylater - Core v2 (Interest & Penalty calculation),,,2024-08-18,policy-table;gl;ui,3,0,VDS_paylater,paylater,5452
confluence,285409373,[Partner][NGS] - Cashloan - Product Checklist,Tech: Lending > Partnership products > [Partner] - NGS > [Partner] - [NGS] NGS Cashloan,,,2024-08-01,policy-table;gl,6,0,NGS_cashloan,cashloan,4260
confluence,285573153,Product summary for migration,Tech: Lending > Lending core systems > [Lending] - Core Products,,,2024-08-03,policy-table;gl,5,0,VT_Payday_S,,6210
confluence,286621772,[Partner][Viettel] - Paylater - Revert with Interest,Tech: Lending > Partnership products > [Partner] - Viettel Digital (VDS) > [Partner] - [Viettel] Paylater (Ví Trả Sau) > [Partner][Viettel] - Paylater - Core v2 (Interest & Penalty calculation),,,2024-08-20,other,0,0,VDS_paylater,paylater,2763
confluence,287014918,[Partner][VNPAY] - Paylater - API Partner,Tech: Lending > Partnership products > [Partner] - VNPAY Group > [Partner] - [VNPAY] Paylater (Ví Trả Sau),,,2024-08-07,api,0,0,VNP_paylater,paylater,5572
confluence,287473766,[Partner][Viettel] - Paylater - Late fee,Tech: Lending > Partnership products > [Partner] - Viettel Digital (VDS) > [Partner] - [Viettel] Paylater (Ví Trả Sau) > [Partner][Viettel] - Paylater - Core v2 (Interest & Penalty calculation),,,2024-08-02,gl;ui,0,0,VDS_paylater,paylater,2598
confluence,287473796,Product GL details and breakdown,Tech: Lending > Lending core systems > [Lending] - Core Products > Product summary for migration,,,2024-08-03,policy-table;gl,54,0,,,23198
confluence,2883922,[Lending][LMS] - Cake Loan Management System,Tech: Lending > Lending core systems > [Lending] - Core Products,,,2024-05-29,other,0,0,,,1459
confluence,290455553,[CAKE][Lending] - Sprint 143,Tech: Lending > [Lending] - Sprint planning > 2024 - Years of Lending > 2024 - Second Half,,,2024-08-19,policy-table-weak;ui,1,0,,,8351
confluence,290455602,[CAKE][DOP] - Sprint 143,Tech: Lending > [Lending] - Sprint planning > 2024 - Years of Lending > 2024 - Second Half,,,2024-08-16,other,0,0,,,3267
confluence,2949410,[Write off] Upload portal,Tech: Lending > Lending core systems > [Lending] - Core Products > [Lending][LMS] - Cake Loan Management System > Write off,,,2023-11-28,ui,0,0,,,2908
confluence,2949425,Sync End of Day Balance for Lending accounts,Tech: Lending > Lending core systems > [Lending] - Core Products > [Lending][LMS] - Cake Loan Management System,,,2023-06-14,other,0,0,,,3706
confluence,295436290,[Partner][FPT] - Paylater - Product Policy,Tech: Lending > Partnership products > [Partner] - FPT Group > [Partner] - [FPT] Paylater (Ví Trả Sau),,,2025-06-25,policy-table,6,0,FPT_paylater,paylater,5585
confluence,295632928,[Partner][FPT] - Paylater - Contract Data,Tech: Lending > Partnership products > [Partner] - FPT Group > [Partner] - [FPT] Paylater (Ví Trả Sau),,,2024-09-11,policy-table,6,0,FPT_paylater,paylater,7046
confluence,295960862,[Partner][FPT] - Paylater - BRD breakdown,Tech: Lending > Partnership products > [Partner] - FPT Group > [Partner] - [FPT] Paylater (Ví Trả Sau),,,2024-08-23,policy-table-weak;ui,2,0,FPT_paylater,paylater,9568
confluence,295960979,[Partner] - [Viettel] Xsell Upsell,Tech: Lending > Partnership products > [Partner] - Viettel Digital (VDS),,,2024-08-29,ui,0,0,,,1985
confluence,295994260,2024 - Second Half,Tech: Lending > [Lending] - Sprint planning > 2024 - Years of Lending,,,2025-12-22,other,0,0,,,444
confluence,296059752,2024 - First Half,Tech: Lending > [Lending] - Sprint planning > 2024 - Years of Lending,,,2025-12-22,other,0,0,,,441
confluence,296419329,[Partner][FPT] - Paylater APIs Spec,Tech: Lending > Partnership products > [Partner] - FPT Group > [Partner] - [FPT] Paylater (Ví Trả Sau),,,2024-08-25,policy-table;ui,3,0,FPT_paylater,paylater,3685
confluence,297500779,[Partner][NGS] - SFTP connection,Tech: Lending > Partnership products > [Partner] - NGS > [Partner] - [NGS] NGS Cashloan,,,2024-08-15,other,0,0,NGS_cashloan,cashloan,3204
confluence,298549264,DOP Refactoring - Remodel,Tech: Lending > Digital onboarding platform > [DOP] Remodel Projects > DOP Refactoring Plans,,,2024-08-22,ui,0,0,,,9671
confluence,300614496,[Partner] - [VNPAY] Cashloan,Tech: Lending > Partnership products > [Partner] - VNPAY Group,,,2025-08-03,policy-table;ui,8,0,VNP_cashloan,cashloan,2949
confluence,300646689,Product Postmortem,Tech: Lending > Products & business visioning,,,2025-12-22,other,0,0,,,427
confluence,301203999,Product Postmortem - Thiều Ngọc Hiếu,Tech: Lending > Products & business visioning > Product Postmortem,,,2024-08-16,other,0,0,,,3099
confluence,301826463,20240815 Post-mortem Dũng Phạm - trễ timeline,Tech: Lending > Products & business visioning > Product Postmortem,,,2026-08-20,ui,0,0,,,1569
confluence,302219283,[CAKE][Lending] - Sprint 144,Tech: Lending > [Lending] - Sprint planning > 2024 - Years of Lending > 2024 - Second Half,,,2024-09-05,other,0,0,FPT_paylater,,3330
confluence,302874753,[Lending] - Tuân thủ TT 17/18,Tech: Lending > Lending core systems > [Lending] - Tuân thủ,,,2026-08-24,ui,0,0,CAKE_overdraft_TD;VDS_paylater;BE_paylater;VNP_paylater;VPO_cashloan;NGS_cashloan;VT_Cashloan_S;VT_Payday_S;FPT_paylater;Be_Cashloan;CAKE_cashloan;MWG_cashloan;MWG_paylater;PD_Viettel;VDS_bikeloan;VNP_cashloan;Viettel_Cashloan;CAKE_payday;CAKE_overdraft,,11973
confluence,304152644,Giải Pháp NFC cho DOP,Tech: Lending > Digital onboarding platform > [DOP] - eKYC > [DOP] SDK NFC on DOP,,,2024-08-20,other,0,0,,,2375
confluence,306250110,DOP Refactoring Plans,Tech: Lending > Digital onboarding platform > [DOP] Remodel Projects,,,2024-08-21,other,0,0,,,775
confluence,307495271,[Partner][VDS] - Xsell/Upsell - Deduplicate rule,Tech: Lending > Partnership products > [Partner] - Viettel Digital (VDS) > [Partner] - [Viettel] Xsell Upsell,,,2024-08-28,policy-table-weak,1,0,NGS_cashloan;Be_Cashloan;CAKE_cashloan;Viettel_Cashloan,,3042
confluence,307757266,[Partner][VDS] - Xsell/Upsell - Disburse + Repayment,Tech: Lending > Partnership products > [Partner] - Viettel Digital (VDS) > [Partner] - [Viettel] Xsell Upsell,,,2024-09-13,policy-table-weak;gl,2,0,Viettel_Cashloan,,7342
confluence,308150490,[CAKE][DOP] - Sprint 144,Tech: Lending > [Lending] - Sprint planning > 2024 - Years of Lending > 2024 - Second Half,,,2024-09-05,other,0,0,,,2459
confluence,308150534,[Partner][VDS] - Xsell/ Upsell - Product Policy,Tech: Lending > Partnership products > [Partner] - Viettel Digital (VDS) > [Partner] - [Viettel] Xsell Upsell,,,2024-09-05,policy-table,9,0,,,4390
confluence,308510939,[Partner][FPT] - Core setup,Tech: Lending > Partnership products > [Partner] - FPT Group > [Partner] - [FPT] Paylater (Ví Trả Sau),,,2024-09-17,gl,0,0,FPT_paylater,paylater,5806
confluence,308772893,[Partner][VDS] - Xsell/Upsell - Loan Management,Tech: Lending > Partnership products > [Partner] - Viettel Digital (VDS) > [Partner] - [Viettel] Xsell Upsell,,,2024-08-23,ui,0,0,,,1687
confluence,310215033,[Partner][FPT] - Paylater - LOS,Tech: Lending > Partnership products > [Partner] - FPT Group > [Partner] - [FPT] Paylater (Ví Trả Sau),,,2024-08-26,policy-table-weak,1,0,FPT_paylater,paylater,2218
confluence,310444033,[Partner][VNPAY] - Cashloan - Product Policy,Tech: Lending > Partnership products > [Partner] - VNPAY Group > [Partner] - [VNPAY] Cashloan,,,2025-08-28,policy-table;gl,15,0,VNP_cashloan,cashloan,9067
confluence,310444044,[Partner][VNPAY] - Cashloan - Contract data,Tech: Lending > Partnership products > [Partner] - VNPAY Group > [Partner] - [VNPAY] Cashloan,,,2024-09-04,policy-table,4,0,VNP_cashloan,cashloan,9642
confluence,310509569,[Partner][VNPAY] - Cashloan - LOS Process,Tech: Lending > Partnership products > [Partner] - VNPAY Group > [Partner] - [VNPAY] Cashloan,,,2024-08-24,other,0,0,VNP_cashloan,cashloan,554
confluence,310509581,[Partner][VNPAY] - VNPAY Cashloan API Mock,Tech: Lending > Partnership products > [Partner] - VNPAY Group > [Partner] - [VNPAY] Cashloan,,,2024-09-10,policy-table;api;ui,3,0,VNP_cashloan,cashloan,3032
confluence,314409245,[Partner][VDS] - Xsell/ Upsell - LOS Process,Tech: Lending > Partnership products > [Partner] - Viettel Digital (VDS) > [Partner] - [Viettel] Xsell Upsell,,,2024-08-30,ui,0,0,,,625
confluence,316375552,[Lending] Deeplink - Adjust link,Tech: Lending > Lending core systems > [Lending][UI/UX] - Update,,,2024-12-22,ui,0,0,CAKE_cashloan,,939
confluence,316506504,[Lending] Toggle,Tech: Lending > Lending core systems,,,2025-02-03,ui,0,0,VDS_paylater;BE_paylater;VNP_paylater;VPO_cashloan;NGS_cashloan;VT_Cashloan_S;VT_Payday_S;FPT_paylater;Be_Cashloan;CAKE_cashloan;MWG_cashloan;MWG_paylater;PD_Viettel;VDS_bikeloan;VNP_cashloan;Viettel_Cashloan;CAKE_payday,,16292
confluence,318275588,[Lending] - Delivery report,Tech: Lending > Products & business visioning > 2025 - Year of lending to hit 2.000B/Month,,,2024-09-03,other,0,0,,,511
confluence,318701574,[Lending] Report T8-2024,Tech: Lending > Products & business visioning > 2025 - Year of lending to hit 2.000B/Month > [Lending] - Delivery report,,,2024-09-04,other,0,0,BE_paylater;FPT_paylater,,1664
confluence,321323009,[Partner][VNPAY] -  Cashloan - Disbursement,Tech: Lending > Partnership products > [Partner] - VNPAY Group > [Partner] - [VNPAY] Cashloan,,,2024-12-30,other,0,0,VNP_cashloan,cashloan,5131
confluence,321814529,[Partner][VNPAY] -  Cashloan - Repayment,Tech: Lending > Partnership products > [Partner] - VNPAY Group > [Partner] - [VNPAY] Cashloan,,,2024-09-09,gl;ui,0,0,VNP_cashloan,cashloan,11378
confluence,32997401,Bike loan (GSM-Be-CAKE),Tech: Lending > Partnership products > [Partner] - Vinfast GSM > [Partner] - [Vinfast] GSM Bike Loan,,,2024-03-13,policy-table-weak;gl;ui,2,0,GSM_bikeloan,bikeloan,5246
confluence,330891265,[Lending] - Handover by Hiếu Thiều,Tech: Lending > Honor contributors,,,2025-11-25,policy-table-weak,1,0,BE_paylater;NGS_cashloan;FPT_paylater,,6835
confluence,331546989,[Partner]Viettel] - Cashloan LP - Sync status,Tech: Lending > Partnership products > [Partner] - Viettel Digital (VDS) > [Partner] - [Viettel] Landing page VT Cashloan (Mass),,,2024-09-17,api,0,0,VDS_cashloan_LP,cashloan,2396
confluence,33193985,Vinfast bikeloan,Tech: Lending > Partnership products > [Partner] - Vinfast GSM > [Partner] - [Vinfast] GSM Bike Loan,,,2023-09-18,other,0,0,GSM_bikeloan,bikeloan,2134
confluence,333513209,[Savis][Esign] - Integration Esign contract Cake x Savis,Tech: Lending > Lending core systems > [Cake][Esign] - Esign Contract Process,,,2025-09-29,api;gl;ui,0,0,,,25495
confluence,3342965,Reconcile Mambu vs Cake LMS,Tech: Lending > Lending core systems > [Lending] - Core Products > [Lending][LMS] - Cake Loan Management System,,,2023-06-14,policy-table,4,0,,,1870
confluence,336069108,"[Write off] Expansion for Cashloan, Paylater, OD",Tech: Lending > Lending core systems > [Lending] - Core Products > [Lending][LMS] - Cake Loan Management System > Write off,,,2025-09-12,other,0,0,CAKE_overdraft,cashloan;paylater;od,5100
confluence,336659433,[Core][Cake] Accounting system (CCAS),Tech: Lending > Lending core systems > [Lending] - Core Products,,,2024-11-29,gl,0,0,,,3399
confluence,336692576,[Core][Cake] Instalments,Tech: Lending > Lending core systems > [Lending] - Core Products,,,2025-10-27,policy-table;gl;ui,5,0,,,8542
confluence,336724884,[CCAS] - Chart of Accounts,Tech: Lending > Lending core systems > [Lending] - Core Products > [Core][Cake] Accounting system (CCAS),,,2024-09-22,gl,0,0,,,1150
confluence,336724923,[CCAS] - Journal entries,Tech: Lending > Lending core systems > [Lending] - Core Products > [Core][Cake] Accounting system (CCAS),,,2024-09-22,gl,0,0,,,1839
confluence,336986117,[CAKE][Lending] - Sprint 146,Tech: Lending > [Lending] - Sprint planning > 2024 - Years of Lending > 2024 - Second Half,,,2025-01-03,other,0,0,BE_paylater;FPT_paylater,,3410
confluence,337117641,Post-mortem - Nghĩa Võ - 23/09/2025,Tech: Lending > Products & business visioning > Product Postmortem,,,2025-10-01,other,0,0,,,4922
confluence,33882245,[CAKE][Lending] - Sprint 121,Tech: Lending > [Lending] - Sprint planning > 2023 - Years of Lending > 2023 - Second Half,,,2023-09-22,gl,0,0,VT_Cashloan_S;VT_Payday_S,,2788
confluence,3408528,CAKE LMS - Calculate daily movement,Tech: Lending > Lending core systems > [Lending] - Core Products > [Lending][LMS] - Cake Loan Management System,,,2024-01-03,policy-table-weak;ui,2,0,,,7527
confluence,340983864,Instalments - Paylater,Tech: Lending > Lending core systems > [Lending] - Core Products > [Core][Cake] Instalments,,,2025-03-26,policy-table;gl;ui,3,0,,paylater,9463
confluence,344555521,[CAKE][Lending & DOP] - Sprint 147,Tech: Lending > [Lending] - Sprint planning > 2024 - Years of Lending > 2024 - Second Half,,,2025-01-03,other,0,0,FPT_paylater,,3358
confluence,345669771,[Partner][MWG] - Cashloan - Accounting,Tech: Lending > Partnership products > [Partner] - Mobile World Group (MWG) > [Partner] - [MWG] MWG Cashloan,,,2024-10-28,policy-table;gl,6,0,MWG_cashloan,cashloan,1791
confluence,345669934,[Partner][VNPAY] - Cashloan - Accounting,Tech: Lending > Partnership products > [Partner] - VNPAY Group > [Partner] - [VNPAY] Cashloan,,,2024-09-30,policy-table;gl,6,0,VNP_cashloan,cashloan,1816
confluence,356483089,[Partner] - Vietnam Post (Vnpost),Tech: Lending > Partnership products,,,2024-10-28,other,0,0,,,591
confluence,356483111,(Draft) [Partner] - [Vnpost] Vnpost Cashloan (Payroll),Tech: Lending > Partnership products > [Partner] - Vietnam Post (Vnpost),,,2024-10-22,policy-table;ui,5,0,VT_Cashloan_S,cashloan,3257
confluence,356483184,[Partner][Vnpost] - Cashloan LOS Process,Tech: Lending > Partnership products > [Partner] - Vietnam Post (Vnpost) > (Draft) [Partner] - [Vnpost] Vnpost Cashloan (Payroll),,,2024-10-09,policy-table-weak;ui,2,0,NGS_cashloan;MWG_cashloan;VPO_cashloan,cashloan,1931
confluence,356483457,[Partner][Vnpost] - Vnpost Cashloan Contract,Tech: Lending > Partnership products > [Partner] - Vietnam Post (Vnpost) > (Draft) [Partner] - [Vnpost] Vnpost Cashloan (Payroll),,,2024-10-09,policy-table,3,0,VPO_cashloan,cashloan,10791
confluence,356483512,[Partner][Vnpost] -  Cashloan - Product Policy,Tech: Lending > Partnership products > [Partner] - Vietnam Post (Vnpost) > (Draft) [Partner] - [Vnpost] Vnpost Cashloan (Payroll),,,2024-10-09,policy-table;policy-prose;gl;ui,20,4,MWG_cashloan;VPO_cashloan,cashloan,10745
confluence,356483564,[Partner][Vnpost] -  Cashloan - Disbursement,Tech: Lending > Partnership products > [Partner] - Vietnam Post (Vnpost) > (Draft) [Partner] - [Vnpost] Vnpost Cashloan (Payroll),,,2024-10-09,ui,0,0,MWG_cashloan;VPO_cashloan,cashloan,3320
confluence,356483621,[Partner][Vnpost] -  Cashloan - Repayment,Tech: Lending > Partnership products > [Partner] - Vietnam Post (Vnpost) > (Draft) [Partner] - [Vnpost] Vnpost Cashloan (Payroll),,,2024-10-09,gl;ui,0,0,VPO_cashloan,cashloan,10516
confluence,356483675,[Partner][Vnpost] - Cashloan - Accrual report,Tech: Lending > Partnership products > [Partner] - Vietnam Post (Vnpost) > (Draft) [Partner] - [Vnpost] Vnpost Cashloan (Payroll),,,2024-10-09,other,0,0,VPO_cashloan,cashloan,1742
confluence,356483698,[Partner][Vnpost] - Cashloan - Accounting,Tech: Lending > Partnership products > [Partner] - Vietnam Post (Vnpost) > (Draft) [Partner] - [Vnpost] Vnpost Cashloan (Payroll),,,2024-10-09,policy-table;gl,6,0,VPO_cashloan,cashloan,1845
confluence,356483732,[Partner] - [MWG] MWG Paylater,Tech: Lending > Partnership products > [Partner] - Mobile World Group (MWG),,,2024-11-25,ui,0,0,MWG_paylater,paylater,2550
confluence,357007361,[Partner] - [Vnpost] Vnpost Lending integrate process,Tech: Lending > Partnership products > [Partner] - Vietnam Post (Vnpost),,,2024-10-12,ui,0,0,,,1616
confluence,357564417,[CAKE][Lending & DOP] - Sprint 148,Tech: Lending > [Lending] - Sprint planning > 2024 - Years of Lending > 2024 - Second Half,,,2024-11-04,policy-table;gl,3,0,BE_paylater;FPT_paylater,,4337
confluence,357564461,[Lending][DC] - Scoring Service (SAAS - Score as a service),Tech: Lending > LOS/RISK platform,,,2025-07-30,ui,0,0,BE_paylater,,4647
confluence,358088724,[DOP] DOP Remodel Plan BE,Tech: Lending > Digital onboarding platform > [DOP] Remodel Projects,,,2025-02-05,ui,0,0,BE_paylater;VNP_paylater;VPO_cashloan;NGS_cashloan;MWG_cashloan;PD_Viettel;VNP_cashloan,,8034
confluence,359989249,[Partner][BEG] - BePaylater as SoF on BeApp (23-Oct-2024),Tech: Lending > Partnership products > [Partner] - beGroup by VPBANK > [Partner] - [BeG] Be Paylater (Ví trả sau be),,,2024-10-14,gl;ui,0,0,BE_paylater,paylater,2971
confluence,369426861,Core Revolving Credit (Paylater + CC),Tech: Lending > Lending core systems > [Lending] - Core Products,,,2024-11-19,gl,0,0,,paylater,853
confluence,369688578,[Partner][Vnpost] -  Cashloan (Mass) - Product Policy,Tech: Lending > Partnership products > [Partner] - Vietnam Post (Vnpost) > [Partner] - [Vnpost] Vnpost Cashloan (Mass),,,2025-11-14,policy-table;policy-prose;gl;ui,20,4,VPO_cashloan,cashloan,11540
confluence,369754114,[Partner] - [Vnpost] Vnpost Cashloan (Mass),Tech: Lending > Partnership products > [Partner] - Vietnam Post (Vnpost),,,2025-11-10,ui,0,0,VPO_cashloan,cashloan,2628
confluence,370049025,[Partner][Vnpost] - Cashloan (Mass) - Contract data,Tech: Lending > Partnership products > [Partner] - Vietnam Post (Vnpost) > [Partner] - [Vnpost] Vnpost Cashloan (Mass),,,2024-10-30,policy-table,4,0,VPO_cashloan,cashloan,9735
confluence,370049079,[CORE][V2] - Paylater - Core v2 (Interest & Penalty calculation),Tech: Lending > Lending core systems > [Lending] - Core Products > Core Revolving Credit (Paylater + CC),,,2024-10-22,policy-table-weak;gl;ui,1,0,,paylater,8647
confluence,370049132,[CORE][V2] - Paylater - Statement with Interest,Tech: Lending > Lending core systems > [Lending] - Core Products > Core Revolving Credit (Paylater + CC) > [CORE][V2] - Paylater - Core v2 (Interest & Penalty calculation),,,2024-10-22,policy-table;api;gl,6,0,,paylater,6079
confluence,370049149,[CORE][V2] - Paylater - Disbursement with Interest,Tech: Lending > Lending core systems > [Lending] - Core Products > Core Revolving Credit (Paylater + CC) > [CORE][V2] - Paylater - Core v2 (Interest & Penalty calculation),,,2024-10-22,gl,0,0,,paylater,5741
confluence,370049170,[CORE][V2] - Paylater - Repayment/Revert with Interest,Tech: Lending > Lending core systems > [Lending] - Core Products > Core Revolving Credit (Paylater + CC) > [CORE][V2] - Paylater - Core v2 (Interest & Penalty calculation),,,2024-10-22,policy-table;gl,3,0,,paylater,17209
confluence,370049195,[CORE][V2] - Paylater - DPD & Lock mechanism with Interest,Tech: Lending > Lending core systems > [Lending] - Core Products > Core Revolving Credit (Paylater + CC) > [CORE][V2] - Paylater - Core v2 (Interest & Penalty calculation),,,2024-10-22,other,0,0,,paylater,3481
confluence,370049214,[CORE][V2] - Paylater - Maturity with interest,Tech: Lending > Lending core systems > [Lending] - Core Products > Core Revolving Credit (Paylater + CC) > [CORE][V2] - Paylater - Core v2 (Interest & Penalty calculation),,,2024-10-22,policy-table-weak;gl,2,1,,paylater,4005
confluence,370049234,[CORE][V2] - Paylater - End of Day + Interest calculation,Tech: Lending > Lending core systems > [Lending] - Core Products > Core Revolving Credit (Paylater + CC) > [CORE][V2] - Paylater - Core v2 (Interest & Penalty calculation),,,2024-10-22,policy-table-weak;gl,1,0,,paylater,6271
confluence,370049249,[CORE][V2] - Paylater - Mambu Custom fields,Tech: Lending > Lending core systems > [Lending] - Core Products > Core Revolving Credit (Paylater + CC) > [CORE][V2] - Paylater - Core v2 (Interest & Penalty calculation),,,2024-10-22,policy-table-weak;gl;ui,2,0,BE_paylater,paylater,11758
confluence,370049276,[CORE][V2] - Paylater - Interest App + API details,Tech: Lending > Lending core systems > [Lending] - Core Products > Core Revolving Credit (Paylater + CC) > [CORE][V2] - Paylater - Core v2 (Interest & Penalty calculation),,,2024-10-22,policy-table;api;ui,8,0,,paylater,12343
confluence,370049291,[CORE][V2] - Paylater - Terminate,Tech: Lending > Lending core systems > [Lending] - Core Products > Core Revolving Credit (Paylater + CC) > [CORE][V2] - Paylater - Core v2 (Interest & Penalty calculation),,,2024-10-22,policy-table;gl,3,0,,paylater,5491
confluence,370049312,[CORE][V2] - Paylater - Migration between v1 and v2,Tech: Lending > Lending core systems > [Lending] - Core Products > Core Revolving Credit (Paylater + CC) > [CORE][V2] - Paylater - Core v2 (Interest & Penalty calculation),,,2024-10-22,policy-table-weak,2,0,,paylater,7281
confluence,370049327,[CORE][V2] - Paylater - Accrual report with interest,Tech: Lending > Lending core systems > [Lending] - Core Products > Core Revolving Credit (Paylater + CC) > [CORE][V2] - Paylater - Core v2 (Interest & Penalty calculation),,,2024-10-22,other,0,0,,paylater,1533
confluence,370049350,[CORE][V2] - Paylater - Monthly Fee,Tech: Lending > Lending core systems > [Lending] - Core Products > Core Revolving Credit (Paylater + CC) > [CORE][V2] - Paylater - Core v2 (Interest & Penalty calculation),,,2024-10-22,policy-table;gl;ui,3,0,,paylater,5438
confluence,370049382,[CORE][V2] - Paylater - Revert with Interest,Tech: Lending > Lending core systems > [Lending] - Core Products > Core Revolving Credit (Paylater + CC) > [CORE][V2] - Paylater - Core v2 (Interest & Penalty calculation),,,2024-10-22,other,0,0,,paylater,2709
confluence,370049397,[CORE][V2] - Paylater - Late fee,Tech: Lending > Lending core systems > [Lending] - Core Products > Core Revolving Credit (Paylater + CC) > [CORE][V2] - Paylater - Core v2 (Interest & Penalty calculation),,,2024-10-22,gl;ui,0,0,,paylater,2544
confluence,370049417,[CORE]Paylater - Automate testing,Tech: Lending > Lending core systems > [Lending] - Core Products > Core Revolving Credit (Paylater + CC) > [CORE][V2] - Paylater - Core v2 (Interest & Penalty calculation),,,2024-10-22,other,0,0,,paylater,1154
confluence,370049432,[CORE]Paylater - Repayment Allocation,Tech: Lending > Lending core systems > [Lending] - Core Products > Core Revolving Credit (Paylater + CC) > [CORE][V2] - Paylater - Core v2 (Interest & Penalty calculation),,,2025-06-12,other,0,0,,paylater,3504
confluence,370049447,[CORE]Paylater - Min Fee,Tech: Lending > Lending core systems > [Lending] - Core Products > Core Revolving Credit (Paylater + CC) > [CORE][V2] - Paylater - Core v2 (Interest & Penalty calculation),,,2024-10-22,other,0,0,,paylater,930
confluence,370049462,[CORE]Paylater - MIN & TAD new method,Tech: Lending > Lending core systems > [Lending] - Core Products > Core Revolving Credit (Paylater + CC) > [CORE][V2] - Paylater - Core v2 (Interest & Penalty calculation),,,2025-02-10,policy-table,3,0,,paylater,10917
confluence,370081793,[CORE] - Paylater - Core v1 (without Interest),Tech: Lending > Lending core systems > [Lending] - Core Products > Core Revolving Credit (Paylater + CC),,,2024-10-22,policy-table;gl;ui,4,1,,paylater,22344
confluence,370081878,[CORE] - Paylater - Disbursement,Tech: Lending > Lending core systems > [Lending] - Core Products > Core Revolving Credit (Paylater + CC) > [CORE] - Paylater - Core v1 (without Interest),,,2024-10-22,policy-prose;gl;ui,0,2,VDS_paylater,paylater,4370
confluence,370081957,[CORE] - Paylater - Repayment,Tech: Lending > Lending core systems > [Lending] - Core Products > Core Revolving Credit (Paylater + CC) > [CORE] - Paylater - Core v1 (without Interest),,,2024-10-22,policy-table;gl,11,0,,paylater,20075
confluence,370082026,[CORE] - Paylater - Accounting Flow,Tech: Lending > Lending core systems > [Lending] - Core Products > Core Revolving Credit (Paylater + CC) > [CORE] - Paylater - Core v1 (without Interest),,,2024-10-22,policy-table;gl,11,0,,paylater,8248
confluence,370082051,[CORE] - Paylater - Accrual report,Tech: Lending > Lending core systems > [Lending] - Core Products > Core Revolving Credit (Paylater + CC) > [CORE] - Paylater - Core v1 (without Interest),,,2024-10-22,other,0,0,,paylater,1627
confluence,370082074,[CORE] - Paylater - Maturity,Tech: Lending > Lending core systems > [Lending] - Core Products > Core Revolving Credit (Paylater + CC) > [CORE] - Paylater - Core v1 (without Interest),,,2024-10-22,policy-prose;ui,0,2,,paylater,3344
confluence,370082117,[CORE] - Paylater - Lock mechanisme,Tech: Lending > Lending core systems > [Lending] - Core Products > Core Revolving Credit (Paylater + CC) > [CORE] - Paylater - Core v1 (without Interest),,,2024-10-22,ui,0,0,,paylater,3024
confluence,370082147,[CORE] - Paylater - Enhance 20/02/2024,Tech: Lending > Lending core systems > [Lending] - Core Products > Core Revolving Credit (Paylater + CC) > [CORE] - Paylater - Core v1 (without Interest),,,2024-10-22,policy-table-weak;gl,2,0,,paylater,5639
confluence,370082170,[CORE] - Paylater - Transaction Fee,Tech: Lending > Lending core systems > [Lending] - Core Products > Core Revolving Credit (Paylater + CC) > [CORE] - Paylater - Core v1 (without Interest),,,2024-10-22,policy-table;gl;ui,4,0,,paylater,19387
confluence,370082215,[CORE] - Statement + DPD,Tech: Lending > Lending core systems > [Lending] - Core Products > Core Revolving Credit (Paylater + CC) > [CORE] - Paylater - Core v1 (without Interest),,,2025-04-18,policy-table-weak;api;gl,2,1,,paylater,9801
confluence,371359745,[Partner][Vnpost] -  Cashloan (Mass) - Disbursement,Tech: Lending > Partnership products > [Partner] - Vietnam Post (Vnpost) > [Partner] - [Vnpost] Vnpost Cashloan (Mass),,,2024-11-15,other,0,0,VPO_cashloan,cashloan,5293
confluence,371359790,[Partner][Vnpost] -  Cashloan (Mass) - Repayment,Tech: Lending > Partnership products > [Partner] - Vietnam Post (Vnpost) > [Partner] - [Vnpost] Vnpost Cashloan (Mass),,,2024-11-22,gl;ui,0,0,VPO_cashloan,cashloan,12921
confluence,3735712,Accounting entries,Tech: Lending > Lending core systems > [Lending] - Core Products > [Lending][LMS] - Cake Loan Management System > Write off,,,2024-09-22,policy-table;gl,6,0,,,2966
confluence,377618434,[Partner][Vnpost] - Cashloan (Mass) - Accrual report,Tech: Lending > Partnership products > [Partner] - Vietnam Post (Vnpost) > [Partner] - [Vnpost] Vnpost Cashloan (Mass),,,2024-10-28,other,0,0,VPO_cashloan,cashloan,1730
confluence,377618452,[Partner][Vnpost] - Cashloan (Mass) - Accounting,Tech: Lending > Partnership products > [Partner] - Vietnam Post (Vnpost) > [Partner] - [Vnpost] Vnpost Cashloan (Mass),,,2024-10-28,gl,0,0,VPO_cashloan,cashloan,1740
confluence,383156513,[DOP] - Digital Onboarding Platform,Tech: Lending > Digital onboarding platform,,,2024-11-04,other,0,0,,,841
confluence,383680513,[CAKE][Lending & DOP] - Sprint 149,Tech: Lending > [Lending] - Sprint planning > 2024 - Years of Lending > 2024 - Second Half,,,2024-12-18,policy-table-weak;gl,2,0,BE_paylater;MWG_cashloan,,7677
confluence,385744897,[Partner] - [Vnpay] sFTP Connect Information,Tech: Lending > Partnership products > [Partner] - VNPAY Group,,,2026-09-21,other,0,0,VNP_paylater;CAKE_cashloan;VNP_cashloan;VNP_payday,,5282
confluence,387055639,[DOP] eKYC in-house on DOP integration,Tech: Lending > Digital onboarding platform > [DOP] - eKYC,,,2025-03-19,ui,0,0,VTPO_cashloan;VDS_paylater;BE_paylater;VNP_paylater;VPO_cashloan;NGS_cashloan;VT_Cashloan_S;VT_Payday_S;FPT_paylater;Be_Cashloan;CAKE_cashloan;MWG_cashloan;MWG_paylater;PD_Viettel;VNP_cashloan;Viettel_Cashloan;ZLP_cashloan,,6911
confluence,388530224,CRC - Gap Analysis,Tech: Lending > Lending core systems > [Lending] - Core Products > Core Revolving Credit (Paylater + CC) > [CORE] Core Revolving Credit - ice-tea version,,,2025-02-26,gl;ui,0,0,,paylater,6605
confluence,388530282,CRC - Disbursement,Tech: Lending > Lending core systems > [Lending] - Core Products > Core Revolving Credit (Paylater + CC) > [CORE] Core Revolving Credit - ice-tea version,,,2025-10-03,policy-table;gl;ui,5,0,,paylater,18429
confluence,388663147,CRC - Repayment,Tech: Lending > Lending core systems > [Lending] - Core Products > Core Revolving Credit (Paylater + CC) > [CORE] Core Revolving Credit - ice-tea version,,,2025-10-03,policy-table-weak;gl,1,0,,paylater,19549
confluence,388923495,CRC - Product policy config,Tech: Lending > Lending core systems > [Lending] - Core Products > Core Revolving Credit (Paylater + CC) > [CORE] Core Revolving Credit - ice-tea version > CRC - Config + Doc,,,2026-01-15,gl,0,0,,paylater,13772
confluence,389023594,[DOP] - DOP Library,Tech: Lending > Digital onboarding platform,,,2025-04-25,other,0,0,,,909
confluence,389382145,Digital onboarding platform,Tech: Lending,,,2025-08-19,other,0,0,,,406
confluence,389415113,Lending Sprint 148 - Release 05-Nov-2024,Tech: Lending > Products & business visioning > Release Version (Archived) > [Cake][Lending] - Release Version - 2024,,,2024-11-20,other,0,0,,,6292
confluence,389513459,[CCAS] - Trial Balance,Tech: Lending > Lending core systems > [Lending] - Core Products > [Core][Cake] Accounting system (CCAS),,,2024-11-04,gl,0,0,,,1209
confluence,389578868,Release Version (Archived),Tech: Lending > Products & business visioning,,,2025-12-22,other,0,0,,,535
confluence,3899393,[Viettel CreditCard] - LOS Mapping Response External API (Jun-23),Tech: Lending > LOS/RISK platform > [Lending][LOS] - LOAN DECISION SYSTEM > LOS - CREDIT CARD > [LOS][VDS] - CreditCard LOS Process,,,2023-06-14,api;gl,0,0,,,8834
confluence,3899414,[Partner][Viettel] - Cashloan - LOS Mapping Response External API (Jun-23),Tech: Lending > Partnership products > [Partner] - Viettel Digital (VDS) > [Partner] - [Viettel] Cashloan > [Partner][Viettel] - Cashloan LOS Process,,,2023-12-25,api;gl,0,0,Viettel_Cashloan,cashloan,9297
confluence,394362881,[Partner][MWG] - BRD - Gap Analysis,Tech: Lending > Partnership products > [Partner] - Mobile World Group (MWG) > [Partner] - [MWG] MWG Paylater,,,2024-11-11,policy-table-weak;ui,1,0,FPT_paylater;MWG_paylater,paylater,4483
confluence,39452673,[Partner] - [BeG] BeCashloan,Tech: Lending > Partnership products > [Partner] - beGroup by VPBANK,,,2026-06-23,policy-table;ui,4,0,Be_Cashloan,cashloan,3003
confluence,39452693,[Partner][BeG] - Build LOS for Be Cashloan,Tech: Lending > Partnership products > [Partner] - beGroup by VPBANK > [Partner] - [BeG] BeCashloan,,,2023-12-26,policy-table-weak;gl;ui,1,0,Be_Cashloan,cashloan,6502
confluence,39452958,[Partner][BeG] - be Cashloan API Mock,Tech: Lending > Partnership products > [Partner] - beGroup by VPBANK > [Partner] - [BeG] BeCashloan,,,2023-12-26,ui,0,0,Be_Cashloan,cashloan,2630
confluence,39453145,[Partner][BeG] - Cashloan - Contract data,Tech: Lending > Partnership products > [Partner] - beGroup by VPBANK > [Partner] - [BeG] BeCashloan,,,2023-12-26,policy-table,4,0,Be_Cashloan,cashloan,9912
confluence,39453176,[Partner][BeG] - Cashloan - Product Policy,Tech: Lending > Partnership products > [Partner] - beGroup by VPBANK > [Partner] - [BeG] BeCashloan,,,2026-05-21,policy-table;gl;ui,18,0,Be_Cashloan,cashloan,13728
confluence,39453214,[Partner][BeG] - Cashloan - Disbursement,Tech: Lending > Partnership products > [Partner] - beGroup by VPBANK > [Partner] - [BeG] BeCashloan,,,2023-12-26,ui,0,0,Be_Cashloan,cashloan,3924
confluence,39453302,[Partner][BeG] - Cashloan - Repayment,Tech: Lending > Partnership products > [Partner] - beGroup by VPBANK > [Partner] - [BeG] BeCashloan,,,2023-12-26,policy-table-weak;gl;ui,2,0,Be_Cashloan,cashloan,15713
confluence,39453360,[Partner][BeG] - Cashloan - Accounting Flow,Tech: Lending > Partnership products > [Partner] - beGroup by VPBANK > [Partner] - [BeG] BeCashloan,,,2023-12-26,policy-table;gl,22,0,Be_Cashloan,cashloan,10572
confluence,39453396,[Partner][BeG] - Cashloan - Accrual report,Tech: Lending > Partnership products > [Partner] - beGroup by VPBANK > [Partner] - [BeG] BeCashloan,,,2023-12-26,other,0,0,Be_Cashloan,cashloan,1879
confluence,396656761,[DOP] SDK NFC on DOP,Tech: Lending > Digital onboarding platform > [DOP] - eKYC,,,2026-08-03,ui,0,0,BE_paylater;Be_Cashloan;MWG_cashloan,,5931
confluence,399048763,Copy of [CAKE][Lending & DOP] - Sprint 50,Tech: Lending > [Lending] - Sprint planning > 2024 - Years of Lending > 2024 - Second Half,,,2024-11-08,policy-table-weak;gl,2,0,BE_paylater;MWG_cashloan,,7722
confluence,399048808,[Partner][MWG] - Paylater - Product Policy,Tech: Lending > Partnership products > [Partner] - Mobile World Group (MWG) > [Partner] - [MWG] MWG Paylater,,,2026-08-20,policy-table,6,0,MWG_paylater,paylater,4164
confluence,39911466,[Lending] - What is Private IP & Public IP,Tech: Lending > The knowledge dictionary,,,2024-01-30,other,0,0,VT_Payday_S,,7358
confluence,39911480,The knowledge dictionary,Tech: Lending,,,2025-08-19,other,0,0,,,395
confluence,399507617,[Lending][QA] - Testing,Tech: Lending > Lending core systems,,,2024-11-08,other,0,0,,,420
confluence,39977113,[Lending][Data] - GeoIPs Mapping with Maxmind,Tech: Lending > LOS/RISK platform > [Lending][Data] - The Internal Digital Footprints,,,2024-01-30,other,0,0,CAKE_overdraft_TD,,1332
confluence,400851137,[Partner][MWG] - QR Payment order,Tech: Lending > Partnership products > [Partner] - Mobile World Group (MWG) > [Partner] - [MWG] MWG Paylater,,,2024-11-25,policy-table;ui,3,0,MWG_paylater,paylater,6580
confluence,401211393,[Partner][MWG] - Core setup,Tech: Lending > Partnership products > [Partner] - Mobile World Group (MWG) > [Partner] - [MWG] MWG Paylater,,,2025-05-06,gl,0,0,MWG_paylater,paylater,7674
confluence,404094980,[Write-off] Collection,Tech: Lending > Lending core systems > [Lending] - Core Products > [Lending][LMS] - Cake Loan Management System > Write off,,,2024-11-14,policy-table;ui,6,0,,,5193
confluence,405766160,[Partner][VNPAY] Cashloan - Golive checklist,Tech: Lending > Partnership products > [Partner] - VNPAY Group > [Partner] - [VNPAY] Cashloan,,,2024-11-19,policy-table-weak;gl,1,0,VNP_cashloan,cashloan,3264
confluence,406126593,[CAKE][Lending & DOP] - Sprint 150,Tech: Lending > [Lending] - Sprint planning > 2024 - Years of Lending > 2024 - Second Half,,,2024-11-22,other,0,0,BE_paylater;MWG_cashloan,,5054
confluence,406847489,[Partner][MWG] - LOS Process,Tech: Lending > Partnership products > [Partner] - Mobile World Group (MWG) > [Partner] - [MWG] MWG Paylater,,,2024-11-20,policy-table-weak,1,0,MWG_paylater,paylater,1512
confluence,406847731,[Partner][MWG] - Contract data,Tech: Lending > Partnership products > [Partner] - Mobile World Group (MWG) > [Partner] - [MWG] MWG Paylater,,,2024-11-13,policy-table,5,0,MWG_paylater,paylater,5764
confluence,408256529,[Write-off][Collection] Change to Inapp display,Tech: Lending > Lending core systems > [Lending] - Core Products > [Lending][LMS] - Cake Loan Management System > Write off > [Write-off] Collection,,,2024-12-03,policy-table;ui,13,0,,,12958
confluence,408289308,[Write-off][Collection] Change to APIs,Tech: Lending > Lending core systems > [Lending] - Core Products > [Lending][LMS] - Cake Loan Management System > Write off > [Write-off] Collection,,,2024-12-03,policy-table-weak;api,2,0,BE_paylater;NGS_cashloan;VT_Cashloan_S;VT_Payday_S;FPT_paylater,,11962
confluence,408551455,Cake Core - Payday,Tech: Lending > Lending core systems > [Lending] - Core Products > [Payday] - Product document specs,,,2025-06-19,policy-table;gl;ui,5,1,CAKE_payday,payday,8619
confluence,40861703,[Lending] - Abbreviations dictionary - Từ điển viết tắt,Tech: Lending > The knowledge dictionary,,,2025-05-19,policy-table-weak;gl;ui,2,0,,,5948
confluence,40992771,[CAKE][Lending] - Sprint 122,Tech: Lending > [Lending] - Sprint planning > 2023 - Years of Lending > 2023 - Second Half,,,2023-10-06,other,0,0,VT_Cashloan_S;VT_Payday_S,,3014
confluence,410419203,Instalments - Cashloan,Tech: Lending > Lending core systems > [Lending] - Core Products > [Core][Cake] Instalments,,,2026-01-13,policy-table-weak;gl;ui,1,0,CAKE_cashloan;CAKE_payday,cashloan,3894
confluence,411533395,[Tech] GTM Integration,Tech: Lending > Digital onboarding platform > [DOP] - Event Tracking,,,2024-11-19,ui,0,0,,,6733
confluence,411566157,[DOP] - Event Tracking,Tech: Lending > Digital onboarding platform,,,2024-11-17,other,0,0,,,433
confluence,413630711,Lending Sprint 149 - Release 19-Nov-2024,Tech: Lending > Products & business visioning > Release Version (Archived) > [Cake][Lending] - Release Version - 2024,,,2024-12-18,other,0,0,BE_paylater,,5111
confluence,41386015,VinFast bike loan - Product Policy,Tech: Lending > Partnership products > [Partner] - Vinfast GSM > [Partner] - [Vinfast] GSM Bike Loan > Bike loan (GSM-Be-CAKE),,,2023-10-16,policy-table;gl;ui,14,0,GSM_bikeloan,bikeloan,14402
confluence,415793330,CRC - DPD,Tech: Lending > Lending core systems > [Lending] - Core Products > Core Revolving Credit (Paylater + CC) > [CORE] Core Revolving Credit - ice-tea version,,,2025-05-02,other,0,0,,paylater,1299
confluence,41615640,[Overdraft] - Xử lý sau khi tài khoản đáo hạn,Tech: Lending > Lending core systems > [Lending] - Core Products > [Overdraft] - The new short loan product > [OD] Mambu solution,,,2024-03-24,policy-table-weak;ui,2,0,CAKE_overdraft,od,9491
confluence,416710774,[Partner][MWG] - Milestone & Checklist,Tech: Lending > Partnership products > [Partner] - Mobile World Group (MWG) > [Partner] - [MWG] MWG Paylater,,,2024-12-30,ui,0,0,MWG_paylater,paylater,4444
confluence,416907280,[Partner][MWG] - Repayment,Tech: Lending > Partnership products > [Partner] - Mobile World Group (MWG) > [Partner] - [MWG] MWG Paylater,,,2025-05-26,policy-table;gl,6,0,MWG_paylater,paylater,13955
confluence,416907344,[Partner][MWG] - Accrual report,Tech: Lending > Partnership products > [Partner] - Mobile World Group (MWG) > [Partner] - [MWG] MWG Paylater,,,2024-11-20,other,0,0,MWG_paylater,paylater,1221
confluence,416907362,[Partner][MWG] - Paylater - Maturity,Tech: Lending > Partnership products > [Partner] - Mobile World Group (MWG) > [Partner] - [MWG] MWG Paylater,,,2024-11-20,policy-prose;ui,0,3,MWG_paylater,paylater,3342
confluence,417333335,[DOP] Full flow DOP with eKYC,Tech: Lending > Digital onboarding platform > [DOP] - eKYC,,,2024-12-06,ui,0,0,CAKE_overdraft_TD;VDS_paylater;BE_paylater;VNP_paylater;NGS_cashloan;VT_Cashloan_S;VT_Payday_S;FPT_paylater;Be_Cashloan;CAKE_cashloan;MWG_cashloan;MWG_paylater;PD_Viettel;VDS_bikeloan;VNP_cashloan;Viettel_Cashloan;CAKE_payday,,5277
confluence,417431554,[Partner][MWG] - Paylater - Monthly + Late fee,Tech: Lending > Partnership products > [Partner] - Mobile World Group (MWG) > [Partner] - [MWG] MWG Paylater,,,2024-11-21,gl,0,0,MWG_paylater,paylater,2539
confluence,417464321,[Partner][MWG] - Disbursement,Tech: Lending > Partnership products > [Partner] - Mobile World Group (MWG) > [Partner] - [MWG] MWG Paylater,,,2024-12-05,policy-prose;gl,0,2,MWG_paylater,paylater,3577
confluence,417464393,[Partner][MWG] - Paylater - Statement + DPD,Tech: Lending > Partnership products > [Partner] - Mobile World Group (MWG) > [Partner] - [MWG] MWG Paylater,,,2024-12-11,policy-table-weak;api;gl,2,0,MWG_paylater,paylater,8870
confluence,421134338,[CAKE][Lending & DOP] - Sprint 151,Tech: Lending > [Lending] - Sprint planning > 2024 - Years of Lending > 2024 - Second Half,,,2024-12-17,gl,0,0,BE_paylater,,4709
confluence,42139814,[Lending] - Decrypt & Encrypt file between partner and Cake,Tech: Lending > The knowledge dictionary,,,2023-10-05,ui,0,0,,,4697
confluence,422183564,Check list release,Tech: Lending > Partnership products > [Partner] - Vietnam Post (Vnpost) > [Partner] - [Vnpost] Vnpost Cashloan (Mass),,,2024-11-29,ui,0,0,VPO_cashloan,cashloan,2715
confluence,42696829,2023 - Second Half,Tech: Lending > [Lending] - Sprint planning > 2023 - Years of Lending,,,2025-12-22,other,0,0,,,442
confluence,429850683,CRC - EOD + Interest,Tech: Lending > Lending core systems > [Lending] - Core Products > Core Revolving Credit (Paylater + CC) > [CORE] Core Revolving Credit - ice-tea version,,,2025-09-16,policy-table;gl;ui,6,0,,paylater,13342
confluence,43024385,Bike loan - Accrual report,Tech: Lending > Partnership products > [Partner] - Vinfast GSM > [Partner] - [Vinfast] GSM Bike Loan > Bike loan (GSM-Be-CAKE),,,2023-10-04,other,0,0,GSM_bikeloan,bikeloan,1947
confluence,430309397,[Partner] - [Vnpost] Sales Portal - MVP version,Tech: Lending > Partnership products > [Partner] - Vietnam Post (Vnpost) > [Sales Portal] Product Specs,,,2025-01-20,ui,0,0,,,13910
confluence,43089996,2023 - First Half,Tech: Lending > [Lending] - Sprint planning > 2023 - Years of Lending,,,2025-12-22,other,0,0,,,439
confluence,432242699,[DOP] DOP Refactor Plan FE,Tech: Lending > Digital onboarding platform,,,2024-12-04,other,0,0,,,1032
confluence,433324289,Lending Sprint 150 - Release 03-Dec-2024,Tech: Lending > Products & business visioning > Release Version (Archived) > [Cake][Lending] - Release Version - 2024,,,2024-12-18,other,0,0,BE_paylater,,14267
confluence,433684772,[Cake][eContract] - Mẫu hợp đồng khoản vay (Dec-24),Tech: Lending > Lending core systems > [Cake][Esign] - Esign Contract Process,,,2026-06-26,policy-table-weak,1,0,CAKE_overdraft_TD;VDS_paylater;VDS_paylater_epass;BE_paylater;MWG_paylater,,8606
confluence,433815553,[Lending] - Product scope Q1 & Q2 - 2025,Tech: Lending > Products & business visioning > 2025 - Year of lending to hit 2.000B/Month,,,2025-12-22,gl,0,0,FPT_paylater,,7271
confluence,437649426,[DOP] NFC hộ,Tech: Lending > Digital onboarding platform > [DOP] - eKYC,,,2024-12-06,other,0,0,,,450
confluence,438796289,[CAKE][Lending & DOP] - Sprint 152,Tech: Lending > [Lending] - Sprint planning > 2024 - Years of Lending > 2024 - Second Half,,,2024-12-31,gl,0,0,BE_paylater,,7696
confluence,438993199,[CORE][CAKE] Overdraft,Tech: Lending > Lending core systems > [Lending] - Core Products > [Overdraft] - The new short loan product > [OD] Mambu solution,,,2026-03-09,policy-table;policy-prose;gl;ui,9,6,CAKE_payday;CAKE_overdraft,od,58798
confluence,439026042,OD - Repayment,Tech: Lending > Lending core systems > [Lending] - Core Products > [Overdraft] - The new short loan product > [OD] Mambu solution > [CORE][CAKE] Overdraft,,,2024-12-09,policy-table;gl,4,0,CAKE_overdraft,od,2974
confluence,439058714,OD - Disbursement,Tech: Lending > Lending core systems > [Lending] - Core Products > [Overdraft] - The new short loan product > [OD] Mambu solution > [CORE][CAKE] Overdraft,,,2024-12-09,policy-table-weak;gl,2,0,CAKE_overdraft,od,3650
confluence,439452245,[DOP][Remodel] - Unify onboarding flow,Tech: Lending > Digital onboarding platform > [DOP] Remodel Projects,,,2025-01-13,gl;ui,0,0,BE_paylater;VNP_paylater;VPO_cashloan;NGS_cashloan;VNP_cashloan,,4716
confluence,439452501,[Backend] - STAGE Setup Checklist,Tech: Lending > Partnership products > [Partner] - Mobile World Group (MWG) > [Partner] - [MWG] MWG Paylater,,,2024-12-24,gl;ui,0,0,MWG_paylater,paylater,4152
confluence,439682409,OD - DPD and Lock mechanism,Tech: Lending > Lending core systems > [Lending] - Core Products > [Overdraft] - The new short loan product > [OD] Mambu solution > [CORE][CAKE] Overdraft,,,2024-12-09,policy-table-weak,1,0,CAKE_overdraft,od,1599
confluence,439682436,OD - Reports,Tech: Lending > Lending core systems > [Lending] - Core Products > [Overdraft] - The new short loan product > [OD] Mambu solution > [CORE][CAKE] Overdraft,,,2024-12-09,other,0,0,CAKE_overdraft,od,681
confluence,439747828,OD - Interest and EOD,Tech: Lending > Lending core systems > [Lending] - Core Products > [Overdraft] - The new short loan product > [OD] Mambu solution > [CORE][CAKE] Overdraft,,,2024-12-09,policy-table;gl,5,0,CAKE_overdraft,od,2286
confluence,44335147,[Lending] - Core products comparison,Tech: Lending > The knowledge dictionary,,,2024-12-30,policy-table-weak;gl,1,0,,,2073
confluence,444334081,Prod of [Backend] - Setup Checklist,Tech: Lending > Partnership products > [Partner] - Mobile World Group (MWG) > [Partner] - [MWG] MWG Paylater,,,2025-01-20,gl,0,0,MWG_paylater,paylater,2320
confluence,447316134,Lending Sprint 151 - Release 17-Dec-2024,Tech: Lending > Products & business visioning > Release Version (Archived) > [Cake][Lending] - Release Version - 2024,,,2024-12-18,other,0,0,BE_paylater,,14750
confluence,448200941,[Sales Portal] Product Specs,Tech: Lending > Partnership products > [Partner] - Vietnam Post (Vnpost),,,2024-12-19,ui,0,0,,,2049
confluence,448266582,[DOP] FaceMatch theo chuẩn RBA,Tech: Lending > Digital onboarding platform > [DOP] - eKYC,,,2024-12-18,ui,0,0,,,814
confluence,449478688,[CAKE] - Cake app Event Tracking,Tech: Lending > Lending core systems > [Lending][UI/UX] - Update,,,2026-06-18,policy-table-weak;ui,1,0,,,9004
confluence,451018761,[DOP] - Product Scope Q1 & Q2 - 2025,Tech: Lending > Products & business visioning > 2025 - Year of lending to hit 2.000B/Month > [DOP] - Work Scope process,,,2024-12-25,gl,0,0,,,3875
confluence,451674248,[Partner] - ZaloPay (ZLP),Tech: Lending > Partnership products,,,2024-12-20,other,0,0,,,425
confluence,451674273,[Partner] - [ZaloPay] Cashloan,Tech: Lending > Partnership products > [Partner] - ZaloPay (ZLP),,,2025-04-03,policy-table;ui,8,0,ZLP_cashloan,cashloan,3087
confluence,451739650,[CAKE][Lending & DOP] - Sprint 153,Tech: Lending > [Lending] - Sprint planning > 2025 - Years of Lending > 2025 - First Half,,,2025-01-03,other,0,0,VTPO_cashloan;BE_paylater,,8245
confluence,453149117,[OPS] - Product Scope Q1 & Q2 2025,Tech: Lending > Lending core systems > [Lending][Ops] - Lending Operations,,,2025-08-02,other,0,0,,,5699
confluence,453149322,[Lending][Portal] - Setup reminder of approved loan,Tech: Lending > Lending core systems > [Lending][Ops] - Lending Operations > [Lending][OPS] - Portal,,,2025-02-05,ui,0,0,CAKE_cashloan,,2657
confluence,453182180,[Partner][ZaloPay] -  Cashloan - Product Policy,Tech: Lending > Partnership products > [Partner] - ZaloPay (ZLP) > [Partner] - [ZaloPay] Cashloan,,,2026-04-24,policy-table;ui,23,0,ZLP_cashloan,cashloan,10272
confluence,454426962,[Partner][ZaloPay] - BRD - Gap Analysis,Tech: Lending > Partnership products > [Partner] - ZaloPay (ZLP) > [Partner] - [ZaloPay] Cashloan,,,2025-01-10,gl;ui,0,0,ZLP_cashloan,cashloan,2356
confluence,454427168,[DOP] Remodel Projects,Tech: Lending > Digital onboarding platform,,,2025-04-25,other,0,0,,,824
confluence,454627490,[Lending] - Product sharing,Tech: Lending > The knowledge dictionary,,,2024-12-30,other,0,0,,,441
confluence,454656597,[DOP] - Work Scope process,Tech: Lending > Products & business visioning > 2025 - Year of lending to hit 2.000B/Month,,,2024-12-24,other,0,0,,,508
confluence,454660537,CRC - Instalments,Tech: Lending > Lending core systems > [Lending] - Core Products > Core Revolving Credit (Paylater + CC) > [CORE] Core Revolving Credit - ice-tea version,,,2025-01-07,policy-table-weak;gl,2,0,,paylater,3669
confluence,455180290,[Partner][ZaloPay] - Cashloan - API Mock,Tech: Lending > Partnership products > [Partner] - ZaloPay (ZLP) > [Partner] - [ZaloPay] Cashloan,,,2025-02-03,api;ui,0,0,FPT_paylater;ZLP_cashloan,cashloan,21982
confluence,455246022,2025 - Years of Lending,Tech: Lending > [Lending] - Sprint planning,,,2025-12-22,other,0,0,,,436
confluence,455246032,2025 - First Half,Tech: Lending > [Lending] - Sprint planning > 2025 - Years of Lending,,,2025-12-22,other,0,0,,,442
confluence,455704581,[Partner][ZaloPay] - Cashloan - Accrual report,Tech: Lending > Partnership products > [Partner] - ZaloPay (ZLP) > [Partner] - [ZaloPay] Cashloan,,,2024-12-27,other,0,0,ZLP_cashloan,cashloan,1793
confluence,455704599,[Partner][ZaloPay] - Cashloan - Accounting,Tech: Lending > Partnership products > [Partner] - ZaloPay (ZLP) > [Partner] - [ZaloPay] Cashloan,,,2025-08-13,gl,0,0,ZLP_cashloan,cashloan,937
confluence,456163329,[Partner][ZaloPay] -  Cashloan - Disbursement,Tech: Lending > Partnership products > [Partner] - ZaloPay (ZLP) > [Partner] - [ZaloPay] Cashloan,,,2025-02-13,ui,0,0,ZLP_cashloan,cashloan,4527
confluence,456196097,[Partner][ZaloPay] -  Cashloan - Repayment,Tech: Lending > Partnership products > [Partner] - ZaloPay (ZLP) > [Partner] - [ZaloPay] Cashloan,,,2025-03-12,gl;ui,0,0,ZLP_cashloan,cashloan,11273
confluence,456982551,[CORE] Core Revolving Credit - ice-tea version,Tech: Lending > Lending core systems > [Lending] - Core Products > Core Revolving Credit (Paylater + CC),,,2025-02-22,policy-table-weak;gl,1,0,,paylater,2790
confluence,457244781,Lending Sprin 152 - Release 31-Dec-2024,Tech: Lending > Products & business visioning > Release Version (Archived) > [Cake][Lending] - Release Version - 2024,,,2024-12-31,other,0,0,BE_paylater,,4248
confluence,457244951,[Cake][Lending] - Release Version - 2024,Tech: Lending > Products & business visioning > Release Version (Archived),,,2024-12-31,other,0,0,,,516
confluence,457343355,[Cake][Lending] - Release Version - 2025,Tech: Lending > Products & business visioning > Release Version (Archived),,,2024-12-31,other,0,0,,,516
confluence,457670695,[CAKE][Lending & DOP] - Sprint 154,Tech: Lending > [Lending] - Sprint planning > 2025 - Years of Lending > 2025 - First Half,,,2025-02-05,gl;ui,0,0,VTPO_cashloan;BE_paylater,,13923
confluence,458916239,Plan for MVP of Collection Management System,Tech: Lending > Lending core systems > [Lending][Collection] - Debt collection,,,2025-01-06,ui,0,0,,,2279
confluence,463306934,[Payday][Inhouse] - Config for VDS Payday 2,Tech: Lending > Lending core systems > [Lending] - Core Products > [Payday] - Product document specs,,,2025-01-10,policy-table-weak;gl;ui,2,0,VT_Payday_S,payday,2396
confluence,464290140,DOP digital footprint requirement,Tech: Lending > Digital onboarding platform > [DOP] - Event Tracking,,,2025-01-16,ui,0,0,,,2641
confluence,465141762,[Partner] - [Viettel] Cashloan O2O,Tech: Lending > Partnership products > [Partner] - Viettel Digital (VDS),,,2025-04-03,policy-table,5,0,VTPO_cashloan,cashloan,4161
confluence,465240455,[Partner][Viettel] - CL O2O - Product Policy,Tech: Lending > Partnership products > [Partner] - Viettel Digital (VDS) > [Partner] - [Viettel] Cashloan O2O,,,2025-04-15,policy-table,15,0,VTPO_cashloan,cashloan,2471
confluence,465273276,[Partner][Viettel] - CL O2O - BRD Gap Analysis,Tech: Lending > Partnership products > [Partner] - Viettel Digital (VDS) > [Partner] - [Viettel] Cashloan O2O,,,2025-02-10,ui,0,0,VTPO_cashloan;CAKE_cashloan,cashloan,2101
confluence,465306066,[Partner][Viettel] - CL O2O - API Mock,Tech: Lending > Partnership products > [Partner] - Viettel Digital (VDS) > [Partner] - [Viettel] Cashloan O2O,,,2025-01-16,other,0,0,VTPO_cashloan,cashloan,3070
confluence,466682174,[App] - New UI for loan listing,Tech: Lending > Lending core systems > [Lending][UI/UX] - Update,,,2025-02-21,policy-table-weak;ui,1,0,,,4480
confluence,467140907,Revamp DOP landing page,Tech: Lending > Partnership products > [Partner] - Viettel Digital (VDS) > [Partner] - [Viettel] Landing page VT Cashloan (Mass),,,2025-01-24,gl;ui,0,0,VDS_cashloan_LP,cashloan,11186
confluence,468189191,Lending Sprint 153 - Release 14-Jan-2025,Tech: Lending > Products & business visioning > Release Version (Archived) > [Cake][Lending] - Release Version - 2025,,,2025-02-05,other,0,0,BE_paylater,,3457
confluence,470089744,[DOP] - Product Scope Q1 & Q2 - 2025 (V2),Tech: Lending > Products & business visioning > 2025 - Year of lending to hit 2.000B/Month > [DOP] - Work Scope process,,,2025-01-16,other,0,0,,,2561
confluence,470188057,DOP Fundamentals,Tech: Lending > Digital onboarding platform > [DOP] - DOP Library,,,2025-01-17,ui,0,0,,,6290
confluence,470188299,[Partner][Viettel] -  CL O2O - Disbursement,Tech: Lending > Partnership products > [Partner] - Viettel Digital (VDS) > [Partner] - [Viettel] Cashloan O2O,,,2025-02-10,other,0,0,VTPO_cashloan,cashloan,5507
confluence,471007624,[Partner] - Sales Portal - Phase 2,Tech: Lending > Partnership products > [Partner] - Vietnam Post (Vnpost) > [Sales Portal] Product Specs,,,2025-01-20,ui,0,0,,,2346
confluence,471564290,[CAKE][Lending] - Sprint 155,Tech: Lending > [Lending] - Sprint planning > 2025 - Years of Lending > 2025 - First Half,,,2025-02-10,policy-table-weak;gl;ui,1,0,VTPO_cashloan,,6467
confluence,472253497,DOP landing page: traffic optimization & monitoring,Tech: Lending > Partnership products > [Partner] - Viettel Digital (VDS) > [Partner] - [Viettel] Landing page VT Cashloan (Mass),,,2025-01-22,other,0,0,VDS_cashloan_LP,cashloan,3212
confluence,472285432,[Partner][Viettel] -  CL O2O - Repayment,Tech: Lending > Partnership products > [Partner] - Viettel Digital (VDS) > [Partner] - [Viettel] Cashloan O2O,,,2025-01-19,policy-table-weak;gl;ui,2,0,VTPO_cashloan,cashloan,18532
confluence,472646043,CRC - BRD + Kickoff memo,Tech: Lending > Lending core systems > [Lending] - Core Products > Core Revolving Credit (Paylater + CC) > [CORE] Core Revolving Credit - ice-tea version > CRC - Config + Doc,,,2025-02-21,gl,0,0,,paylater,3579
confluence,472646098,Revamp Viettel Payday,Tech: Lending > Partnership products > [Partner] - Viettel Digital (VDS) > [Partner] - [Viettel] Payday,,,2025-02-24,ui,0,0,PD_Viettel,payday,3535
confluence,473923655,20/01/2025,Tech: Lending > Digital onboarding platform > [DOP] Remodel Projects > Testing Remodel Report,,,2025-01-22,other,0,0,BE_paylater;VNP_paylater;VNP_cashloan,,1228
confluence,474284090,Testing Remodel Report,Tech: Lending > Digital onboarding platform > [DOP] Remodel Projects,,,2025-02-03,other,0,0,,,455
confluence,475496461,[DOP] reKYC for Credit Card,Tech: Lending > Digital onboarding platform,,,2025-02-25,gl;ui,0,0,,,1729
confluence,475955201,[CAKE][DOP] - Sprint 155,Tech: Lending > [DOP] - Sprint planning > 2025 - Reborn DOP to enhand platform mobilities > 2025 - First Half (dop),,,2025-02-07,other,0,0,,,3727
confluence,475955249,22/01/2025,Tech: Lending > Digital onboarding platform > [DOP] Remodel Projects > Testing Remodel Report,,,2025-01-22,other,0,0,BE_paylater;VNP_paylater;MWG_cashloan,,1484
confluence,476119089,[Partner][Viettel] - CL O2O - Contract data,Tech: Lending > Partnership products > [Partner] - Viettel Digital (VDS) > [Partner] - [Viettel] Cashloan O2O,,,2025-01-22,policy-table,4,0,VTPO_cashloan,cashloan,9664
confluence,477102081,[Lending] - The Revolut - Change the way you money,Tech: Lending > The knowledge dictionary,,,2025-02-03,gl;ui,0,0,VT_Payday_S,,43258
confluence,479264770,24/01/2025,Tech: Lending > Digital onboarding platform > [DOP] Remodel Projects > Testing Remodel Report,,,2025-01-24,other,0,0,BE_paylater;VNP_paylater;MWG_cashloan,,1522
confluence,485359621,[Lending][Guideline] - sFTP Connection Process,Tech: Lending > Guideline > [Lending] - Lending Operations Process,,,2026-03-24,ui,0,0,,,9310
confluence,485950078,[API Native] - API specs,Tech: Lending > Partnership products > [Partner] - Common for all partner products,,,2025-10-02,policy-table;api,6,0,Viettel_Cashloan,,37750
confluence,486015244,[Partner] - Common for all partner products,Tech: Lending > Partnership products,,,2025-08-19,other,0,0,,,481
confluence,487325699,[Lending] - Product Tools,Tech: Lending > The knowledge dictionary,,,2025-08-13,other,0,0,,,2224
confluence,488767675,Remodel rollout checklist,Tech: Lending > Digital onboarding platform > [DOP] Remodel Projects,,,2025-02-10,other,0,0,BE_paylater;VNP_paylater;VPO_cashloan;NGS_cashloan;Be_Cashloan;MWG_cashloan;PD_Viettel;VNP_cashloan,,2340
confluence,489488411,[Lending][OPS] - Portal,Tech: Lending > Lending core systems > [Lending][Ops] - Lending Operations,,,2025-02-13,other,0,0,,,473
confluence,489586757,Lending Sprint 154 - Release 05-Feb-2025,Tech: Lending > Products & business visioning > Release Version (Archived) > [Cake][Lending] - Release Version - 2025,,,2025-02-05,gl;ui,0,0,VTPO_cashloan;BE_paylater,,2176
confluence,493223944,[CAKE][DOP] - Sprint 156,Tech: Lending > [DOP] - Sprint planning > 2025 - Reborn DOP to enhand platform mobilities > 2025 - First Half (dop),,,2025-02-12,gl,0,0,,,2297
confluence,493256708,[CAKE][Lending] - Sprint 156,Tech: Lending > [Lending] - Sprint planning > 2025 - Years of Lending > 2025 - First Half,,,2025-02-21,gl;ui,0,0,VTPO_cashloan;BE_paylater,,6886
confluence,494927994,10/02/2025,Tech: Lending > Digital onboarding platform > [DOP] Remodel Projects > Testing Remodel Report,,,2025-02-10,other,0,0,BE_paylater;VNP_paylater;MWG_cashloan,,1504
confluence,497451121,CRC - Book name to GL code Mapping,Tech: Lending > Lending core systems > [Lending] - Core Products > Core Revolving Credit (Paylater + CC) > [CORE] Core Revolving Credit - ice-tea version > CRC - GL,,,2025-03-25,gl,0,0,,paylater,18104
confluence,4980737,[LOS][DEM] - Decision engine v.2.0 for CC,Tech: Lending > LOS/RISK platform > [Lending][LOS] - LOAN DECISION SYSTEM,,,2025-10-28,policy-table-weak;api;gl;ui,2,0,,,17661
confluence,499187804,[Lending][LOS] - FE Blacklist + VPB Blacklist,Tech: Lending > LOS/RISK platform > [Lending][LOS] - LOAN DECISION SYSTEM > [Lending][LOS] - Master LOS > [Lending][LOS] - Master LOS - LOS Process,,,2025-02-13,ui,0,0,,,899
confluence,499318879,[Lending][OPS] - Superset,Tech: Lending > Lending core systems > [Lending][Ops] - Lending Operations,,,2025-02-13,other,0,0,,,479
confluence,499449903,[Lending][Superset] - Check loan,Tech: Lending > Lending core systems > [Lending][Ops] - Lending Operations > [Lending][OPS] - Superset,,,2025-02-24,gl,0,0,BE_paylater;NGS_cashloan,,3657
confluence,500498470,14/02/2025,Tech: Lending > Digital onboarding platform > [DOP] Remodel Projects > Testing Remodel Report,,,2025-02-14,other,0,0,VPO_cashloan,,944
confluence,50069505,[CAKE][Lending] - Sprint 123,Tech: Lending > [Lending] - Sprint planning > 2023 - Years of Lending > 2023 - Second Half,,,2023-10-20,gl,0,0,,,3124
confluence,502825238,[OTP] - Rule OTP,Tech: Lending > Partnership products > [Partner] - Common for all partner products,,,2025-10-21,other,0,0,,,3827
confluence,504496135,Lending Spring 155 - Release 18-Feb-2024,Tech: Lending > Products & business visioning > Release Version (Archived) > [Cake][Lending] - Release Version - 2025,,,2025-03-05,policy-table-weak;gl,1,0,VTPO_cashloan,,2109
confluence,507117939,CRC - GL Off Balance + WO handling,Tech: Lending > Lending core systems > [Lending] - Core Products > Core Revolving Credit (Paylater + CC) > [CORE] Core Revolving Credit - ice-tea version > CRC - GL,,,2025-06-12,gl,0,0,,paylater,26470
confluence,507674641,[CAKE][Lending] - Sprint 157,Tech: Lending > [Lending] - Sprint planning > 2025 - Years of Lending > 2025 - First Half,,,2025-03-05,gl;ui,0,0,VTPO_cashloan;BE_paylater,,5399
confluence,507740161,[CAKE][DOP] - Sprint 157,Tech: Lending > [DOP] - Sprint planning > 2025 - Reborn DOP to enhand platform mobilities > 2025 - First Half (dop),,,2025-03-05,ui,0,0,,,3348
confluence,508854273,[LOS] - LOS Improve the testing process,Tech: Lending > LOS/RISK platform > [Lending][LOS] - LOAN DECISION SYSTEM,,,2025-03-24,gl,0,0,CAKE_overdraft,,4318
confluence,509280321,BePaylayter with NFC SDK integration,Tech: Lending > Partnership products > [Partner] - beGroup by VPBANK > [Partner] - [BeG] Be Paylater (Ví trả sau be),,,2025-02-24,ui,0,0,BE_paylater,paylater,1318
confluence,509607951,24/02/2025,Tech: Lending > Digital onboarding platform > [DOP] Remodel Projects > Testing Remodel Report,,,2025-02-24,other,0,0,VPO_cashloan,,926
confluence,509902884,CRC - MIN v3,Tech: Lending > Lending core systems > [Lending] - Core Products > Core Revolving Credit (Paylater + CC) > [CORE] Core Revolving Credit - ice-tea version,,,2025-02-26,gl;ui,0,0,,paylater,5566
confluence,510689285,[Lending][Guideline] - Google Cloud Storage (GCS) access to upload/download,Tech: Lending > Guideline > [Lending] - Lending Operations Process,,,2025-02-25,other,0,0,,,991
confluence,514162798,"DOP application life cycle, authentication, status, stage, stage detail",Tech: Lending > Digital onboarding platform > [DOP] - DOP Library,,,2025-03-02,gl,0,0,,,5411
confluence,516194527,[Lending][OPS] - Những trường hợp thường gặp,Tech: Lending > Lending core systems > [Lending][Ops] - Lending Operations,,,2025-06-25,policy-table-weak;gl;ui,1,0,BE_paylater;NGS_cashloan;FPT_paylater,,13005
confluence,516194761,Unified data fields in DOP for all products,Tech: Lending > Digital onboarding platform > [DOP] - DOP Library,,,2025-03-11,policy-table-weak;ui,1,0,,,7870
confluence,521044120,Lending Sprint 156 - Release 04-Mar-2025,Tech: Lending > Products & business visioning > Release Version (Archived) > [Cake][Lending] - Release Version - 2025,,,2025-03-05,policy-table-weak;gl,1,0,VTPO_cashloan;BE_paylater,,3442
confluence,521666564,[Partner] [MWG] - Cashloan - New DOP flow after remodel,Tech: Lending > Partnership products > [Partner] - Mobile World Group (MWG) > [Partner] - [MWG] MWG Cashloan,,,2025-04-11,gl;ui,0,0,MWG_cashloan,cashloan,3932
confluence,522748196,CRC - Buckets to book_id mapping,Tech: Lending > Lending core systems > [Lending] - Core Products > Core Revolving Credit (Paylater + CC) > [CORE] Core Revolving Credit - ice-tea version > CRC - Config + Doc,,,2025-05-19,gl,0,0,,paylater,5500
confluence,523633072,CRC - Reverse mapping GL to bucket,Tech: Lending > Lending core systems > [Lending] - Core Products > Core Revolving Credit (Paylater + CC) > [CORE] Core Revolving Credit - ice-tea version > CRC - Migration,,,2025-03-09,gl,0,0,,paylater,5578
confluence,523730946,[CAKE][Lending] - Sprint 158,Tech: Lending > [Lending] - Sprint planning > 2025 - Years of Lending > 2025 - First Half,,,2025-05-08,policy-table-weak;gl;ui,1,0,VTPO_cashloan;BE_paylater,,5130
confluence,523763760,[CAKE][DOP] - Sprint 158,Tech: Lending > [DOP] - Sprint planning > 2025 - Reborn DOP to enhand platform mobilities > 2025 - First Half (dop),,,2025-03-19,gl,0,0,,,3415
confluence,52592641,[Partner] - [Viettel] Bikeloan (VFS x VDS x CAKE),Tech: Lending > Partnership products > [Partner] - Viettel Digital (VDS),,,2025-04-03,policy-table;gl;ui,6,0,VDS_bikeloan,bikeloan,5640
confluence,52592675,[Partner][Viettel] - Bikeloan API Mock,Tech: Lending > Partnership products > [Partner] - Viettel Digital (VDS) > [Partner] - [Viettel] Bikeloan (VFS x VDS x CAKE),,,2023-12-25,policy-table;ui,3,0,VDS_bikeloan,bikeloan,3428
confluence,52592872,[Partner][Viettel] - Bikeloan Contract data,Tech: Lending > Partnership products > [Partner] - Viettel Digital (VDS) > [Partner] - [Viettel] Bikeloan (VFS x VDS x CAKE),,,2023-12-25,policy-table,8,0,VDS_bikeloan,bikeloan,12127
confluence,52592908,[Partner][Viettel] - VDS Bikeloan LOS Process,Tech: Lending > Partnership products > [Partner] - Viettel Digital (VDS) > [Partner] - [Viettel] Bikeloan (VFS x VDS x CAKE),,,2023-12-25,policy-table-weak;ui,1,0,VDS_bikeloan,bikeloan,2310
confluence,52593137,[Partner][Viettel] - LOS Mapping Response External API,Tech: Lending > Partnership products > [Partner] - Viettel Digital (VDS) > [Partner] - [Viettel] Bikeloan (VFS x VDS x CAKE) > [Partner][Viettel] - VDS Bikeloan LOS Process,,,2023-12-25,policy-table-weak;api;gl,2,0,VDS_bikeloan,bikeloan,5438
confluence,52593159,[Partner][Viettel] -  Bikeloan - Product Policy,Tech: Lending > Partnership products > [Partner] - Viettel Digital (VDS) > [Partner] - [Viettel] Bikeloan (VFS x VDS x CAKE),,,2023-12-25,policy-table;gl;ui,17,0,VDS_bikeloan,bikeloan,13237
confluence,52593200,[Partner][Viettel] -  Bikeloan - Disbursement,Tech: Lending > Partnership products > [Partner] - Viettel Digital (VDS) > [Partner] - [Viettel] Bikeloan (VFS x VDS x CAKE),,,2023-12-25,ui,0,0,VDS_bikeloan,bikeloan,5310
confluence,52593290,[Partner][Viettel] -  Bikeloan - Repayment,Tech: Lending > Partnership products > [Partner] - Viettel Digital (VDS) > [Partner] - [Viettel] Bikeloan (VFS x VDS x CAKE),,,2023-12-25,policy-table-weak;gl;ui,1,0,VDS_bikeloan,bikeloan,18169
confluence,52593354,[Partner][Viettel] - Bikeloan - Accounting Flow,Tech: Lending > Partnership products > [Partner] - Viettel Digital (VDS) > [Partner] - [Viettel] Bikeloan (VFS x VDS x CAKE),,,2023-12-25,policy-table;gl,22,0,VT_Cashloan_S;VDS_bikeloan,bikeloan,11898
confluence,52593390,[Partner][Viettel] -  Bikeloan - Accrual report,Tech: Lending > Partnership products > [Partner] - Viettel Digital (VDS) > [Partner] - [Viettel] Bikeloan (VFS x VDS x CAKE),,,2023-12-25,other,0,0,VDS_bikeloan,bikeloan,1861
confluence,527794306,In-house face authentication in DOP,Tech: Lending > Digital onboarding platform > [DOP] - eKYC,,,2025-03-31,gl;ui,0,0,,,8788
confluence,5308417,[CAKE][Lending] - Sprint 115,Tech: Lending > [Lending] - Sprint planning > 2023 - Years of Lending > 2023 - Second Half,,,2023-06-27,policy-table-weak;ui,1,0,,,2808
confluence,531235031,[Lending][Support] - Hỗ trợ tạo TC,Tech: Lending > Lending core systems > [Lending][Ops] - Lending Operations,,,2025-05-08,policy-table-weak;gl,1,0,BE_paylater;NGS_cashloan;FPT_paylater;Be_Cashloan;CAKE_cashloan;MWG_cashloan;MWG_paylater;Viettel_Cashloan,,4239
confluence,533070112,Instalments - Paylater - Changes to current Paylater,Tech: Lending > Lending core systems > [Lending] - Core Products > [Core][Cake] Instalments > Instalments - Paylater,,,2025-10-23,policy-table-weak;gl,1,0,,paylater,13821
confluence,533890404,Ops tool on Portal,Tech: Lending > Lending core systems > [Lending][Ops] - Lending Operations > [OPS] - Product Scope Q1 & Q2 2025,,,2025-03-24,other,0,0,,,3684
confluence,533955059,CRC - Migration,Tech: Lending > Lending core systems > [Lending] - Core Products > Core Revolving Credit (Paylater + CC) > [CORE] Core Revolving Credit - ice-tea version,,,2025-03-28,gl;ui,0,0,,paylater,3038
confluence,533955116,Final countdown plan,Tech: Lending > Lending core systems > [Lending] - Core Products > Core Revolving Credit (Paylater + CC) > [CORE] Core Revolving Credit - ice-tea version,,,2025-03-17,gl,0,0,,paylater,2662
confluence,535757026,Metrics to monitor & enhance in-house eKYC on DOP,Tech: Lending > Digital onboarding platform > [DOP] - eKYC,,,2025-03-31,other,0,0,,,1626
confluence,536314281,Lending Sprint 157 - Release 18-Mar-2024,Tech: Lending > Products & business visioning > Release Version (Archived) > [Cake][Lending] - Release Version - 2025,,,2025-03-19,gl,0,0,VTPO_cashloan;BE_paylater,,4583
confluence,537526535,NTB score model,Tech: Lending > LOS/RISK platform > [Lending][DC] - Scoring Service (SAAS - Score as a service),,,2025-03-25,other,0,0,,,2731
confluence,539754518,[CAKE][Lending] - Sprint 159,Tech: Lending > [Lending] - Sprint planning > 2025 - Years of Lending > 2025 - First Half,,,2025-04-02,gl;ui,0,0,,,4442
confluence,540181605,[Partner] - [SmartPay] Thu hộ,Tech: Lending > Partnership products > [Partner] - SmartPay,,,2025-05-24,other,0,0,MWG_cashloan,,1429
confluence,540377187,[CAKE][DOP] - Sprint 159,Tech: Lending > [DOP] - Sprint planning > 2025 - Reborn DOP to enhand platform mobilities > 2025 - First Half (dop),,,2025-03-31,other,0,0,,,2178
confluence,540574475,[Partner] - SmartPay,Tech: Lending > Partnership products,,,2025-05-23,other,0,0,,,412
confluence,54067223,[Partner] - [Viettel] Paylater (Ví Trả Sau),Tech: Lending > Partnership products > [Partner] - Viettel Digital (VDS),,,2025-10-18,gl;ui,0,0,FPT_paylater;VDS_paylater,paylater,7982
confluence,54067258,[Partner][Viettel] - Paylater APIs Spec,Tech: Lending > Partnership products > [Partner] - Viettel Digital (VDS) > [Partner] - [Viettel] Paylater (Ví Trả Sau),,,2023-12-25,policy-table;ui,3,0,VDS_paylater,paylater,4333
confluence,54067493,[Partner][Viettel] - Paylater LOS Process,Tech: Lending > Partnership products > [Partner] - Viettel Digital (VDS) > [Partner] - [Viettel] Paylater (Ví Trả Sau),,,2023-12-25,policy-table-weak;ui,1,0,VDS_paylater,paylater,2602
confluence,54067723,[Partner][Viettel] - Paylater - LOS Mapping Response External API,Tech: Lending > Partnership products > [Partner] - Viettel Digital (VDS) > [Partner] - [Viettel] Paylater (Ví Trả Sau) > [Partner][Viettel] - Paylater LOS Process,,,2024-08-01,policy-table;api;gl,4,0,VT_Payday_S;Viettel_Cashloan;VDS_paylater,paylater,12682
confluence,54067746,[Partner][Viettel] - Paylater - Product Policy,Tech: Lending > Partnership products > [Partner] - Viettel Digital (VDS) > [Partner] - [Viettel] Paylater (Ví Trả Sau),,,2025-10-18,policy-table,5,0,VDS_paylater;VDS_paylater_epass,paylater,3542
confluence,54067788,[Partner][Viettel] - Paylater - Disbursement,Tech: Lending > Partnership products > [Partner] - Viettel Digital (VDS) > [Partner] - [Viettel] Paylater (Ví Trả Sau) > [Partner][Viettel] - Paylater - Core v1 (without Interest),,,2024-06-23,policy-prose;gl;ui,0,2,VDS_paylater,paylater,4441
confluence,54067863,[Partner][Viettel] - Paylater - Repayment,Tech: Lending > Partnership products > [Partner] - Viettel Digital (VDS) > [Partner] - [Viettel] Paylater (Ví Trả Sau) > [Partner][Viettel] - Paylater - Core v1 (without Interest),,,2024-05-03,policy-table;gl,11,0,VDS_paylater,paylater,19886
confluence,54067928,[Partner][Viettel] - Paylater - Accounting Flow,Tech: Lending > Partnership products > [Partner] - Viettel Digital (VDS) > [Partner] - [Viettel] Paylater (Ví Trả Sau) > [Partner][Viettel] - Paylater - Core v1 (without Interest),,,2024-02-21,policy-table;gl,11,0,VDS_paylater,paylater,8318
confluence,54067946,(Draft)[Partner][Viettel] - Paylater - Notifications - Draft,Tech: Lending > Partnership products > [Partner] - Viettel Digital (VDS) > [Partner] - [Viettel] Paylater (Ví Trả Sau),,,2023-12-25,policy-table-weak;api;gl,1,0,VDS_paylater,paylater,3752
confluence,54067966,[Partner][Viettel] - Paylater - Accrual report,Tech: Lending > Partnership products > [Partner] - Viettel Digital (VDS) > [Partner] - [Viettel] Paylater (Ví Trả Sau) > [Partner][Viettel] - Paylater - Core v1 (without Interest),,,2024-02-16,other,0,0,VDS_paylater,paylater,1697
confluence,540770970,[Partner][SmarPay] - Repayment,Tech: Lending > Partnership products > [Partner] - SmartPay > [Partner] - [SmartPay] Thu hộ,,,2025-05-24,gl,0,0,,,700
confluence,541656389,[DOP] - API specs,Tech: Lending > Partnership products > [Partner] - Common for all partner products,,,2025-05-08,policy-table-weak,1,0,BE_paylater,,8979
confluence,541688715,book_id to book name - gl code,Tech: Lending > Lending core systems > [Lending] - Core Products > Core Revolving Credit (Paylater + CC) > [CORE] Core Revolving Credit - ice-tea version > CRC - GL > CRC - Book name to GL code Mapping,,,2025-07-03,gl,0,0,,paylater,4937
confluence,541688937,CRC - Final test scenarios + expected results,Tech: Lending > Lending core systems > [Lending] - Core Products > Core Revolving Credit (Paylater + CC) > [CORE] Core Revolving Credit - ice-tea version > CRC - Config + Doc,,,2025-11-04,gl,0,0,,paylater,37010
confluence,544801175,[Partner][MWG] - Paylater on QTV,Tech: Lending > Partnership products > [Partner] - Mobile World Group (MWG),,,2025-04-15,ui,0,0,MWG_paylater,paylater,3077
confluence,547553281,[CORE]Paylater - MIN v3,Tech: Lending > Lending core systems > [Lending] - Core Products > Core Revolving Credit (Paylater + CC) > [CORE][V2] - Paylater - Core v2 (Interest & Penalty calculation),,,2025-04-28,gl;ui,0,0,,paylater,5011
confluence,548012036,Instalments - Paylater - Revert,Tech: Lending > Lending core systems > [Lending] - Core Products > [Core][Cake] Instalments > Instalments - Paylater,,,2025-03-31,other,0,0,,paylater,1240
confluence,548405293,CRC - Upload Portal - Write off,Tech: Lending > Lending core systems > [Lending] - Core Products > Core Revolving Credit (Paylater + CC) > [CORE] Core Revolving Credit - ice-tea version > CRC - Upload Portal,,,2025-04-01,other,0,0,,paylater,1983
confluence,548438033,CRC - Upload Portal,Tech: Lending > Lending core systems > [Lending] - Core Products > Core Revolving Credit (Paylater + CC) > [CORE] Core Revolving Credit - ice-tea version,,,2025-04-08,ui,0,0,,paylater,5444
confluence,551158031,Lending Sprint 158 - Release 01-Apr-2025,Tech: Lending > Products & business visioning > Release Version (Archived) > [Cake][Lending] - Release Version - 2025,,,2025-04-02,policy-table-weak;gl,1,0,VTPO_cashloan;BE_paylater,,3651
confluence,552108130,Instalments - CC - Shell accounts,Tech: Lending > Lending core systems > [Lending] - Core Products > [Core][Cake] Instalments,,,2025-04-12,policy-table-weak;gl;ui,2,0,,,6512
confluence,557548170,Instalments - Paylater - CR,Tech: Lending > Lending core systems > [Lending] - Core Products > [Core][Cake] Instalments > Instalments - Paylater,,,2025-04-09,policy-prose;gl,0,2,,paylater,1808
confluence,557645828,[CAKE][DOP] - Sprint 160,Tech: Lending > [DOP] - Sprint planning > 2025 - Reborn DOP to enhand platform mobilities > 2025 - First Half (dop),,,2025-04-17,other,0,0,,,1928
confluence,557907969,[CAKE][Lending] - Sprint 160,Tech: Lending > [Lending] - Sprint planning > 2025 - Years of Lending > 2025 - First Half,,,2025-04-11,gl;ui,0,0,,,4565
confluence,559743120,Instalments - CC change,Tech: Lending > Lending core systems > [Lending] - Core Products > [Core][Cake] Instalments > Instalments - CC - Shell accounts,,,2026-02-06,gl,0,0,,,4993
confluence,562627242,[RISK] Kiểm soát sau vay,Tech: Lending > Lending core systems,,,2025-04-15,gl,0,0,,,6308
confluence,56786981,[CAKE][Lending] - Sprint 124,Tech: Lending > [Lending] - Sprint planning > 2023 - Years of Lending > 2023 - Second Half,,,2023-11-06,gl,0,0,,,3211
confluence,569049245,[Lending][Guideline] - LOS update new model,Tech: Lending > Guideline > [Lending] - Lending Operations Process > [Lending][Guideline] - LOS Scripting Deploy Process,,,2025-04-22,gl,0,0,BE_paylater;MWG_cashloan,,2468
confluence,571179009,[CAKE][Lending] - Sprint 161,Tech: Lending > [Lending] - Sprint planning > 2025 - Years of Lending > 2025 - First Half,,,2025-05-07,gl;ui,0,0,,,4255
confluence,571278205,[DOP] Audit flow & user journey,Tech: Lending > Digital onboarding platform,,,2026-09-24,policy-table-weak;ui,2,0,,,14966
confluence,571637804,Instalments - CC - GL,Tech: Lending > Lending core systems > [Lending] - Core Products > [Core][Cake] Instalments > Instalments - CC - Shell accounts,,,2025-05-25,policy-table;gl,4,0,,,4456
confluence,573046786,[CAKE][DOP] - Sprint 161,Tech: Lending > [DOP] - Sprint planning > 2025 - Reborn DOP to enhand platform mobilities > 2025 - First Half (dop),,,2025-04-25,other,0,0,,,1454
confluence,574029825,[DOP] - Sprint planning,Tech: Lending,,,2025-08-20,other,0,0,,,392
confluence,574029842,[DOP] - DOP Remodel report,Tech: Lending > Digital onboarding platform > [DOP] Remodel Projects,,,2025-05-08,gl;ui,0,0,BE_paylater,,14780
confluence,574062593,2024 - The newest onboarding channel,Tech: Lending > [DOP] - Sprint planning,,,2025-12-22,other,0,0,,,469
confluence,574095361,2025 - Reborn DOP to enhand platform mobilities,Tech: Lending > [DOP] - Sprint planning,,,2025-12-22,other,0,0,,,502
confluence,574160897,2025 - First Half (dop),Tech: Lending > [DOP] - Sprint planning > 2025 - Reborn DOP to enhand platform mobilities,,,2025-12-22,other,0,0,,,502
confluence,57737230,Lending Journal Adjustment,Tech: Lending > Lending core systems > [Lending][Ops] - Lending Operations > Lending Adjustment,,,2023-10-31,gl,0,0,,,3147
confluence,585138177,[CAKE][Lending] - Sprint 162,Tech: Lending > [Lending] - Sprint planning > 2025 - Years of Lending > 2025 - First Half,,,2025-05-16,gl;ui,0,0,,,4597
confluence,586645506,[CAKE][DOP] - Sprint 162,Tech: Lending > [DOP] - Sprint planning > 2025 - Reborn DOP to enhand platform mobilities > 2025 - First Half (dop),,,2025-05-09,other,0,0,,,1495
confluence,588415213,[Partner][MWG-PL][QTV] - Security issues,Tech: Lending > Partnership products > [Partner] - Mobile World Group (MWG) > [Partner][MWG] - Paylater on QTV,,,2025-05-10,ui,0,0,MWG_paylater,paylater,1829
confluence,591134849,Instalments - Force post + Terminate instalment,Tech: Lending > Lending core systems > [Lending] - Core Products > [Core][Cake] Instalments > Instalments - Paylater,,,2025-07-04,policy-table-weak;gl;ui,1,0,,paylater,6787
confluence,596148225,[Partner] - [Viettel] Synchronize the loan data,Tech: Lending > Partnership products > [Partner] - Viettel Digital (VDS),,,2025-05-23,policy-table-weak;gl,1,0,,,4052
confluence,59670529,[Lending][Ops] - Lending Operations,Tech: Lending > Lending core systems,,,2024-12-22,other,0,0,,,454
confluence,597360690,[CAKE][DOP] - Sprint 163,Tech: Lending > [DOP] - Sprint planning > 2025 - Reborn DOP to enhand platform mobilities > 2025 - First Half (dop),,,2025-05-24,ui,0,0,NGS_cashloan,,1679
confluence,597458945,[CAKE][Lending] - Sprint 163,Tech: Lending > [Lending] - Sprint planning > 2025 - Years of Lending > 2025 - First Half,,,2025-05-30,gl;ui,0,0,,,6678
confluence,597458991,[CAKE][Lending] - Sprint 164,Tech: Lending > [Lending] - Sprint planning > 2025 - Years of Lending > 2025 - First Half,,,2025-06-25,gl;ui,0,0,,,4910
confluence,59768833,Lending Adjustment,Tech: Lending > Lending core systems > [Lending][Ops] - Lending Operations,,,2024-11-27,gl;ui,0,1,,,11833
confluence,606240982,Instalments - Paylater - Testcases + Regression test,Tech: Lending > Lending core systems > [Lending] - Core Products > [Core][Cake] Instalments > Instalments - Paylater,,,2025-05-22,other,0,0,,paylater,1305
confluence,60751873,[Partner] - [Viettel] Landing page VT Cashloan (Mass),Tech: Lending > Partnership products > [Partner] - Viettel Digital (VDS),,,2025-04-03,policy-table;gl;ui,5,0,Viettel_Cashloan;VDS_cashloan_LP,cashloan,6560
confluence,610992343,[Partner] - [VNPay] Payday,Tech: Lending > Partnership products > [Partner] - VNPAY Group,,,2025-07-18,policy-table-weak;gl;ui,1,0,VNP_payday,payday,4752
confluence,610992373,[Partner][VNPAY] - Payday - Product Policy,Tech: Lending > Partnership products > [Partner] - VNPAY Group > [Partner] - [VNPay] Payday,,,2025-08-26,policy-table;gl,7,0,VNP_payday,payday,4210
confluence,61341717,BeBikeloan - Collection,Tech: Lending > Partnership products > [Partner] - Vinfast GSM > [Partner] - [Vinfast] GSM Bike Loan,,,2023-11-08,gl,0,0,GSM_bikeloan,bikeloan,5217
confluence,616694306,CRC - Data + Reports,Tech: Lending > Lending core systems > [Lending] - Core Products > Core Revolving Credit (Paylater + CC) > [CORE] Core Revolving Credit - ice-tea version,,,2025-05-29,gl,0,0,,paylater,4186
confluence,62128177,[Lending][Guideline] - FIN Test & Release procedure,Tech: Lending > Guideline > [Lending] - Lending Operations Process,,,2024-01-17,gl,0,0,,,2729
confluence,625312058,CRC - Ice - Paylater,Tech: Lending > Lending core systems > [Lending] - Core Products > Core Revolving Credit (Paylater + CC),,,2025-07-30,gl,0,0,BE_paylater,paylater,6263
confluence,625377659,[CAKE] - Cake Payday,Tech: Lending > Partnership products > [Partner] - Cake Internal Product,,,2025-07-21,policy-table-weak;gl;ui,1,0,CAKE_payday,payday,5301
confluence,628949264,[CAKE][DOP] - Sprint 164,Tech: Lending > [DOP] - Sprint planning > 2025 - Reborn DOP to enhand platform mobilities > 2025 - First Half (dop),,,2025-06-06,ui,0,0,BE_paylater;NGS_cashloan,,1976
confluence,632389722,CRC - GL Off Balance ver 2,Tech: Lending > Lending core systems > [Lending] - Core Products > Core Revolving Credit (Paylater + CC) > [CORE] Core Revolving Credit - ice-tea version > CRC - GL,,,2025-12-09,gl,0,0,,paylater,31301
confluence,632520749,[Partner][MWG-PL][QTV] - QR repayment using VAN,Tech: Lending > Partnership products > [Partner] - Mobile World Group (MWG) > [Partner][MWG] - Paylater on QTV,,,2025-05-31,ui,0,0,MWG_paylater,paylater,2047
confluence,636092417,[CAKE][Lending] - Sprint 165,Tech: Lending > [Lending] - Sprint planning > 2025 - Years of Lending > 2025 - First Half,,,2025-07-02,policy-table-weak,1,0,,,3199
confluence,637534211,[CAKE] - Payday - Product Policy,Tech: Lending > Partnership products > [Partner] - Cake Internal Product > [CAKE] - Cake Payday,,,2026-05-11,policy-table;gl,14,0,CAKE_payday,payday,4203
confluence,640909580,[CAKE] -  Payday - Repayment,Tech: Lending > Partnership products > [Partner] - Cake Internal Product > [CAKE] - Cake Payday,,,2025-06-26,gl,0,0,CAKE_payday,payday,3168
confluence,641073471,[CAKE] -  Payday - Disbursement,Tech: Lending > Partnership products > [Partner] - Cake Internal Product > [CAKE] - Cake Payday,,,2025-07-01,other,0,0,CAKE_payday,payday,2328
confluence,647561224,Ice - Payday,Tech: Lending > Lending core systems > [Lending] - Core Products > [Payday] - Product document specs,,,2025-08-12,policy-table;gl,7,0,CAKE_payday,payday,16660
confluence,649560846,[Lending][Collection] - VAN Collection - Core handling,Tech: Lending > Lending core systems > [Lending][Collection] - Debt collection > [Lending][Collection] - Collection via VAN fund transfers,,,2025-06-16,gl;ui,0,0,,,3687
confluence,652804097,[Lending][Collection] - Collection via VAN fund transfers,Tech: Lending > Lending core systems > [Lending][Collection] - Debt collection,,,2025-06-11,gl;ui,0,0,,,6386
confluence,657096707,[Intrust][Esign] - Integration Esign contract Cake x IntrustCA,Tech: Lending > Lending core systems > [Cake][Esign] - Esign Contract Process,,,2025-12-15,gl;ui,0,0,,,7542
confluence,65863717,[CAKE][Lending] - Sprint 125,Tech: Lending > [Lending] - Sprint planning > 2023 - Years of Lending > 2023 - Second Half,,,2023-11-15,policy-table-weak,1,0,,,3198
confluence,660767300,[QTV] Template Contracts,Tech: Lending > Digital onboarding platform > [DOP] - DOP FE Integration guideline,,,2025-06-17,ui,0,0,,,4755
confluence,6652646,[Partner][Viettel] - Payday - Accrual report,Tech: Lending > Partnership products > [Partner] - Viettel Digital (VDS) > [Partner] - [Viettel] Payday,,,2023-12-25,other,0,0,PD_Viettel,payday,1298
confluence,670204095,[CAKE][DOP] - Sprint 165,Tech: Lending > [DOP] - Sprint planning > 2025 - Reborn DOP to enhand platform mobilities > 2025 - First Half (dop),,,2025-06-20,policy-table-weak,1,0,BE_paylater;NGS_cashloan,,2448
confluence,6718707,[Overdraft] Overdraft notifications,Tech: Lending > Lending core systems > [Lending] - Core Products > [Overdraft] - The new short loan product > [OD] Mambu solution > [CORE][CAKE] Overdraft,,,2023-12-04,policy-table-weak;ui,1,0,CAKE_overdraft,od,8061
confluence,676823406,Cake Payday - Product Policy,Tech: Lending > Lending core systems > [Lending] - Core Products > [Payday] - Product document specs > Ice - Payday,,,2025-07-11,policy-table;gl,3,0,CAKE_payday,payday,1208
confluence,679510188,[CAKE] - Superloan Product Policy,Tech: Lending > Partnership products > [Partner] - Cake Internal Product > [CAKE] - Cake Superloan,,,2025-06-19,policy-table;gl,3,0,,,1342
confluence,680788115,[CAKE] - Superloan Disbursement,Tech: Lending > Partnership products > [Partner] - Cake Internal Product > [CAKE] - Cake Superloan,,,2025-06-23,gl,0,0,,,2584
confluence,68550677,[LOS][DEM] - Decision engine v.2.0 for OD,Tech: Lending > LOS/RISK platform > [Lending][LOS] - LOAN DECISION SYSTEM,,,2025-10-28,policy-table-weak;gl,2,0,CAKE_overdraft,od,4935
confluence,692617237,CRC - Paylater - Min v3 testcase,Tech: Lending > Lending core systems > [Lending] - Core Products > Core Revolving Credit (Paylater + CC) > CRC - Ice - Paylater,,,2025-07-11,policy-table,5,0,VDS_paylater;VNP_paylater;FPT_paylater;MWG_paylater,paylater,25564
confluence,692781093,DOP Design Improvement,Tech: Lending > Digital onboarding platform > [DOP] - DOP Library,,,2025-06-23,ui,0,0,,,2142
confluence,694583297,[Cake][Esign] - E-Sign configuration,Tech: Lending > Lending core systems > [Cake][Esign] - Esign Contract Process,,,2026-03-02,gl,0,0,VTPO_cashloan;BE_paylater;VNP_paylater;VPO_cashloan;NGS_cashloan;FPT_paylater;Be_Cashloan;CAKE_cashloan;MWG_cashloan;MWG_paylater;VNP_cashloan;Viettel_Cashloan;ZLP_cashloan;CAKE_payday,,5785
confluence,69730305,[Partner][Viettel] - VDS Paylater Contract data (Archive),Tech: Lending > Partnership products > [Partner] - Viettel Digital (VDS) > [Partner] - [Viettel] Paylater (Ví Trả Sau),,,2024-01-31,policy-table,11,0,VDS_paylater,paylater,9752
confluence,704380929,[Cake][Guideline] - Sprint resource allocation,Tech: Lending > Guideline > [Cake] - Product Running Guide,,,2025-07-01,ui,0,0,,,12310
confluence,708476930,CRC - Paylater - Migration,Tech: Lending > Lending core systems > [Lending] - Core Products > Core Revolving Credit (Paylater + CC) > CRC - Ice - Paylater,,,2025-07-08,policy-table;gl,3,0,BE_paylater;FPT_paylater,paylater,8596
confluence,711000065,[CAKE][Lending] - Sprint 166,Tech: Lending > [Lending] - Sprint planning > 2025 - Years of Lending > 2025 - Second Half,,,2025-07-09,policy-table-weak,1,0,,,2788
confluence,711131137,[CAKE][DOP] - Sprint 166,Tech: Lending > [DOP] - Sprint planning > 2025 - Reborn DOP to enhand platform mobilities > 2025 - Second Half (dop),,,2025-07-07,other,0,0,BE_paylater;NGS_cashloan,,1697
confluence,71139430,[CAKE][Lending] - Sprint 126,Tech: Lending > [Lending] - Sprint planning > 2023 - Years of Lending > 2023 - Second Half,,,2023-12-03,other,0,0,,,3286
confluence,716931073,[Lending][Guideline] - Postman Process,Tech: Lending > Guideline > [Lending] - Lending Operations Process,,,2025-07-01,policy-table-weak;gl;ui,1,0,CAKE_payday,,6224
confluence,72581131,[Lending][Portal] User Guilde - Lending Ops tools,Tech: Lending > Lending core systems > [Lending][Ops] - Lending Operations > [Lending][OPS] - Portal,,,2025-06-05,ui,0,0,,,8500
confluence,72713793,[Lending][Guideline] - Tech/Product support process,Tech: Lending > Guideline > [Lending] - Lending Operations Process,,,2025-08-04,gl;ui,0,0,,,17986
confluence,733872143,CRC - Paylater - Detail movement,Tech: Lending > Lending core systems > [Lending] - Core Products > Core Revolving Credit (Paylater + CC) > CRC - Ice - Paylater,,,2025-10-24,gl,0,0,BE_paylater,paylater,7649
confluence,734560257,2025 - Second Half,Tech: Lending > [Lending] - Sprint planning > 2025 - Years of Lending,,,2025-12-22,other,0,0,,,445
confluence,739442895,Cake Payday -  Template,Tech: Lending > Lending core systems > [Lending] - Core Products > [Payday] - Product document specs > Ice - Payday,,,2025-07-22,gl,0,0,CAKE_payday,payday,7966
confluence,741769217,CRC - Paylater - Repayment/Revert with Interest,Tech: Lending > Lending core systems > [Lending] - Core Products > Core Revolving Credit (Paylater + CC) > CRC - Ice - Paylater,,,2025-09-12,policy-table-weak;gl,1,0,BE_paylater,paylater,11624
confluence,744488996,[CAKE][Lending] - Sprint 167,Tech: Lending > [Lending] - Sprint planning > 2025 - Years of Lending > 2025 - Second Half,,,2025-07-30,policy-table-weak;gl;ui,2,0,,,3134
confluence,748322817,[CAKE][DOP] - Sprint 167,Tech: Lending > [DOP] - Sprint planning > 2025 - Reborn DOP to enhand platform mobilities > 2025 - Second Half (dop),,,2025-07-30,policy-table-weak,1,0,BE_paylater;NGS_cashloan,,1580
confluence,758087938,[Lending][Portal] - Portal for Search + Loan Details,Tech: Lending > Lending core systems,,,2026-03-31,policy-table;gl;ui,16,0,,,26755
confluence,758743041,2025 - Second Half (dop),Tech: Lending > [DOP] - Sprint planning > 2025 - Reborn DOP to enhand platform mobilities,,,2025-12-22,other,0,0,,,505
confluence,766574638,[Partner][VNPAY] -  Payday - Disbursement,Tech: Lending > Partnership products > [Partner] - VNPAY Group > [Partner] - [VNPay] Payday,,,2025-08-25,other,0,0,VNP_payday,payday,3667
confluence,766574657,[Partner][VNPAY] -  Payday - Repayment,Tech: Lending > Partnership products > [Partner] - VNPAY Group > [Partner] - [VNPay] Payday,,,2025-08-07,gl,0,0,VNP_payday,payday,3278
confluence,776667137,ICE Payday - Testcase,Tech: Lending > Lending core systems > [Lending] - Core Products > [Payday] - Product document specs > Ice - Payday,,,2025-07-24,policy-table,10,0,CAKE_payday,payday,15561
confluence,784171009,[CAKE][Lending] - Sprint 168,Tech: Lending > [Lending] - Sprint planning > 2025 - Years of Lending > 2025 - Second Half,,,2025-08-18,policy-table-weak;gl;ui,2,0,,,3798
confluence,78610433,[Lending] - Lending Product Dictionary,Tech: Lending > The knowledge dictionary,,,2024-06-06,other,0,0,VDS_paylater;VT_Cashloan_S;VT_Payday_S;Be_Cashloan;CAKE_cashloan;PD_Viettel;VDS_bikeloan;Viettel_Cashloan,,3979
confluence,795344897,[CAKE][DOP] - Sprint 168,Tech: Lending > [DOP] - Sprint planning > 2025 - Reborn DOP to enhand platform mobilities > 2025 - Second Half (dop),,,2025-08-01,policy-table-weak,1,0,BE_paylater;NGS_cashloan,,1457
confluence,79560705,[Lending] - Gini Score (Model evaluation),Tech: Lending > The knowledge dictionary,,,2023-12-04,other,0,0,,,6306
confluence,79692090,[Partner][Viettel] - Paylater - Lock mechanisme,Tech: Lending > Partnership products > [Partner] - Viettel Digital (VDS) > [Partner] - [Viettel] Paylater (Ví Trả Sau) > [Partner][Viettel] - Paylater - Core v1 (without Interest),,,2024-04-01,ui,0,0,VDS_paylater,paylater,2939
confluence,80117969,[Partner][Viettel] - Paylater - Maturity,Tech: Lending > Partnership products > [Partner] - Viettel Digital (VDS) > [Partner] - [Viettel] Paylater (Ví Trả Sau) > [Partner][Viettel] - Paylater - Core v1 (without Interest),,,2024-02-18,policy-prose;ui,0,2,VDS_paylater,paylater,3414
confluence,80314369,[Payday] - Product document specs,Tech: Lending > Lending core systems > [Lending] - Core Products,,,2023-12-11,policy-table-weak,1,0,,payday,1385
confluence,807731202,[ICE] Cake - Cashloan,Tech: Lending > Lending core systems > [Lending] - Core Products > [Cashloan] - Product document specs,,,2025-12-01,gl,0,0,CAKE_cashloan;CAKE_payday,cashloan,10110
confluence,808157210,[CAKE][Lending] - Sprint 169,Tech: Lending > [Lending] - Sprint planning > 2025 - Years of Lending > 2025 - Second Half,,,2025-08-29,policy-table-weak;gl;ui,2,0,,,3743
confluence,811794433,[CAKE][Lending] - Sprint 170,Tech: Lending > [Lending] - Sprint planning > 2025 - Years of Lending > 2025 - Second Half,,,2025-09-23,policy-table-weak;gl;ui,1,0,,,3555
confluence,815005739,[DF][CAPTCHA] - Geetest Intro How It Works,Tech: Lending > LOS/RISK platform > [Lending][Data] - The Internal Digital Footprints,,,2025-08-13,ui,0,0,,,12467
confluence,81592321,[Lending] - Lending Mambu Product Model,Tech: Lending > The knowledge dictionary,,,2024-10-16,gl;ui,0,1,,,17619
confluence,820314224,[Partner][VNPAY] - Payday - GL,Tech: Lending > Partnership products > [Partner] - VNPAY Group > [Partner] - [VNPay] Payday,,,2025-08-25,policy-table;gl,8,0,CAKE_payday;VNP_payday,payday,9438
confluence,823623778,[CAKE][DOP] - Sprint 169,Tech: Lending > [DOP] - Sprint planning > 2025 - Reborn DOP to enhand platform mobilities > 2025 - Second Half (dop),,,2025-08-18,other,0,0,BE_paylater;NGS_cashloan,,1630
confluence,824770561,[FPT][E-Contract] - Integration E-Contract Cake x FPT,Tech: Lending > Lending core systems > [Cake][Esign] - Esign Contract Process,,,2025-08-11,gl;ui,0,0,VT_Payday_S,,3341
confluence,838500353,[Partner] - [ZaloPay] Payday,Tech: Lending > Partnership products > [Partner] - ZaloPay (ZLP),,,2025-09-08,other,0,0,ZLP_payday,payday,1156
confluence,838533123,[Partner][ZaloPay] - Payday - Product Policy,Tech: Lending > Partnership products > [Partner] - ZaloPay (ZLP) > [Partner] - [ZaloPay] Payday,,,2026-09-17,policy-table;gl,17,1,ZLP_payday,payday,9094
confluence,840400897,[Partner][ZaloPay] -  Payday - Disbursement,Tech: Lending > Partnership products > [Partner] - ZaloPay (ZLP) > [Partner] - [ZaloPay] Payday,,,2025-09-10,other,0,0,ZLP_payday,payday,3698
confluence,847151409,ICE - Payday - Migration,Tech: Lending > Lending core systems > [Lending] - Core Products > [Payday] - Product document specs > Ice - Payday,,,2025-10-01,policy-table-weak;gl,2,0,VT_Payday_S;PD_Viettel,payday,6394
confluence,848200432,Tech: Lending,,,,2025-08-21,other,0,0,,,609
confluence,848200446,Template - Project plan,Tech: Lending > Guideline > [Cake] - Product Running Guide,,,2025-08-19,other,0,0,,,2023
confluence,848200458,Template - Decision documentation,Tech: Lending > Guideline > [Cake] - Product Running Guide,,,2025-08-19,other,0,0,,,1501
confluence,848200470,Template - Meeting notes,Tech: Lending > Guideline > [Cake] - Product Running Guide,,,2025-08-19,other,0,0,,,1284
confluence,850395137,VDS Payday - Product Policy,Tech: Lending > Lending core systems > [Lending] - Core Products > [Payday] - Product document specs > Ice - Payday,,,2025-08-26,policy-table;gl,13,0,PD_Viettel,payday,4124
confluence,850460681,VNPT Payday - Product Policy,Tech: Lending > Lending core systems > [Lending] - Core Products > [Payday] - Product document specs > Ice - Payday,,,2025-08-19,policy-table;gl,13,0,PD_CAKEVNPT_NEW,payday,4139
confluence,85065742,2024 - Years of Lending,Tech: Lending > [Lending] - Sprint planning,,,2025-12-22,other,0,0,,,434
confluence,85164033,[CAKE][Lending] - Sprint 127,Tech: Lending > [Lending] - Sprint planning > 2023 - Years of Lending > 2023 - Second Half,,,2023-12-13,other,0,0,,,3560
confluence,85164071,[CAKE][Lending] - Sprint 128,Tech: Lending > [Lending] - Sprint planning > 2024 - Years of Lending > 2024 - First Half,,,2023-12-27,other,0,0,CAKE_overdraft_TD,,3253
confluence,85196801,2023 - Years of Lending,Tech: Lending > [Lending] - Sprint planning,,,2025-12-22,other,0,0,,,434
confluence,852791804,Business monitoring dashboard,Tech: Lending,,,2025-08-20,gl;ui,0,0,,,3583
confluence,852791914,[Bikeloan] - Build LOS,Tech: Lending > LOS/RISK platform > [Lending][LOS] - LOAN DECISION SYSTEM,,,2025-08-20,policy-table-weak;gl;ui,2,0,,bikeloan,5569
confluence,852792125,[LOS] - CIC Product Scripting,Tech: Lending > LOS/RISK platform > [Lending][LOS] - LOAN DECISION SYSTEM > [LOS] - Integration to CIC through VPBank,,,2025-08-20,other,0,0,,,4089
confluence,852792277,[LOS] - CIC Products Listing,Tech: Lending > LOS/RISK platform > [Lending][LOS] - LOAN DECISION SYSTEM > [LOS] - Integration to CIC through VPBank,,,2025-08-20,policy-table-weak;gl,2,0,,,38110
confluence,852792429,[Overdraft][LOS] - Pre-approved,Tech: Lending > LOS/RISK platform > [Lending][LOS] - LOAN DECISION SYSTEM,,,2025-08-20,policy-table;gl,3,0,CAKE_overdraft,od,5587
confluence,852792631,[Overdraft][LOS] - OD secured by TD (aka OD_preapproved with collateral),Tech: Lending > LOS/RISK platform > [Lending][LOS] - LOAN DECISION SYSTEM,,,2025-08-20,policy-table,3,0,CAKE_overdraft_TD,od,2206
confluence,852792931,[Rule Engine] - Product onboarding pre-check process,Tech: Lending > LOS/RISK platform,,,2026-09-22,policy-table;gl;ui,32,0,VTPO_cashloan;CAKE_overdraft_TD;MISA_cashloan;VDS_paylater;VDS_paylater_epass;BE_paylater;VNP_paylater;MWG_cl_online;ZLP_payday;VPO_cashloan;VNHUB_cashloan;NGS_cashloan;VT_Cashloan_S;VT_Payday_S;FPT_paylater;Be_Cashloan;CAKE_cashloan;MBF_cashloan;MWG_cashloan;MWG_paylater;PD_Viettel;VNP_cashloan;Viettel_Cashloan;ZLP_cashloan;CAKE_payday;CAKE_overdraft;CAKE_cl_affiliate;VNP_payday;BE_payday;VPO_cl_pension,,183930
confluence,852793437,[Rule Engine] - Apply the velocity-rule & real-time decision rule engine to lending paylater product,Tech: Lending > LOS/RISK platform > [Rule Engine] - Product onboarding pre-check process,,,2026-03-09,gl,0,0,MWG_paylater,paylater,5948
confluence,852793649,[Profile Validation] - Lending Check profile rules,Tech: Lending > LOS/RISK platform > [Rule Engine] - Product onboarding pre-check process,,,2026-02-13,ui,0,0,,,1686
confluence,852793837,[FaceSearch] - Face search engine,Tech: Lending > LOS/RISK platform > [Rule Engine] - Product onboarding pre-check process,,,2025-12-24,api;gl;ui,0,0,VDS_paylater,,20754
confluence,852794082,[Lending][Data] - Lending Data Mart,Tech: Lending > Lending core systems,,,2025-09-15,ui,0,0,,,4129
confluence,853214046,LOS/RISK platform,Tech: Lending,,,2026-03-12,other,0,0,,,376
confluence,853868568,[WIP] [DOP] DOP Scope,Tech: Lending > Digital onboarding platform,,,2025-08-20,gl;ui,0,0,,,1871
confluence,854261761,[DOP Remodel] Version Control Strategy for A/B Testing,Tech: Lending > Digital onboarding platform,,,2025-08-20,gl;ui,0,0,MWG_cashloan,,8868
confluence,858652684,[AI] - The Art and Science of Prompt Engineering,Tech: Lending > The knowledge dictionary,,,2025-08-21,ui,0,0,,,40106
confluence,858685467,[Partner] - [BeG] sFTP Connect Information,Tech: Lending > Partnership products > [Partner] - beGroup by VPBANK,,,2026-05-14,other,0,0,BE_paylater,,5297
confluence,86474753,[Lending] - Pháp lý về hoạt động TGTT giữa NHTM với TGTT,Tech: Lending > The knowledge dictionary,,,2023-12-13,ui,0,0,,,6751
confluence,866156563,[CAKE][DOP] - Sprint 170,Tech: Lending > [DOP] - Sprint planning > 2025 - Reborn DOP to enhand platform mobilities > 2025 - Second Half (dop),,,2025-09-03,other,0,0,NGS_cashloan,,1223
confluence,87195649,[Lending] - Phòng chống rửa tiền,Tech: Lending > The knowledge dictionary,,,2023-12-14,policy-prose,0,2,,,3539
confluence,878706689,VDS - Payday - GL,Tech: Lending > Lending core systems > [Lending] - Core Products > [Payday] - Product document specs > Ice - Payday,,,2025-10-02,policy-table;gl,8,0,PD_Viettel,payday,9607
confluence,91848748,Core Components - Idea,Tech: Lending > Lending core systems > [Lending] - Core Products > Core Revolving Credit (Paylater + CC),,,2024-10-06,policy-table;gl;ui,4,0,,paylater,12209
confluence,937099265,[CAKE][Lending] - Sprint 171,Tech: Lending > [Lending] - Sprint planning > 2025 - Years of Lending > 2025 - Second Half,,,2025-09-29,gl;ui,0,0,VTPO_cashloan,,3179
confluence,937590807,[CAKE][DOP] - Sprint 171,Tech: Lending > [DOP] - Sprint planning > 2025 - Reborn DOP to enhand platform mobilities > 2025 - Second Half (dop),,,2025-09-30,other,0,0,NGS_cashloan,,1241
confluence,941697,[Partner] - beGroup by VPBANK,Tech: Lending > Partnership products,,,2023-09-08,other,0,0,,,560
confluence,943253,Register the Loan Program,Tech: Lending > Partnership products > [Partner] - beGroup by VPBANK > [Partner] - [BeG] Driver Loan,,,2022-06-08,policy-table-weak;gl;ui,1,0,,,12814
confluence,943281,Disbursement by Cake,Tech: Lending > Partnership products > [Partner] - beGroup by VPBANK > [Partner] - [BeG] Driver Loan,,,2021-09-24,gl;ui,0,0,,,3221
confluence,943319,The Repayment schedule by Cake (Collection money),Tech: Lending > Partnership products > [Partner] - beGroup by VPBANK > [Partner] - [BeG] Driver Loan,,,2021-09-26,ui,0,0,,,2131
confluence,944443,DOP - MESSAGE CODE,Tech: Lending > Digital onboarding platform > [DOP] - DOP Legacy Docs on alpha stage > Digital Onboarding Platform: MVP (Viettel lending),,,2022-07-20,ui,0,0,,,6570
confluence,945071,"Report, SOA",Tech: Lending > Partnership products > [Partner] - beGroup by VPBANK > [Partner] - [BeG] Driver Loan,,,2021-09-26,gl,0,0,,,4785
confluence,945601,Driver loan backend architecture,Tech: Lending > Partnership products > [Partner] - beGroup by VPBANK > [Partner] - [BeG] Driver Loan,,,2021-10-28,ui,0,0,,,1079
confluence,947355649,[Partner][ZaloPay] -  Payday - Repayment,Tech: Lending > Partnership products > [Partner] - ZaloPay (ZLP) > [Partner] - [ZaloPay] Payday,,,2025-09-10,gl,0,0,ZLP_payday,payday,3448
confluence,947355671,[Partner][ZaloPay] - Payday - GL,Tech: Lending > Partnership products > [Partner] - ZaloPay (ZLP) > [Partner] - [ZaloPay] Payday,,,2025-09-10,policy-table;gl,8,0,ZLP_payday;CAKE_payday,payday,9329
confluence,948735,[Partner] - [VNPT] Payday Product,Tech: Lending > Partnership products > [Partner] - VNPT Pay/Money,,,2023-09-08,ui,0,0,PD_CAKEVNPT_NEW,payday,2985
confluence,948887,VNPT - Link/unlink ewallet with Cake account,Tech: Lending > Partnership products > [Partner] - VNPT Pay/Money > [Partner] - [VNPT] Payday Product,,,2021-11-19,ui,0,0,CAKE_payday;PD_CAKEVNPT_NEW,payday,3343
confluence,948945,VNPT - Operation,Tech: Lending > Partnership products > [Partner] - VNPT Pay/Money > [Partner] - [VNPT] Payday Product,,,2021-11-24,other,0,0,PD_CAKEVNPT_NEW,payday,1093
confluence,948953,Pre-Approve data flow,Tech: Lending > Partnership products > [Partner] - beGroup by VPBANK > [Partner] - [BeG] Driver Loan > Driver loan backend architecture,,,2022-01-10,ui,0,0,,,1188
confluence,949296,"VNPT - Loan contract, Disbursement and Collection",Tech: Lending > Partnership products > [Partner] - VNPT Pay/Money > [Partner] - [VNPT] Payday Product,,,2023-03-13,policy-table;policy-prose;gl;ui,5,2,PD_CAKEVNPT_NEW,payday,15923
confluence,949305,VNPT - Interest calculation and Accounting Flow,Tech: Lending > Partnership products > [Partner] - VNPT Pay/Money > [Partner] - [VNPT] Payday Product,,,2022-01-28,policy-table;gl,31,0,PD_CAKEVNPT_NEW,payday,15306
confluence,949356,VNPT - Topup and withdraw eWallet from Cake Account,Tech: Lending > Partnership products > [Partner] - VNPT Pay/Money > [Partner] - [VNPT] Payday Product,,,2022-01-28,gl,0,0,CAKE_payday;PD_CAKEVNPT_NEW,payday,6532
confluence,949381,VNPT - Off balance process,Tech: Lending > Partnership products > [Partner] - VNPT Pay/Money > [Partner] - [VNPT] Payday Product,,,2022-01-28,gl,0,0,PD_CAKEVNPT_NEW,payday,2643
confluence,949944352,[Lending][Service] - Another service error code,Tech: Lending > Partnership products > [Partner] - Common for all partner products > [API Native] - APIs Response/Error Code,,,2026-08-16,other,0,0,,,14832
confluence,953505,Sales CRM - Partner Pre-approved list,Tech: Lending > LOS/RISK platform > [Lending][LOS] - LOAN DECISION SYSTEM > LOS - Sales CRM,,,2021-12-27,other,0,0,,,556
confluence,953510,Risk data collection - PCB,Tech: Lending > LOS/RISK platform > [Lending][LOS] - LOAN DECISION SYSTEM > LOS - Risk data collection,,,2022-01-20,gl,0,0,,,5052
confluence,953854,Loan Calculation Engine,Tech: Lending > LOS/RISK platform > [Lending][LOS] - LOAN DECISION SYSTEM > LOS - Core,,,2021-12-27,other,0,0,,,455
confluence,953859,[Lending][LOS] - LOAN DECISION SYSTEM,Tech: Lending > LOS/RISK platform,,,2025-10-30,policy-table-weak;gl;ui,1,0,NGS_cashloan;Viettel_Cashloan,,3654
confluence,953868,Sales CRM - Leads & Application,Tech: Lending > LOS/RISK platform > [Lending][LOS] - LOAN DECISION SYSTEM > LOS - Sales CRM,,,2021-12-27,other,0,0,,,530
confluence,953881,LOS - Core,Tech: Lending > LOS/RISK platform > [Lending][LOS] - LOAN DECISION SYSTEM,,,2021-12-27,other,0,0,,,430
confluence,953890,Risk data collection - Kalapa,Tech: Lending > LOS/RISK platform > [Lending][LOS] - LOAN DECISION SYSTEM > LOS - Risk data collection,,,2022-01-05,other,0,0,,,505
confluence,953925,LOS - Risk data collection,Tech: Lending > LOS/RISK platform > [Lending][LOS] - LOAN DECISION SYSTEM,,,2021-12-27,other,0,0,,,504
confluence,953930,Decision Engine Rules,Tech: Lending > LOS/RISK platform > [Lending][LOS] - LOAN DECISION SYSTEM > LOS - Core,,,2021-12-27,other,0,0,,,449
confluence,953943,LOS - Sales CRM,Tech: Lending > LOS/RISK platform > [Lending][LOS] - LOAN DECISION SYSTEM,,,2021-12-27,other,0,0,,,459
confluence,953960,Loan agreement & e-sign,Tech: Lending > LOS/RISK platform > [Lending][LOS] - LOAN DECISION SYSTEM > LOS - Sales CRM,,,2021-12-27,other,0,0,,,486
confluence,953965,Risk data collection - VPBank AML,Tech: Lending > LOS/RISK platform > [Lending][LOS] - LOAN DECISION SYSTEM > LOS - Risk data collection,,,2021-12-27,other,0,0,,,517
confluence,953978,Financial data - Current loan & deposit,Tech: Lending > LOS/RISK platform > [Lending][LOS] - LOAN DECISION SYSTEM > LOS - Risk data collection,,,2021-12-27,other,0,0,,,533
confluence,953983,Fee setup with GL,Tech: Lending > LOS/RISK platform > [Lending][LOS] - LOAN DECISION SYSTEM > LOS - Core,,,2021-12-27,gl,0,0,,,437
confluence,957153,Collection data to VPB,Tech: Lending > Partnership products > [Partner] - beGroup by VPBANK > [Partner] - [BeG] Driver Loan > Driver loan backend architecture,,,2022-02-09,ui,0,0,,,959
confluence,957379,VNPT Onboarding,Tech: Lending > Partnership products > [Partner] - VNPT Pay/Money > [Partner] - [VNPT] Payday Product,,,2022-08-30,other,0,0,PD_CAKEVNPT_NEW,payday,607
confluence,957450,CIC/PCB reports for VPBank,Tech: Lending > Partnership products > [Partner] - VNPT Pay/Money > [Partner] - [VNPT] Payday Product,,,2022-09-07,gl;ui,0,0,PD_CAKEVNPT_NEW,payday,2381
confluence,957626,Collection Data for VPBank,Tech: Lending > Partnership products > [Partner] - VNPT Pay/Money > [Partner] - [VNPT] Payday Product,,,2022-09-09,other,0,0,PD_CAKEVNPT_NEW,payday,1801
confluence,957631,LMS,Tech: Lending > Partnership products > [Partner] - VNPT Pay/Money > [Partner] - [VNPT] Payday Product > CIC/PCB reports for VPBank,,,2022-01-26,other,0,0,PD_CAKEVNPT_NEW,payday,455
confluence,957748,Fraudulent Monitoring Tool,Tech: Lending > Partnership products > [Partner] - VNPT Pay/Money > [Partner] - [VNPT] Payday Product,,,2022-04-18,ui,0,0,PD_CAKEVNPT_NEW,payday,5511
confluence,957770,BIC Data for VNPT Pay Lending,Tech: Lending > Partnership products > [Partner] - VNPT Pay/Money > [Partner] - [VNPT] Payday Product > CIC/PCB reports for VPBank,,,2022-02-07,other,0,0,PD_CAKEVNPT_NEW,payday,533
confluence,957947,VNPT - Response code,Tech: Lending > Partnership products > [Partner] - VNPT Pay/Money > [Partner] - [VNPT] Payday Product,,,2022-01-28,policy-table-weak,2,0,PD_CAKEVNPT_NEW,payday,2254
confluence,959120,Risk data collection - HyperVerge,Tech: Lending > LOS/RISK platform > [Lending][LOS] - LOAN DECISION SYSTEM > LOS - Risk data collection,,,2022-03-15,other,0,0,,,3305
confluence,959167,Fraudulent signal Monitoring Tool,Tech: Lending > LOS/RISK platform > [Lending][LOS] - LOAN DECISION SYSTEM,,,2022-02-07,ui,0,0,,,2817
confluence,959344,Data Driver_Lending_In to VPB,Tech: Lending > Partnership products > [Partner] - beGroup by VPBANK > [Partner] - [BeG] Driver Loan > Driver loan backend architecture,,,2023-03-28,gl,0,0,,,3906
confluence,959740,Data Driver_Lending_Out from VPB,Tech: Lending > Partnership products > [Partner] - beGroup by VPBANK > [Partner] - [BeG] Driver Loan > Driver loan backend architecture,,,2022-04-13,other,0,0,,,1415
confluence,959807,Notification - Driver lending - pre-approved,Tech: Lending > Partnership products > [Partner] - beGroup by VPBANK > [Partner] - [BeG] Driver Loan,,,2022-02-22,ui,0,0,,,4042
confluence,964765,VNPT - Lifecycle of Application form,Tech: Lending > Partnership products > [Partner] - VNPT Pay/Money > [Partner] - [VNPT] Payday Product,,,2022-03-10,ui,0,0,PD_CAKEVNPT_NEW,payday,566
confluence,965935143,CRC - Adjust,Tech: Lending > Lending core systems > [Lending] - Core Products > Core Revolving Credit (Paylater + CC) > [CORE] Core Revolving Credit - ice-tea version,,,2025-09-12,other,0,0,,paylater,1871
confluence,966066198,CRC - Paylater - Adjust,Tech: Lending > Lending core systems > [Lending] - Core Products > Core Revolving Credit (Paylater + CC) > CRC - Ice - Paylater,,,2025-09-12,other,0,0,,paylater,609
confluence,97223220,[Partner][Viettel] - Paylater - Core v1 (without Interest),Tech: Lending > Partnership products > [Partner] - Viettel Digital (VDS) > [Partner] - [Viettel] Paylater (Ví Trả Sau),,,2024-06-23,policy-table;gl;ui,4,1,VDS_paylater,paylater,22397
confluence,974946370,[Lending][DataMart] CakeTask ChangePaylaterLimit,Tech: Lending > Lending core systems > [Lending][Data] - Lending Data Mart,,,2025-11-14,api,0,0,,paylater,3575
confluence,975372686,[Lending][Data] - Database Tables,Tech: Lending > Lending core systems > [Lending][Data] - Lending Data Mart,,,2025-09-15,ui,0,0,CAKE_cashloan,,6599
confluence,975372720,Lending Risk Control (ref: t-risk approach),Tech: Lending > LOS/RISK platform > [Rule Engine] - Product onboarding pre-check process,,,2025-09-15,ui,0,0,,,3514
confluence,975732737,[Partner] - [Zalopay] sFTP Connect Information,Tech: Lending > Partnership products > [Partner] - ZaloPay (ZLP),,,2026-04-21,other,0,0,ZLP_cashloan,,5929
confluence,975831048,[Lending][DataMart] - partner.audit_request,Tech: Lending > Lending core systems > [Lending][Data] - Lending Data Mart,,,2025-12-23,ui,0,0,VTPO_cashloan;BE_paylater;VNP_paylater;VPO_cashloan;FPT_paylater;CAKE_cashloan;MWG_cashloan;MWG_paylater;VNP_cashloan;ZLP_cashloan,,15609
confluence,975929345,[VDS] - Compare Generic vs existing Precheck,Tech: Lending > LOS/RISK platform > [Rule Engine] - Product onboarding pre-check process,,,2025-12-24,other,0,0,CAKE_overdraft_TD;VDS_paylater;NGS_cashloan;VT_Cashloan_S;VT_Payday_S;PD_Viettel;Viettel_Cashloan,,20148
confluence,975929360,[Lending][Data] - DataMart Ops detail,Tech: Lending > Lending core systems > [Lending][Data] - Lending Data Mart,,,2025-09-15,ui,0,0,,,10079
confluence,975929375,[Idea] Product Evaluation Service Design Document,Tech: Lending > LOS/RISK platform > [Rule Engine] - Product onboarding pre-check process,,,2025-09-15,gl;ui,0,0,MWG_cashloan,,6620
confluence,975929460,[Precheck] - Source control,Tech: Lending > LOS/RISK platform > [Rule Engine] - Product onboarding pre-check process,,,2025-09-15,ui,0,0,,,2060
confluence,9764865,[CAKE][Lending] - Sprint 116,Tech: Lending > [Lending] - Sprint planning > 2023 - Years of Lending > 2023 - Second Half,,,2023-07-11,ui,0,0,,,2868
confluence,983007238,[Cake][Guideline] - Requirement process (process via AI ticket generate),Tech: Lending > Guideline > [Cake] - Product Running Guide,,,2025-09-16,ui,0,0,,,7729
confluence,98598914,[Partner][Viettel] - VDS Paylater Agreement data (Archive),Tech: Lending > Partnership products > [Partner] - Viettel Digital (VDS) > [Partner] - [Viettel] Paylater (Ví Trả Sau),,,2024-01-31,policy-table-weak;gl,2,0,VDS_paylater,paylater,6870
confluence,986873857,VDS Payday Payroll- Product Policy,Tech: Lending > Lending core systems > [Lending] - Core Products > [Payday] - Product document specs > Ice - Payday,,,2025-09-17,policy-table;gl,11,0,VT_Payday_S,payday,2983
confluence,99450881,[LOS][Face Retrieval] - Exchange model from HPV to TS,Tech: Lending > LOS/RISK platform > [Lending][LOS] - LOAN DECISION SYSTEM,,,2025-10-28,gl,0,0,CAKE_overdraft_TD;VT_Payday_S;Viettel_Cashloan,,72946
confluence,995092,[DOP] - DOP Legacy Docs on alpha stage,Tech: Lending > Digital onboarding platform,,,2024-11-04,other,0,0,,,1577
confluence,995388,Pre-defined data field,Tech: Lending > Digital onboarding platform > [DOP] - DOP Legacy Docs on alpha stage,,,2022-05-17,policy-table-weak,2,0,,,3417
confluence,995708,DOP - Structure,Tech: Lending > Digital onboarding platform > [DOP] - DOP Legacy Docs on alpha stage,,,2022-06-21,ui,0,0,,,6208
confluence,995794,Digital Onboarding Platform: MVP (driver lending),Tech: Lending > Digital onboarding platform > [DOP] - DOP Legacy Docs on alpha stage,,,2023-06-06,gl;ui,0,0,,,14199
confluence,996868098,1đ missing problem,Tech: Lending > Lending core systems > [Lending] - Core Products > [Payday] - Product document specs > Ice - Payday,,,2025-09-22,gl;ui,0,0,,payday,5216
confluence,999063609,Product Postmortem - Trịnh Thị Thi,Tech: Lending > Products & business visioning > Product Postmortem,,,2025-09-22,other,0,0,,,1453
confluence,999227393,[CAKE][Lending] - Sprint 172,Tech: Lending > [Lending] - Sprint planning > 2025 - Years of Lending > 2025 - Second Half,,,2025-10-07,policy-table-weak;gl;ui,1,0,,,4001
jira,PL-10011,[VDS-PL] - Partial refund for API payment-revert,,Story,Released,2025-09-12,gl;ui,0,0,VDS_paylater,paylater,2987
jira,PL-10016,[PD][CORE] - ICE - Disbursement,[PD][CORE] - ICE - Full flow VDS Payday + VDS Payday Payroll,Story,Released,2025-10-10,gl,0,1,VT_Payday_S;PD_Viettel,payday,2023
jira,PL-10017,[CC] Add logic to move not_d bucket to over_d,,Story,Released,2025-10-27,ui,0,0,,,4683
jira,PL-10024,[ZLP-CL] - Tách ekyc error code,[Lending] - Enhancement Operations 2025,Story,Released,2025-10-13,other,0,0,ZLP_cashloan,cashloan,20514
jira,PL-10028,[CORE] - WO Portal for Paylater,[CORE] - Write off for Paylater,Story,Released,2025-09-29,other,0,0,,paylater,2471
jira,PL-10030,[CORE][Portal] - Config adjust CC + PL,,Epic,Done,2025-09-09,other,0,0,,paylater,455
jira,PL-10031,[Techdebt] CakeLoanOnboarding,[Techdebt] Make Lending great again and again,Epic,Open,2026-08-12,other,0,0,,,1021
jira,PL-10036,[VDS-PD] - Điều chỉnh cut-off telco_score,[Lending] - Enhancement Operations 2025,Story,Released,2025-09-09,other,0,0,PD_Viettel,payday,1818
jira,PL-10043,[VNPay-PD][API] - Bổ sung approved_amount vào API get-loan-detail,[VNP-PD] - API & Onboarding,Story,Released,2025-09-09,ui,0,0,VNP_payday,payday,1063
jira,PL-10046,[ZLP-PD] - Hợp đồng,"[ZLP-PD][CORE] LOS, Precheck & CORE",Story,Released,2025-10-13,ui,0,0,ZLP_payday,payday,1809
jira,PL-10048,[LendingManagement] Restructure,[Techdebt] Loan management,Story,Draft,2025-11-24,other,0,0,,,1297
jira,PL-10062,[VDS-O2O] - Điều chỉnh validate score tại API client-create,[Lending] - Enhancement Operations 2025,Story,Released,2025-09-25,other,0,0,VTPO_cashloan,,1521
jira,PL-10064,[MWG-PL][QTV] - Thay đổi message khi trả thẳng thành công,[MWG-PL][QTV] - Phase 7,Story,Released,2025-09-22,ui,0,0,MWG_paylater,paylater,1399
jira,PL-10070,[LoanAutoCollection] New Auto Collection,[Techdebt] Make Lending great again and again,Epic,Done,2025-12-24,other,0,0,VNP_paylater;FPT_paylater,,2797
jira,PL-10076,[Many Paylater] - Điều chỉnh MAD về 5%,[Lending] - Enhancement Operations 2025,Story,Released,2025-09-22,other,0,0,VDS_paylater;BE_paylater;VNP_paylater,paylater,969
jira,PL-10085,[CORE] - Đổi field tính lãi của Payday,,Story,Released,2025-09-24,gl,0,0,CAKE_payday;VNP_payday,payday,1762
jira,PL-10106,[Cake-PD] - Đổi số tiền được chọn,[Lending] - Enhancement Operations 2025,Story,Released,2025-09-17,ui,0,0,CAKE_payday,payday,1114
jira,PL-10116,[ZLP-CL] - Điều chỉnh số tiền và hạn mức,[Lending] - Enhancement Operations 2025,Story,Released,2025-09-26,policy-prose,0,4,ZLP_cashloan,cashloan,1871
jira,PL-10132, [Portal][CakeTask] - LendingExportStatement,[Portal] - CakeTask,Story,Released,2025-10-21,ui,0,0,,,7876
jira,PL-10145,Migrate Payday sang ICE,[Lending] - Enhancement Operations 2025,Story,Released,2025-12-23,other,0,0,,payday,608
jira,PL-10150,[Portal][CakeTask] - LendingCancelInstallment,[Portal] - CakeTask,Story,Released,2025-10-13,other,0,0,,,8501
jira,PL-10152,[VDS-PD] - Điều chỉnh số tiền và tenor,[Lending] - Enhancement Operations 2025,Story,Released,2025-10-07,policy-table-weak;ui,2,1,PD_Viettel,payday,2334
jira,PL-10153,Toggle ẩn OD trên tab Khoản vay,[Lending] - Enhancement Operations 2025,Story,Released,2025-10-10,ui,0,0,CAKE_overdraft,od,1364
jira,PL-10154,[Portal] - Bổ sung loan_alias vào Portal Lending,[Lending] - Enhancement Operations 2025,Story,Released,2025-10-15,ui,0,0,,,1329
jira,PL-10161,[PD][CORE] - ICE - Repayment,[PD][CORE] - ICE - Full flow VDS Payday + VDS Payday Payroll,Story,Released,2025-10-10,gl,0,0,VT_Payday_S,payday,3454
jira,PL-10167,[PD][CORE] - ICE - EOD + Interest,[PD][CORE] - ICE - Full flow VDS Payday + VDS Payday Payroll,Story,Released,2025-10-14,gl,0,0,VT_Payday_S,payday,1456
jira,PL-10168,[PD][CORE] - ICE - Accounting flow,[PD][CORE] - ICE - Full flow VDS Payday + VDS Payday Payroll,Story,Released,2025-10-14,gl,0,0,VT_Payday_S,payday,1164
jira,PL-10170,[PD][CORE] - ICE - GL,[PD][CORE] - ICE - Full flow VDS Payday + VDS Payday Payroll,Story,Released,2025-10-14,gl,0,0,VT_Payday_S;PD_Viettel,payday,1895
jira,PL-10171,[PD][CORE] - Migrate to ICE,[PD][CORE] - ICE - Full flow VDS Payday + VDS Payday Payroll,Story,Released,2025-10-14,other,0,0,VT_Payday_S;PD_Viettel,payday,1789
jira,PL-10173,[PD][CORE] - ICE - DPD + Account status,[PD][CORE] - ICE - Full flow VDS Payday + VDS Payday Payroll,Story,Released,2025-10-14,other,0,0,VT_Payday_S,payday,1907
jira,PL-10175,[Cake-PD] - Điều chỉnh validate lỗi trường hôn nhân và địa chỉ,[Lending] - Enhancement Operations 2025,Story,Released,2025-10-27,ui,0,0,CAKE_payday,payday,2020
jira,PL-10177,[VDS_paylater_epass] - Triển khai VDS Paylater trên ứng dụng ePass,,Initiative,Done,2025-11-25,gl,0,1,VDS_paylater;VDS_paylater_epass,paylater,2403
jira,PL-10178,[VDS_paylater_epass][API] - Onboarding Process & APIs Integration,[VDS_paylater_epass] - Triển khai VDS Paylater trên ứng dụng ePass,Epic,Done,2025-11-12,policy-table;ui,3,0,VDS_paylater;VDS_paylater_epass,paylater,3856
jira,PL-10179,[VDS_paylater_epass][API] data-config,[VDS_paylater_epass][API] - Onboarding Process & APIs Integration,Story,Released,2025-10-27,api,0,0,VDS_paylater;VDS_paylater_epass,paylater,2169
jira,PL-10181,[VDS_paylater_epass][API] check-profile,[VDS_paylater_epass][API] - Onboarding Process & APIs Integration,Story,Released,2025-10-27,api,0,0,VDS_paylater;VDS_paylater_epass,paylater,2218
jira,PL-10182,[VDS_paylater_epass][API] client-create,[VDS_paylater_epass][API] - Onboarding Process & APIs Integration,Story,Released,2025-10-27,api;gl,0,0,VDS_paylater;VDS_paylater_epass,paylater,5876
jira,PL-10184,[VDS_paylater_epass][API] client-update,[VDS_paylater_epass][API] - Onboarding Process & APIs Integration,Story,Released,2025-11-11,api;gl,0,0,VDS_paylater;VDS_paylater_epass,paylater,4060
jira,PL-10186,[VDS_paylater_epass][API] loan-register,[VDS_paylater_epass][API] - Onboarding Process & APIs Integration,Story,Released,2025-10-27,api,0,0,VDS_paylater;VDS_paylater_epass,paylater,3072
jira,PL-10187,[VDS_paylater_epass][API] get-status,[VDS_paylater_epass][API] - Onboarding Process & APIs Integration,Story,Released,2025-10-27,api,0,0,VDS_paylater;VDS_paylater_epass,paylater,2980
jira,PL-10189,[VDS_paylater_epass][API] get-esign | contract-cancel,[VDS_paylater_epass][API] - Onboarding Process & APIs Integration,Story,Released,2025-10-27,api,0,0,VDS_paylater;VDS_paylater_epass,paylater,2946
jira,PL-10190,[VDS_paylater_epass][API] get-otp | verify-esign,[VDS_paylater_epass][API] - Onboarding Process & APIs Integration,Story,Released,2025-10-27,api,0,0,VDS_paylater;VDS_paylater_epass,paylater,5341
jira,PL-10191,[VDS_paylater_epass][API] get-loan-detail,[VDS_paylater_epass][API] - Onboarding Process & APIs Integration,Story,Released,2025-10-27,api;gl,0,0,VDS_paylater;VDS_paylater_epass,paylater,4413
jira,PL-10192,[VDS_paylater_epass][API] Repayment APIs,[VDS_paylater_epass][API] - Onboarding Process & APIs Integration,Story,Released,2025-10-27,api;gl,0,0,VDS_paylater;VDS_paylater_epass,paylater,3480
jira,PL-10193,[VDS_paylater_epass][API] Termination APIs,[VDS_paylater_epass][API] - Onboarding Process & APIs Integration,Story,Released,2025-10-27,policy-table;api,3,0,VDS_paylater;VDS_paylater_epass,paylater,5420
jira,PL-10194,[VDS_paylater_epass][API] Payments,[VDS_paylater_epass][API] - Onboarding Process & APIs Integration,Story,Released,2025-10-27,api;gl,0,0,VDS_paylater;VDS_paylater_epass;FPT_paylater,paylater,20532
jira,PL-10195,[VDS_paylater_epass][API partner] vds-get-status,[VDS_paylater_epass][API] - Onboarding Process & APIs Integration,Story,Released,2025-11-11,api;ui,0,0,VDS_paylater;VDS_paylater_epass,paylater,1755
jira,PL-10196,"[VDS_paylater_epass][CORE] LOS, Precheck & CORE",[VDS_paylater_epass] - Triển khai VDS Paylater trên ứng dụng ePass,Epic,Done,2025-12-03,other,0,0,VDS_paylater;VDS_paylater_epass,paylater,574
jira,PL-10197,[VDS_paylater_epass][MOBILE] Mobile App & Cake Portal,[VDS_paylater_epass] - Triển khai VDS Paylater trên ứng dụng ePass,Epic,Done,2025-11-07,other,0,0,VDS_paylater;VDS_paylater_epass,paylater,560
jira,PL-10202,[VDS_paylater_epass][API partner] vds-ekyc-update,[VDS_paylater_epass][API] - Onboarding Process & APIs Integration,Story,Released,2025-11-11,api,0,0,VDS_paylater;VDS_paylater_epass,paylater,2445
jira,PL-10203,[VDS_paylater_epass][CORE] Disbursement,"[VDS_paylater_epass][CORE] LOS, Precheck & CORE",Story,Released,2025-11-25,gl,0,0,VDS_paylater;VDS_paylater_epass,paylater,1174
jira,PL-10204,[VDS_paylater_epass][CORE] Repayment + Revert,"[VDS_paylater_epass][CORE] LOS, Precheck & CORE",Story,Released,2025-11-25,gl,0,0,VDS_paylater;VDS_paylater_epass,paylater,1958
jira,PL-10206,[VDS_paylater_epass][CORE] Send SMS to the customer,"[VDS_paylater_epass][CORE] LOS, Precheck & CORE",Story,Released,2025-10-27,other,0,0,VDS_paylater;VDS_paylater_epass,paylater,1158
jira,PL-10208,[VDS_paylater_epass][LOS] Create LOS for VDS Paylater epass,"[VDS_paylater_epass][CORE] LOS, Precheck & CORE",Story,Released,2025-10-27,api,0,0,VDS_paylater;VDS_paylater_epass,paylater,2717
jira,PL-10214,[CORE] - Tính năng rút tiền mặt,Paylater - Phát triển tính năng rút tiền mặt trên core,Story,Released,2025-12-10,gl;ui,0,0,,paylater,3849
jira,PL-10215,[CORE] - Chuyển đổi trả góp giao dịch rút tiền mặt,Paylater - Phát triển tính năng rút tiền mặt trên core,Story,Released,2025-12-10,other,0,0,,paylater,1244
jira,PL-10218,[VDS_paylater_epass][App] Sign & Loan management,[VDS_paylater_epass][MOBILE] Mobile App & Cake Portal,Story,Released,2025-10-27,policy-table-weak;ui,1,0,VDS_paylater;VDS_paylater_epass,paylater,7901
jira,PL-10219,[VDS_paylater_epass][App] Payment transaction history,[VDS_paylater_epass][MOBILE] Mobile App & Cake Portal,Story,Released,2025-10-27,policy-table-weak;ui,1,0,VDS_paylater;VDS_paylater_epass,paylater,2231
jira,PL-10220,[VDS_paylater_epass][Portal] Allow process CakeTask on Cake portal,[VDS_paylater_epass][MOBILE] Mobile App & Cake Portal,Story,Released,2025-10-27,other,0,0,VDS_paylater;VDS_paylater_epass,paylater,1596
jira,PL-10257,[IC-PRODUCT] Add IC-CASC for online setting loader,,Story,Released,2025-10-15,other,0,0,,,494
jira,PL-10259,[CL] Change logic Ngày thanh toán đầu tiên,,Story,Released,2025-10-20,ui,0,0,VTPO_cashloan;VPO_cashloan;VT_Cashloan_S;Viettel_Cashloan;ZLP_cashloan,cashloan,4109
jira,PL-10261,[QA-Support] - Mock data,,Epic,Done,2025-10-13,other,0,0,,,396
jira,PL-10265,[VDS_paylater_epass][API] register-infor,[VDS_paylater_epass][API] - Onboarding Process & APIs Integration,Story,Released,2025-11-11,api;ui,0,0,VDS_paylater;VDS_paylater_epass,paylater,3218
jira,PL-10278,[Lending Core Test] Nhờ SRE support move repo này từ bitbucket sang github ạ,,Story,Released,2025-10-02,other,0,0,,,546
jira,PL-10282,[All Paylater] - Trả về status loan close khi gọi API get-loan-detail,[Lending] - Enhancement Operations 2025,Story,Released,2025-10-06,gl;ui,0,0,,paylater,5542
jira,PL-10294,[schedule] enable subscription,,Story,Released,2025-12-23,other,0,0,,,454
jira,PL-10297,[VDS_paylater_epass][CORE] Hợp đồng,"[VDS_paylater_epass][CORE] LOS, Precheck & CORE",Story,Released,2025-10-27,ui,0,0,VDS_paylater;VDS_paylater_epass,paylater,1660
jira,PL-10300,[ICE] stamp migration end date payday,,Story,Released,2025-12-23,other,0,0,,payday,468
jira,PL-10310,[loan-op] increase string length,,Story,Released,2025-10-15,other,0,0,,,487
jira,PL-10318,[KLP_cashloan] Triển khai sản phẩm Kalapa cashloan,,Initiative,Done,2026-08-22,policy-table;gl;ui,9,0,KLP_cashloan,cashloan,6328
jira,PL-10320,[KLP_cashloan][API] - Onboarding Process & APIs Integration,[KLP_cashloan] Triển khai sản phẩm Kalapa cashloan,Epic,Done,2026-07-28,other,0,0,KLP_cashloan,cashloan,575
jira,PL-10321,[ICE] Migration vds_payday,,Story,Released,2025-10-15,other,0,0,PD_Viettel,payday,446
jira,PL-10331,[Paylater] - Thêm Hạn mức phụ vào màn hình quản lý khoản vay,[MWG-PL][QTV] - Phase 7,Story,Released,2025-10-21,ui,0,1,MWG_paylater,paylater,2036
jira,PL-10332,[Portal][LendingOps] - Permissions,[Lending] - Enhancement Operations 2025,Story,Released,2025-10-27,ui,0,0,,,3108
jira,PL-10335,[ZLP-CL] - Bổ sung product_code vào API topup,,Story,Released,2025-10-27,policy-table-weak;api,1,0,ZLP_payday;ZLP_cashloan,cashloan,5377
jira,PL-10336,[Core] - Cơ chế giải ngân tài khoản ngoài Cake,"[MISA_cashloan][CORE] LOS, Precheck & CORE",Story,Released,2025-11-24,gl,0,0,MISA_cashloan;CAKE_cashloan,cashloan,6682
jira,PL-10337,[MISA_cashloan] Triển khai sản phẩm Misa cashloan,,Initiative,Done,2026-05-11,ui,0,0,MISA_cashloan,cashloan,1202
jira,PL-10338,[Precheck] - Bổ sung cơ chế mock data PCB và CIC,,Story,Ready4Test,2026-01-23,other,0,0,,,664
jira,PL-10339,[Lending portal] - Bổ sung menu Lending Portal trên Cake Portal,[LENDING][PORTAL] - Loan Details - Core ICE,Story,Released,2025-12-22,gl;ui,0,0,,,3474
jira,PL-10340,[Portal] - Bổ sung phân trang cho Lending Ops Portal,[Lending] - Enhancement Operations 2025,Story,Released,2025-11-12,ui,0,0,,,3253
jira,PL-10343,[MWG-PL] - Whitelist thêm 2 redirect_url cho mwg pl trên qtv,[MWG-PL][QTV] - Phase 7,Story,Released,2025-10-09,other,0,0,MWG_paylater,paylater,1188
jira,PL-10353,[MWG-PL] - Thay đổi T&C đầu luồng,[MWG-PL][QTV] - Phase 7,Story,Released,2025-10-23,ui,0,0,MWG_paylater,paylater,2360
jira,PL-10356,[MISA_cashloan][API] - Onboarding Process & APIs Integration,[MISA_cashloan] Triển khai sản phẩm Misa cashloan,Epic,Done,2025-12-15,ui,0,0,MISA_cashloan,cashloan,1784
jira,PL-10357,"[MISA_cashloan][CORE] LOS, Precheck & CORE",[MISA_cashloan] Triển khai sản phẩm Misa cashloan,Epic,Done,2025-12-23,other,0,0,MISA_cashloan,cashloan,538
jira,PL-10358,[MISA_cashloan][MOBILE] Mobile App & Cake Portal,[MISA_cashloan] Triển khai sản phẩm Misa cashloan,Epic,Done,2025-12-03,other,0,0,MISA_cashloan;CAKE_cashloan,cashloan,550
jira,PL-10360,[MISA_cashloan][API] data-config,[MISA_cashloan][API] - Onboarding Process & APIs Integration,Story,Released,2025-11-24,api;ui,0,0,MISA_cashloan,cashloan,3455
jira,PL-10362,[MISA_cashloan][API] check-profile,[MISA_cashloan][API] - Onboarding Process & APIs Integration,Story,Released,2025-11-24,api;gl,0,0,MISA_cashloan,cashloan,3001
jira,PL-10363,[MISA_cashloan][API] client-create,[MISA_cashloan][API] - Onboarding Process & APIs Integration,Story,Released,2025-11-24,policy-table-weak;api;gl;ui,1,0,MISA_cashloan;VNHUB_cashloan,cashloan,9032
jira,PL-10365,[MISA_cashloan][API] client-update,[MISA_cashloan][API] - Onboarding Process & APIs Integration,Story,Released,2025-11-24,api;gl,0,0,MISA_cashloan,cashloan,3449
jira,PL-10367,[MISA_cashloan][API] loan-register,[MISA_cashloan][API] - Onboarding Process & APIs Integration,Story,Released,2025-11-24,api,0,0,MISA_cashloan,cashloan,2515
jira,PL-10369,[MISA_cashloan][API] get-status,[MISA_cashloan][API] - Onboarding Process & APIs Integration,Story,Released,2025-11-24,api,0,0,MISA_cashloan,cashloan,2349
jira,PL-10371,[MISA_cashloan][API] get-loan-detail,[MISA_cashloan][API] - Onboarding Process & APIs Integration,Story,Released,2025-11-24,policy-table;api;gl,4,0,MISA_cashloan,cashloan,5781
jira,PL-10373,[MISA_cashloan][API partner] partner-update-status,[MISA_cashloan][API] - Onboarding Process & APIs Integration,Story,Released,2025-11-24,policy-table-weak;api,1,0,MISA_cashloan,cashloan,2182
jira,PL-10378,[Lending portal] - Permission for viewing account data,[LENDING][PORTAL] - Loan Details - Core ICE,Story,Released,2025-12-24,gl;ui,0,0,,,2917
jira,PL-10379,[MISA_cashloan][API] get-esign,[MISA_cashloan][API] - Onboarding Process & APIs Integration,Story,Released,2025-11-24,api,0,0,MISA_cashloan,cashloan,2550
jira,PL-10381,[MISA_cashloan][API] contract-cancel,[MISA_cashloan][API] - Onboarding Process & APIs Integration,Story,Released,2025-11-24,api,0,0,MISA_cashloan,cashloan,1775
jira,PL-10383,[MISA_cashloan][API] get-otp,[MISA_cashloan][API] - Onboarding Process & APIs Integration,Story,Released,2025-11-24,api,0,0,MISA_cashloan,cashloan,2529
jira,PL-10385,[MISA_cashloan][API] verify-esign,[MISA_cashloan][API] - Onboarding Process & APIs Integration,Story,Released,2025-11-24,api,0,0,MISA_cashloan,cashloan,2974
jira,PL-10387,[MISA_cashloan][CORE] Disbursement,"[MISA_cashloan][CORE] LOS, Precheck & CORE",Story,Released,2025-11-24,gl,0,0,MISA_cashloan,cashloan,2208
jira,PL-10389,[MISA_cashloan][API] repayment-van,[MISA_cashloan][API] - Onboarding Process & APIs Integration,Story,Released,2025-11-24,api;ui,0,0,MISA_cashloan,cashloan,5058
jira,PL-10391,[MISA_cashloan][API] repayment-status,[MISA_cashloan][API] - Onboarding Process & APIs Integration,Story,Released,2025-11-24,api,0,0,MISA_cashloan,cashloan,3409
jira,PL-10393,[MISA_cashloan][API partner] partner-repayment-status,[MISA_cashloan][API] - Onboarding Process & APIs Integration,Story,Released,2025-12-10,api,0,0,MISA_cashloan,cashloan,4475
jira,PL-10400,[Core] - Inquiry tài khoản ngoài Cake,"[MISA_cashloan][CORE] LOS, Precheck & CORE",Story,Released,2025-11-24,ui,0,0,MISA_cashloan;CAKE_cashloan,cashloan,3144
jira,PL-10401,"[Portal] - Ẩn các nút Gửi lại kết quả duyệt, Huỷ khoản vay, Thu hồi nợ thủ công",[Lending] - Enhancement Operations 2025,Story,Released,2025-10-23,ui,0,0,,,1341
jira,PL-10414,[MISA_cashloan][CORE] Repayment,"[MISA_cashloan][CORE] LOS, Precheck & CORE",Story,Released,2025-11-24,gl,0,0,MISA_cashloan,cashloan,1301
jira,PL-10416,[MISA_cashloan][CORE] Send SMS to the customer,"[MISA_cashloan][CORE] LOS, Precheck & CORE",Story,Released,2025-11-24,other,0,0,MISA_cashloan,cashloan,1247
jira,PL-10418,[MISA_cashloan][CORE] Create Precheck,"[MISA_cashloan][CORE] LOS, Precheck & CORE",Story,Released,2025-11-24,other,0,0,MISA_cashloan,cashloan,1175
jira,PL-10428,[Portal][CakeTask] - LendingRetryDisbursement,,Story,Open,2026-09-15,ui,0,0,,,3737
jira,PL-10456,[CORE] Update logic xử lý làm tròn số dư lãi,,Story,Released,2025-10-21,gl,0,0,,,2137
jira,PL-10471,[Daft] 2025 Security Vulnerabilities,,Epic,Done,2025-12-27,other,0,0,VT_Payday_S,,490
jira,PL-10488,[Lending portal] - View transaction detail,[LENDING][PORTAL] - Loan Details - Core ICE,Story,Ready4Test,2026-01-27,ui,0,0,,,998
jira,PL-10489,[Lending portal] - Search Loan Transactions,[LENDING][PORTAL] - Loan Details - Core ICE,Story,In Coding,2026-06-19,other,0,0,,,1067
jira,PL-10491,[VDS_paylater_epass][API partner] vds-loan-update,[VDS_paylater_epass][API] - Onboarding Process & APIs Integration,Story,Released,2025-11-12,api,0,0,VDS_paylater;VDS_paylater_epass,paylater,1906
jira,PL-10493,[VDS_paylater_epass][API partner] vds-payment-status,[VDS_paylater_epass][API] - Onboarding Process & APIs Integration,Story,Released,2025-11-11,api,0,0,VDS_paylater;VDS_paylater_epass,paylater,2112
jira,PL-10495,[VDS_paylater_epass][API partner] vds-payment-confirm,[VDS_paylater_epass][API] - Onboarding Process & APIs Integration,Story,Released,2025-11-11,api,0,0,VDS_paylater;VDS_paylater_epass,paylater,2390
jira,PL-10498,[VDS_paylater_epass][API partner] vds-auth,[VDS_paylater_epass][API] - Onboarding Process & APIs Integration,Story,Released,2025-11-12,api;ui,0,0,VDS_paylater;VDS_paylater_epass,paylater,2003
jira,PL-10509,update permission gcs bucket,,Story,Released,2025-12-24,other,0,0,,,450
jira,PL-10517,[Lending] - Adjust key/access_id connect to EKYC,,Story,Released,2025-10-29,other,0,0,,,1489
jira,PL-10519,[VDS_paylater] - Thêm product_code PLVT_03 trên VDS_paylater,[VDS_paylater_epass] - Triển khai VDS Paylater trên ứng dụng ePass,Epic,Done,2025-11-13,policy-table,4,1,VDS_paylater;VDS_paylater_epass,paylater,2782
jira,PL-10520,[VDS_paylater][API] - Điều chỉnh API client_create thêm PLVT_03,[VDS_paylater] - Thêm product_code PLVT_03 trên VDS_paylater,Story,Released,2025-11-06,api;ui,0,0,VDS_paylater;VDS_paylater_epass,paylater,8004
jira,PL-10524,[Portal][API support] - LendingForceActiveLoan,[Portal] - CakeTask,Story,Released,2025-11-24,other,0,0,,,4085
jira,PL-10527,[Promotions] Challenge Scheme for Cashloan,,Epic,Draft,2026-02-11,other,0,0,,cashloan,689
jira,PL-10536,[VNP_cashloan] - Mapping mã lỗi COB,[Lending] - Enhancement Operations 2025,Story,Released,2025-11-11,ui,0,0,VNP_cashloan,cashloan,2287
jira,PL-10539,[Core][Paylater] - Cơ chế lưu lịch sử trả góp,[VNP_paylater] - Installment,Story,Released,2025-11-21,policy-table-weak;api,1,0,VNP_paylater,paylater,5056
jira,PL-10552,[ZLP-CL] - Nâng hạn mức ZLP-CL lên 50 triệu,[Lending] - Enhancement Operations 2025,Story,Released,2025-10-28,policy-prose,0,2,ZLP_cashloan,cashloan,788
jira,PL-10554,[MWG-CL] - Nâng hạn mức MWG-CL lên 50 triệu,[Lending] - Enhancement Operations 2025,Story,Released,2025-10-28,other,0,1,MWG_cashloan,cashloan,795
jira,PL-10556,[All partner-lending] - Bổ sung mã lỗi khi truyền empty vào field required,[Lending] - Enhancement Operations 2025,Story,Released,2025-11-10,ui,0,0,FPT_paylater;ZLP_cashloan,,3121
jira,PL-10561,[App Cake] - Bổ sung loan_alias ở MH quản lý khoản vay,[Lending] - Enhancement Operations 2025,Story,Released,2025-11-12,ui,0,0,,,810
jira,PL-10565,[Portal] Bổ sung search bằng loan_alias,[Lending] - Enhancement Operations 2025,Story,Released,2025-11-12,ui,0,0,,,1196
jira,PL-10570,clone lending-core-test to ic-core-test,,Story,Released,2025-12-24,other,0,0,,,472
jira,PL-10574,[MISA_cashloan][API] challenge-get-otp,[MISA_cashloan][API] - Onboarding Process & APIs Integration,Story,Released,2025-11-24,api;gl,0,0,MISA_cashloan,cashloan,5588
jira,PL-10576,[MISA_cashloan][API] challenge-verify-otp,[MISA_cashloan][API] - Onboarding Process & APIs Integration,Story,Released,2025-11-24,api,0,0,MISA_cashloan,cashloan,3684
jira,PL-10583,[VNHUB_cashloan] - Triển khai cashloan trên VNeID,,Initiative,Done,2026-08-22,other,0,0,VNHUB_cashloan,cashloan,1213
jira,PL-10584,[VNHUB_cashloan][API] - Onboarding Process & APIs Integration,[VNHUB_cashloan] - Triển khai cashloan trên VNeID,Epic,Done,2025-12-09,other,0,0,VNHUB_cashloan,cashloan,823
jira,PL-10586,[ICE-NONPROD] add vault ic-core-test,,Story,Released,2025-12-24,other,0,0,,,466
jira,PL-10588,[All Paylater] - Bỏ chặn COB time,[Lending] - Enhancement Operations 2025,Story,Released,2025-12-10,ui,0,0,VDS_paylater;BE_paylater;VNP_paylater;FPT_paylater;MWG_paylater,paylater,1034
jira,PL-10590,[VNHUB_cashloan][API] data-config,[VNHUB_cashloan][API] - Onboarding Process & APIs Integration,Story,Released,2025-11-11,api,0,0,VNHUB_cashloan,cashloan,3345
jira,PL-10592,[VNHUB_cashloan][API] check-profile,[VNHUB_cashloan][API] - Onboarding Process & APIs Integration,Story,Released,2025-11-11,api;gl,0,0,VNHUB_cashloan,cashloan,2330
jira,PL-10594,[VNHUB_cashloan][API] client-create,[VNHUB_cashloan][API] - Onboarding Process & APIs Integration,Story,Released,2025-11-11,policy-table-weak;api;gl;ui,1,0,VNHUB_cashloan,cashloan,7832
jira,PL-10596,[VNHUB_cashloan][API] client-update,[VNHUB_cashloan][API] - Onboarding Process & APIs Integration,Story,Released,2025-11-11,api;gl,0,0,VNHUB_cashloan,cashloan,3297
jira,PL-10598,[VNHUB_cashloan][API] loan-register,[VNHUB_cashloan][API] - Onboarding Process & APIs Integration,Story,Released,2025-11-11,api,0,0,VNHUB_cashloan,cashloan,2240
jira,PL-10599,[VNHUB_cashloan][API] get-status,[VNHUB_cashloan][API] - Onboarding Process & APIs Integration,Story,Released,2025-11-11,api,0,0,VNHUB_cashloan,cashloan,2085
jira,PL-10601,[VNHUB_cashloan][API] get-loan-detail,[VNHUB_cashloan][API] - Onboarding Process & APIs Integration,Story,Released,2025-11-11,policy-table;api;gl,4,0,VNHUB_cashloan,cashloan,5288
jira,PL-10604,[VNHUB_cashloan][API partner] partner-update-status,[VNHUB_cashloan][API] - Onboarding Process & APIs Integration,Story,Released,2025-11-11,policy-table-weak;api,1,0,VNHUB_cashloan,cashloan,2193
jira,PL-10606,"[VNHUB_cashloan][CORE] LOS, Precheck & CORE",[VNHUB_cashloan] - Triển khai cashloan trên VNeID,Epic,Done,2025-12-03,other,0,0,VNHUB_cashloan,cashloan,541
jira,PL-10607,[VNHUB_cashloan][MOBILE] Mobile App & Cake Portal,[VNHUB_cashloan] - Triển khai cashloan trên VNeID,Epic,Done,2025-12-03,other,0,0,VNHUB_cashloan;CAKE_cashloan,cashloan,553
jira,PL-10608,[VNHUB_cashloan][CORE] Disbursement,"[VNHUB_cashloan][CORE] LOS, Precheck & CORE",Story,Released,2025-11-11,gl,0,0,VNHUB_cashloan,cashloan,2960
jira,PL-10610,[VNHUB_cashloan][CORE] Repayment,"[VNHUB_cashloan][CORE] LOS, Precheck & CORE",Story,Released,2025-11-11,gl,0,0,VNHUB_cashloan,cashloan,2096
jira,PL-10612,[VNHUB_cashloan][CORE] Send SMS to the customer,"[VNHUB_cashloan][CORE] LOS, Precheck & CORE",Story,Released,2025-10-30,other,0,0,VNHUB_cashloan,cashloan,1388
jira,PL-10616,[VNHUB_cashloan][CORE] Create Precheck,"[VNHUB_cashloan][CORE] LOS, Precheck & CORE",Story,Released,2025-11-11,other,0,0,VNHUB_cashloan,cashloan,1356
jira,PL-10618,[ICE] RELEASE,,Story,Released,2025-11-04,other,0,0,,,426
jira,PL-10619,[VNHUB_cashloan][App] Sign & Loan management,[VNHUB_cashloan][MOBILE] Mobile App & Cake Portal,Story,Released,2025-11-11,policy-table-weak;ui,2,0,VNHUB_cashloan,cashloan,11066
jira,PL-10621,[VNHUB_cashloan][App] Repayment transaction history,[VNHUB_cashloan][MOBILE] Mobile App & Cake Portal,Story,Released,2025-11-11,policy-table-weak;ui,1,0,VNHUB_cashloan,cashloan,2286
jira,PL-10623,[VNHUB_cashloan][Portal] Allow process CakeTask on Cake portal,[VNHUB_cashloan][MOBILE] Mobile App & Cake Portal,Story,Released,2025-11-06,other,0,0,VNHUB_cashloan;CAKE_cashloan,cashloan,2371
jira,PL-10632,[VDS_paylater_epass][API] Điều chỉnh interest_rate,,Story,Open,2025-12-24,other,0,0,VDS_paylater;VDS_paylater_epass,paylater,1123
jira,PL-10649,[MISA_cashloan][App] Sign & Loan management,[MISA_cashloan][MOBILE] Mobile App & Cake Portal,Story,Released,2025-11-24,policy-table;ui,4,0,MISA_cashloan,cashloan,15173
jira,PL-10651,[MISA_cashloan][App] Repayment transaction history,[MISA_cashloan][MOBILE] Mobile App & Cake Portal,Story,Released,2025-11-24,policy-table-weak;ui,1,0,MISA_cashloan,cashloan,2051
jira,PL-10653,[MISA_cashloan][Portal] Allow process CakeTask on Cake portal,[MISA_cashloan][MOBILE] Mobile App & Cake Portal,Story,Released,2025-11-24,other,0,0,MISA_cashloan;CAKE_cashloan,cashloan,1922
jira,PL-10688,[VDS_paylater] - Lưu product_code xuống LMS,[VDS_paylater] - Thêm product_code PLVT_03 trên VDS_paylater,Story,Released,2025-10-31,other,0,0,VDS_paylater;VDS_paylater_epass,paylater,1342
jira,PL-10701,[VNHUB_cashloan] - Hợp đồng,"[VNHUB_cashloan][CORE] LOS, Precheck & CORE",Story,Released,2025-11-11,other,0,0,VNHUB_cashloan,cashloan,902
jira,PL-10714,Triển khai quy trình và quy tắc khoản vay trả góp (Instalments - Cashloan),,Epic,Done,2025-12-23,other,0,0,,cashloan,773
jira,PL-10722,[ICE-55],,Story,Released,2025-11-04,other,0,0,,,410
jira,PL-10761,[BE][PL] - Disburse rút tiền mặt,[BE][PL] - Integrate luồng rút tiền mặt,Story,Released,2025-12-10,policy-table-weak;gl;ui,1,0,BE_paylater,paylater,3610
jira,PL-10776,[ZLP-PD][API partner] - Điều chỉnh API disburse request,,Story,Released,2025-11-20,policy-table-weak;api;ui,1,0,ZLP_payday,payday,2874
jira,PL-10779,[Lending] - Alert Flow  - Microsoft Teams Integration,,Story,Draft,2026-03-11,gl,0,0,,,1117
jira,PL-10786,[VNHUB_cashloan][App] Disbursement transaction history,[VNHUB_cashloan][MOBILE] Mobile App & Cake Portal,Story,Released,2025-11-12,ui,0,0,VNHUB_cashloan,cashloan,2204
jira,PL-10806,[VNHUB_cashloan][API] - Thêm contact_relationship 11 Con,[VNHUB_cashloan][API] - Onboarding Process & APIs Integration,Story,Released,2025-11-21,api;ui,0,0,VNHUB_cashloan,cashloan,1872
jira,PL-10808,[CORE] ICE-PL maturity,"[CORE][TRACKING] Core Handling - buckets, GL & engine accounting (open items)",Story,In Coding,2026-09-07,ui,0,0,,paylater,1871
jira,PL-10818,[Precheck] - Precheck friendly code message,,Epic,Done,2026-08-12,other,0,0,,,522
jira,PL-10841,[Precheck] - Migrate 2 sản phẩm payroll sang Precheck v2,[Precheck] - Precheck friendly code message,Story,Released,2025-12-15,policy-table-weak;ui,2,0,VT_Cashloan_S;VT_Payday_S;CAKE_cashloan;PD_Viettel;VNP_cashloan;Viettel_Cashloan;ZLP_cashloan;CAKE_payday;VNP_payday,,10952
jira,PL-11006,[VNP_paylater] - Installment,,Epic,Done,2026-01-10,other,0,0,VNP_paylater,paylater,729
jira,PL-11007,[VNP_paylater][Installment] - API get-installment-transactions,[VNP_paylater] - Installment,Story,Released,2025-12-24,policy-table;api,3,0,VNP_paylater,paylater,14800
jira,PL-11009,[VNP_paylater][Installment] - API get-installment-eligible,[VNP_paylater] - Installment,Story,Released,2025-12-24,api,0,0,BE_paylater;VNP_paylater;FPT_paylater,paylater,6630
jira,PL-11011,[VNP_paylater][Installment] - API get-installment-offering-list,[VNP_paylater] - Installment,Story,Released,2025-12-24,policy-table-weak;api,2,1,VNP_paylater,paylater,5273
jira,PL-11013,[VNP_paylater][Installment] - API installment-request,[VNP_paylater] - Installment,Story,Released,2025-12-24,policy-table;api,4,1,VNP_paylater,paylater,6499
jira,PL-11015,[VNP_paylater][Installment] - API challenge-get-otp,[VNP_paylater] - Installment,Story,Released,2025-12-24,api,0,0,VNP_paylater,paylater,5055
jira,PL-11017,[VNP_paylater][Installment] - API challenge-verify-otp,[VNP_paylater] - Installment,Story,Released,2025-12-24,api,0,0,VNP_paylater,paylater,3540
jira,PL-11019,[VNP_paylater][Installment] - API installment-confirm,[VNP_paylater] - Installment,Story,Released,2025-12-24,policy-table-weak;api,2,0,VNP_paylater,paylater,4010
jira,PL-11024,[ICE] -  Stamp lại schedule_wo_date,,Story,Draft,2026-01-07,other,0,0,,,420
jira,PL-11037,[Viettel_Cashloan] - Sim ngoại mạng,,Epic,Done,2026-02-23,policy-prose,0,2,Viettel_Cashloan,cashloan,2250
jira,PL-11045,[Viettel_cashloan][NONVT] - Điều chỉnh API check-profile và client-create,[Viettel_Cashloan] - Sim ngoại mạng,Story,Released,2026-01-21,policy-table-weak;policy-prose;api;ui,1,3,Viettel_Cashloan,cashloan,5500
jira,PL-11047,[Viettel_cashloan][NONVT] - Bổ sung 2 product_code non viettel,[Viettel_Cashloan] - Sim ngoại mạng,Story,Released,2026-01-20,other,0,0,Viettel_Cashloan,cashloan,1756
jira,PL-11051,PayLater - Thay đổi thời gian post_instalment về trước sao kê,,Story,Released,2025-12-23,ui,0,0,BE_paylater;VNP_paylater;MWG_paylater,paylater,1919
jira,PL-11056,[Portal] - Cursor Pagination enhancement,,Epic,Done,2026-06-08,gl,0,0,,,915
jira,PL-11057,[VPO_cl_pension][SalePortal] - API lưu thông tin hồ sơ offline,[VPO_cl_pension] SalePortal,Story,Released,2025-12-22,api;ui,0,0,VPO_cl_pension;VPO_cashloan,cashloan,4580
jira,PL-11060,[MWG_cashloan][API partner] partner-status-update,[MWG-CL][QTV] - Triển khai MWG Cashloan trên ứng dụng QTV,Story,Released,2025-12-10,policy-table-weak;api,1,0,MWG_cashloan,cashloan,4164
jira,PL-11065,[ZLP-CL] - Điều chỉnh app ID khi gọi qua semi,,Story,Released,2025-11-27,other,0,0,ZLP_cashloan,cashloan,687
jira,PL-11067,[Portal] - Cursor Pagination for menu Cashloan Ops,[Portal] - Cursor Pagination enhancement,Story,Released,2026-04-03,ui,0,0,,cashloan,2364
jira,PL-11069,[Portal] - Cursor Pagination for menu Write off,[Portal] - Cursor Pagination enhancement,Story,Released,2026-04-02,other,0,0,,,1425
jira,PL-11071,[Portal] - Cursor Pagination for menu Lending Journal Adjustment & VNP Profile Ops,[Portal] - Cursor Pagination enhancement,Story,Released,2026-04-08,other,0,0,,,1819
jira,PL-11076,[BE][PL] - Integrate luồng rút tiền mặt,,Epic,Done,2026-01-19,ui,0,0,,paylater,867
jira,PL-11077,[BE][PL] - Update API payment-request,[BE][PL] - Integrate luồng rút tiền mặt,Story,Released,2025-12-10,policy-table-weak;api;ui,2,0,BE_paylater,paylater,7498
jira,PL-11078,[BE][PL] - Update API payment-confirm,[BE][PL] - Integrate luồng rút tiền mặt,Story,Released,2025-12-10,api,0,0,BE_paylater,paylater,6099
jira,PL-11079,[BE][PL] - Add API challenge-get-otp,[BE][PL] - Integrate luồng rút tiền mặt,Story,Released,2025-12-10,api;gl,0,0,BE_paylater,paylater,2656
jira,PL-11080,[BE][PL] - Add API challenge-verify-otp,[BE][PL] - Integrate luồng rút tiền mặt,Story,Released,2025-12-10,api;gl,0,0,BE_paylater,paylater,2720
jira,PL-11081,[BE][PL] - Add API payment-offer,[BE][PL] - Integrate luồng rút tiền mặt,Story,Released,2025-12-10,policy-table-weak;api;ui,2,0,BE_paylater,paylater,2465
jira,PL-11089,[PL][CORE] - ICE - Overpaid + Clear_credit,,Epic,Done,2026-09-04,gl,0,0,,paylater,432
jira,PL-11126,VNPAY - Paylater tách 2 account TKĐBTT,,Story,Released,2026-01-19,gl;ui,0,0,VNP_paylater,paylater,8677
jira,PL-11127,QTV - Paylater - Xây dựng luồng cash back,,Epic,On-hold,2026-08-12,other,0,0,MWG_paylater,paylater,433
jira,PL-11141,VDS - Điều chỉnh score cutoff,,Story,Released,2025-11-26,other,0,0,VT_Cashloan_S;VT_Payday_S,,850
jira,PL-11143,[VNHUB_cashloan] - Điều chỉnh Precheck,"[VNHUB_cashloan][CORE] LOS, Precheck & CORE",Story,Released,2025-11-27,other,0,0,VNHUB_cashloan;VT_Payday_S;CAKE_cashloan;PD_Viettel;VNP_cashloan;Viettel_Cashloan;ZLP_cashloan;CAKE_payday;VNP_payday,cashloan,2359
jira,PL-11152,[MWG_cashloan][CORE] - Luồng giải ngân ngoài và giải ngân Casa,[MWG-CL][QTV] - Triển khai MWG Cashloan trên ứng dụng QTV,Story,Released,2025-12-23,gl,0,0,MWG_cashloan,cashloan,2454
jira,PL-11155,"[KLP_cashloan][CORE] LOS, Precheck & CORE",[KLP_cashloan] Triển khai sản phẩm Kalapa cashloan,Epic,Done,2026-06-19,gl,0,0,KLP_cashloan,cashloan,734
jira,PL-11156,[KLP_cashloan][MOBILE] Mobile App & Cake Portal,[KLP_cashloan] Triển khai sản phẩm Kalapa cashloan,Epic,Done,2026-06-17,other,0,0,KLP_cashloan;CAKE_cashloan,cashloan,551
jira,PL-11157,[VPO_cl_pension] SalePortal,,Epic,Done,2025-12-23,other,0,0,VPO_cl_pension;VPO_cashloan,cashloan,421
jira,PL-11158,[VPO_cashloan] Product policy vay hưu trí,,Story,Open,2025-12-01,policy-table,5,0,VPO_cashloan,cashloan,1516
jira,PL-11160,[MWG_paylater] Enhance giao diện lịch trả góp,,Story,Released,2026-01-05,ui,0,0,VNP_paylater;MWG_paylater,paylater,8709
jira,PL-11172,[VPO_cl_pension] - Vay hưu trí,,Initiative,Done,2026-01-10,policy-table;gl;ui,5,0,VPO_cashloan;VPO_cl_pension,cashloan,2788
jira,PL-11173,[VPO_cl_pension][API] - Onboarding Process & APIs Integration,[VPO_cl_pension] - Vay hưu trí,Epic,Done,2025-12-23,other,0,0,VPO_cl_pension;VPO_cashloan,cashloan,559
jira,PL-11174,"[VPO_cl_pension][CORE] LOS, Precheck & CORE",[VPO_cl_pension] - Vay hưu trí,Epic,Done,2026-08-04,other,0,0,VPO_cl_pension;VPO_cashloan,cashloan,523
jira,PL-11183,[BE][PL] - Update API payment-mer-update + payment-revert,[BE][PL] - Integrate luồng rút tiền mặt,Story,Released,2025-12-10,other,0,0,,paylater,1799
jira,PL-11185,[VPO_cl_pension][MOBILE] Mobile App & Cake Portal,[VPO_cl_pension] - Vay hưu trí,Epic,Done,2025-12-23,other,0,0,VPO_cl_pension;CAKE_cashloan;VPO_cashloan,cashloan,535
jira,PL-11187,[VPO_cl_pension][API] API get-loan-detail,[VPO_cl_pension][API] - Onboarding Process & APIs Integration,Story,Released,2025-12-23,api,0,0,VPO_cl_pension;VPO_cashloan,cashloan,2593
jira,PL-11191,[VPO_cl_pension][API] API Repayments,[VPO_cl_pension][API] - Onboarding Process & APIs Integration,Story,Released,2025-12-23,api,0,0,VPO_cl_pension;VPO_cashloan,cashloan,2551
jira,PL-11193,[VPO_cl_pension][API] API Terminates,[VPO_cl_pension][API] - Onboarding Process & APIs Integration,Story,Released,2025-12-23,policy-table;api,4,0,VPO_cl_pension;VPO_cashloan,cashloan,4836
jira,PL-11195,[VPO_cl_pension][API] API Disbursements,[VPO_cl_pension][API] - Onboarding Process & APIs Integration,Story,Released,2025-12-23,api;ui,0,0,VPO_cl_pension;VPO_cashloan,cashloan,5536
jira,PL-11197,[VPO_cl_pension][API] API generate-link,[VPO_cl_pension][API] - Onboarding Process & APIs Integration,Story,Released,2025-12-23,api,0,0,VPO_cl_pension;VPO_cashloan,cashloan,4456
jira,PL-11199,[VPO_cl_pension][App] Sign Contract,[VPO_cl_pension][MOBILE] Mobile App & Cake Portal,Story,Released,2025-12-23,policy-table-weak;ui,1,0,VPO_cl_pension;VPO_cashloan,cashloan,3313
jira,PL-11200,[VPO_cl_pension][App] Loan management,[VPO_cl_pension][MOBILE] Mobile App & Cake Portal,Story,Released,2025-12-23,policy-table-weak;ui,1,0,VPO_cl_pension;VPO_cashloan,cashloan,5247
jira,PL-11202,[VPO_cl_pension][App] Repayment loan,[VPO_cl_pension][MOBILE] Mobile App & Cake Portal,Story,Released,2025-12-23,ui,0,0,VPO_cl_pension;VPO_cashloan,cashloan,3051
jira,PL-11204,[VPO_cl_pension][App] Terminate loan,[VPO_cl_pension][MOBILE] Mobile App & Cake Portal,Story,Released,2025-12-23,policy-table;ui,3,0,VPO_cl_pension;VPO_cashloan,cashloan,5149
jira,PL-11206,[VPO_cl_pension][App] Repayment transaction history,[VPO_cl_pension][MOBILE] Mobile App & Cake Portal,Story,Released,2025-12-23,policy-table-weak;ui,1,0,VPO_cl_pension;VPO_cashloan,cashloan,2042
jira,PL-11208,[VPO_cl_pension][Portal] Allow process CakeTask on Cake portal,[VPO_cl_pension][MOBILE] Mobile App & Cake Portal,Story,Released,2025-12-23,other,0,0,VPO_cl_pension;CAKE_cashloan;VPO_cashloan,cashloan,2399
jira,PL-11210,[VPO_cl_pension][Portal] Onboarding source,[VPO_cl_pension][MOBILE] Mobile App & Cake Portal,Story,Released,2025-12-23,ui,0,0,VPO_cl_pension;VPO_cashloan,cashloan,1099
jira,PL-11214,[CORE] Build TikTok-lending integration layer,,Epic,On-hold,2026-06-20,gl,0,0,,,816
jira,PL-11215,[CORE] SKU-level payment & instalment mapping for TikTok,,Epic,On-hold,2026-06-20,gl,0,0,,,824
jira,PL-11216,[CORE] TikTok refund orchestration & ICE sync,,Epic,On-hold,2026-06-20,gl,0,0,,,785
jira,PL-11219,[VPO_cl_pension] - Create precheck,"[VPO_cl_pension][CORE] LOS, Precheck & CORE",Story,Released,2025-12-23,policy-table-weak;api;gl;ui,1,0,VT_Payday_S;CAKE_cashloan;PD_Viettel;VNP_cashloan;Viettel_Cashloan;ZLP_cashloan;CAKE_payday;VNP_payday;VPO_cl_pension;VPO_cashloan,cashloan,10518
jira,PL-11224,[Risk][Viettel_gateway] Support app-id in face-auth service,,Story,Released,2026-02-24,gl;ui,0,0,VTPO_cashloan;MISA_cashloan;VDS_paylater;ZLP_payday;VNHUB_cashloan;VT_Cashloan_S;VT_Payday_S;FPT_paylater;Viettel_Cashloan;ZLP_cashloan,,6522
jira,PL-11227,[OPS] - Build chức năng thanh toán qua tài khoản van trên app Cake,,Story,Draft,2025-12-04,other,0,0,,,500
jira,PL-11239,[VPO_cl_pension][CORE] Test FIN,"[VPO_cl_pension][CORE] LOS, Precheck & CORE",Story,Released,2025-12-23,other,0,0,VPO_cl_pension;VPO_cashloan,cashloan,684
jira,PL-11241,[VPO_cl_pension][CORE] Contract,"[VPO_cl_pension][CORE] LOS, Precheck & CORE",Story,Released,2025-12-23,other,0,0,VPO_cl_pension;VPO_cashloan,cashloan,1012
jira,PL-11243,[VPO_cl_pension][CORE] Disbursement,"[VPO_cl_pension][CORE] LOS, Precheck & CORE",Story,Released,2025-12-23,gl,0,0,VPO_cashloan;VPO_cl_pension,cashloan,1982
jira,PL-11245,[VPO_cl_pension][CORE] Repayment,"[VPO_cl_pension][CORE] LOS, Precheck & CORE",Story,Released,2025-12-23,gl,0,0,VPO_cashloan;VPO_cl_pension,cashloan,1435
jira,PL-11247,[VPO_cl_pension][CORE] Send SMS to the customer,"[VPO_cl_pension][CORE] LOS, Precheck & CORE",Story,Released,2025-12-23,other,0,0,VPO_cl_pension;VPO_cashloan,cashloan,1216
jira,PL-11249,[VPO_cl_pension][CORE] Send SMS disburse T+1,,Story,Draft,2026-01-10,other,0,0,VPO_cl_pension;VPO_cashloan,cashloan,558
jira,PL-11252,[VPO_cashloan][DOP] Điều chỉnh optional sale_code,[VPO_cl_pension][API] - Onboarding Process & APIs Integration,Story,Released,2025-12-23,ui,0,0,VPO_cashloan;VPO_cl_pension,cashloan,1163
jira,PL-11256,[ICE][migration-compat] add fixed deposit product,,Story,Released,2025-12-05,other,0,0,,,492
jira,PL-11271,[VNP_payday] - Điều chỉnh requested amount của sản phẩm,,Story,Released,2025-12-10,other,0,0,VNP_payday,payday,774
jira,PL-11274,[Report] Update cron job time due to mambu update,,Story,Released,2025-12-24,other,0,0,,,492
jira,PL-11288,[VPO_cl_pension] [Lending] Show hồ sơ KYC offline lên Cake portal_Vay hưu trí,[VPO_cl_pension] SalePortal,Story,Released,2025-12-22,api;gl;ui,0,0,VPO_cl_pension;CAKE_cashloan;VPO_cashloan,cashloan,4268
jira,PL-11312,[Viettel_Cashloan] Điều chỉnh luồng nhận diện user segment,,Story,Released,2026-01-20,policy-table-weak;api,1,0,Viettel_Cashloan;ZLP_cashloan,cashloan,5238
jira,PL-11314,[MWG_paylater] - KH được cấp tín dụng bởi tổ chức khác,,Story,Released,2026-01-20,api;gl,0,0,MWG_paylater,paylater,4040
jira,PL-11319,migration zlp_payday,,Story,Released,2025-12-24,other,0,0,ZLP_payday,payday,443
jira,PL-11327,[Lending][Portal] - Tích hợp data cho page ICE - Loan accounts,[LENDING][PORTAL] - Loan Details - Core ICE,Story,Open,2026-01-19,other,0,0,,,1134
jira,PL-11328,[Lending][Portal] - Tích hợp data cho page ICE - Loan Transactions,[LENDING][PORTAL] - Loan Details - Core ICE,Story,Open,2025-12-11,other,0,0,,,1003
jira,PL-11329,[Lending][Portal] - Tích hợp data lên UI cho page ICE - GL Entries,[LENDING][PORTAL] - Loan Details - Core ICE,Story,Open,2025-12-11,gl,0,0,,,892
jira,PL-11330,[MWG_paylater] - Điều chỉnh loan management view,,Story,Released,2026-01-06,policy-table-weak;ui,2,0,MWG_paylater,paylater,5134
jira,PL-11337,[Lending] Update api bank-inquiry and api transfer,,Story,Released,2025-12-23,other,0,0,,,1799
jira,PL-11338,[ICE] - Create Daily Trial Balance Aggregate Table,,Story,Draft,2025-12-12,gl,0,0,,,1315
jira,PL-11340,[Alert] - Alert system,,Epic,Done,2026-07-23,other,0,0,,,392
jira,PL-11348,[All Payday] - Bỏ chặn COB time,[Lending] - Enhancement Operations 2025,Story,Released,2025-12-31,other,0,0,ZLP_payday;VT_Payday_S;PD_Viettel;CAKE_payday;VNP_payday,payday,1233
jira,PL-11362,[CAKE_payday] - Tự fill các thông tin đã nhập trước đó,Lending improve 2026,Story,Draft,2026-08-12,ui,0,0,CAKE_payday,payday,1404
jira,PL-11366,[Precheck] - Migrate sản phẩm BE Cashloan sang Precheck ver2,[Precheck] - Precheck friendly code message,Story,Released,2026-01-05,policy-table-weak;gl;ui,1,0,VTPO_cashloan;MISA_cashloan;VDS_paylater;VDS_paylater_epass;BE_paylater;VNP_paylater;ZLP_payday;VPO_cashloan;NGS_cashloan;VT_Cashloan_S;VT_Payday_S;FPT_paylater;Be_Cashloan;CAKE_cashloan;MWG_cashloan;MWG_paylater;PD_Viettel;VNP_cashloan;Viettel_Cashloan;ZLP_cashloan;CAKE_payday;VNP_payday;VPO_cl_pension,cashloan,5516
jira,PL-11372,[techdebt] remove deprecated services,,Story,Released,2025-12-24,other,0,0,,,602
jira,PL-11381,[E-Contract] - Update field API SubmitContract,,Story,Released,2025-12-31,api;gl;ui,0,0,VTPO_cashloan;MISA_cashloan;VDS_paylater;VDS_paylater_epass;BE_paylater;VNP_paylater;ZLP_payday;VPO_cashloan;VNHUB_cashloan;NGS_cashloan;FPT_paylater;Be_Cashloan;CAKE_cashloan;MWG_cashloan;MWG_paylater;VNP_cashloan;Viettel_Cashloan;ZLP_cashloan;CAKE_payday;VNP_payday,,4996
jira,PL-11382,Block create QR/VAN in MISA CL for repayment during COB (23:50-04:00),,Story,Released,2026-01-15,other,0,0,MISA_cashloan,cashloan,1761
jira,PL-11383,vnpost release PR (sprint 177),,Story,Open,2025-12-22,other,0,0,,,753
jira,PL-11391,[ic-product] rls ic-product,,Story,Released,2025-12-24,other,0,0,,,448
jira,PL-11403,[VNP_cashloan] Increase maximum requested amount to 50mil,,Story,Released,2025-12-24,ui,0,0,VNP_cashloan,cashloan,968
jira,PL-11421,[VPO_cl_pension] - Adhoc bổ sung rule precheck whitelist ,"[VPO_cl_pension][CORE] LOS, Precheck & CORE",Story,Released,2025-12-24,gl;ui,0,0,VPO_cl_pension;VPO_cashloan,cashloan,2922
jira,PL-11435,[MWG_cashloan][API partner] partner-status-update filter QTV,[MWG-CL][QTV] - Triển khai MWG Cashloan trên ứng dụng QTV,Story,Released,2025-12-29,other,0,0,MWG_cashloan,cashloan,1947
jira,PL-11439,[Precheck] – Update product group cho rule dup_product_found all product,,Story,Released,2026-01-21,ui,0,0,VTPO_cashloan;MISA_cashloan;VDS_paylater;VDS_paylater_epass;BE_paylater;VNP_paylater;ZLP_payday;VPO_cashloan;VNHUB_cashloan;NGS_cashloan;VT_Cashloan_S;VT_Payday_S;FPT_paylater;Be_Cashloan;CAKE_cashloan;MWG_cashloan;MWG_paylater;PD_Viettel;VNP_cashloan;Viettel_Cashloan;ZLP_cashloan;CAKE_payday;VNP_payday;VPO_cl_pension,,3432
jira,PL-11490,[ZLP_cashloan] Repeat/Upsell/Xsell và challenge_id,,Story,Released,2026-01-19,api,0,0,ZLP_cashloan,cashloan,4697
jira,PL-11494,[MWG-CL] - POS Salary segment,,Story,Released,2026-02-04,policy-table;api;ui,8,0,MWG_cashloan,cashloan,5784
jira,PL-11496,[MWG_paylater] Điều chỉnh loan management view,[MWG-PL][QTV] - Phase 7,Story,Released,2026-01-19,policy-table-weak;ui,2,0,MWG_paylater,paylater,4676
jira,PL-11507,Security Vulnerabilities - Q1 2026,,Epic,On-hold,2026-08-12,other,0,0,VT_Payday_S,,452
jira,PL-11510,Security Vulnerabilities - Q1 2026,,Epic,On-hold,2026-08-12,other,0,0,VT_Payday_S,,452
jira,PL-11512,Security Vulnerabilities - Q2 2026,,Epic,Draft,2026-08-17,other,0,0,VT_Payday_S,,450
jira,PL-11517,[Lending][Ops] - Operation task by request - 2026 (Logs),,Epic,Done,2026-09-28,other,0,0,,,472
jira,PL-11534,[ICE][Paylater] -  Bổ sung thêm field over_paid vào bảng account_balance,[ICE][CORE] - To-do list data mart,Story,Open,2026-01-07,other,0,0,,paylater,859
jira,PL-11535,[MWG_paylater] CashWithdraw - Config rule,[MWG_paylater] Cash Withdraw,Story,Released,2026-04-22,policy-prose;gl;ui,0,2,MWG_paylater,paylater,4548
jira,PL-11537,[LendingOps] Lend Task,[Techdebt] Tool + platform,Story,Open,2026-01-28,gl,0,0,,,765
jira,PL-11538,[LoanField] Contract Between system,[Techdebt] Loan management,Story,Draft,2026-01-07,other,0,0,,,617
jira,PL-11539,[BE_paylater] Thanh toán dư nợ qua mã QR VAN,,Story,Released,2026-03-02,api;gl;ui,0,0,BE_paylater,paylater,6377
jira,PL-11543,[LendingHistory] Lending History,[Techdebt] Tool + platform,Story,Open,2026-01-13,gl,0,0,,,1143
jira,PL-11544,[Precheck][API] - Expose API check loan for Precheck Auto Change Phone,,Story,Released,2026-02-24,api;gl,0,0,,,3600
jira,PL-11557,[Precheck][VPO_cl_pension] - Adhoc điều chỉnh rule precheck độ tuổi,"[VPO_cl_pension][CORE] LOS, Precheck & CORE",Story,Released,2026-01-14,policy-table-weak;ui,2,1,VPO_cl_pension;VPO_cashloan,cashloan,2321
jira,PL-11575,[VNP][PL] - Thêm bước cancel instalment vào workflow Revert,,Story,Released,2026-01-20,other,0,0,VNP_paylater,paylater,1386
jira,PL-11579,OPES điều chỉnh bảng dữ liệu đối soát,,Story,Open,2026-09-15,other,0,0,,,1046
jira,PL-11581,[Cashloan] Move to ICE,,Epic,Done,2026-02-03,other,0,0,,cashloan,392
jira,PL-11586,[Precheck][API] - Expose internal API check device for pre-check auto change phone,,Story,Released,2026-02-24,api,0,0,,,2332
jira,PL-11613,[ZLP_payday] Validation KH mua bảo hiểm,,Story,Request Bot To Delete,2026-09-17,other,0,0,ZLP_payday,payday,444
jira,PL-11620,[ZLP_payday] validate KH mua bảo hiểm,,Story,Released,2026-02-04,other,0,0,ZLP_payday,payday,1092
jira,PL-11623,[CAKE_cashloan] Apply Upsell/Repeat,,Story,Released,2026-03-25,policy-table;api;ui,4,0,CAKE_cashloan;ZLP_cashloan,cashloan,15645
jira,PL-11626,[CL+PD] Enhance màn hình HĐTD,,Story,Released,2026-03-05,ui,0,0,VPO_cashloan;Be_Cashloan;MWG_cashloan;PD_Viettel;VNP_cashloan;VNP_payday,cashloan;payday,2890
jira,PL-11627,VDS CASHLOAN - SWITCH TO VDS CAKE SCORE,,Story,Released,2026-01-29,policy-table,13,1,Viettel_Cashloan;CAKE_cashloan,cashloan,6536
jira,PL-11633,[CC] Cancel Instalment,[CC] Cancel Instalment,Story,Released,2026-06-23,other,0,1,,,1327
jira,PL-11652,[LendingEvent] Create,[Techdebt] Loan management,Story,Test Failed,2026-05-12,other,0,0,,,1182
jira,PL-11654,VDS CASHLOAN - SWITCH TO VDS CAKE SCORE - Lãi sau duyệt,,Story,Released,2026-02-02,other,0,0,Viettel_Cashloan;CAKE_cashloan,cashloan,1159
jira,PL-11661,[Lending] Điều chỉnh giá trị repayment,,Story,Released,2026-01-30,ui,0,0,,,1972
jira,PL-11668,[Lending] Điều chỉnh giá trị prepayment 20260202,,Story,Released,2026-02-06,other,0,0,CAKE_cashloan;Viettel_Cashloan,,3288
jira,PL-11683,[CAKE_cashloan] Điều chỉnh lãi suất & Phí bảo hiểm áp dụng khoản vay,,Story,Released,2026-02-04,other,0,0,CAKE_cashloan,cashloan,1191
jira,PL-11686,[Many product] - Friendly message tách mã lỗi 500001 thành 500025,,Story,Released,2026-02-24,other,0,0,VTPO_cashloan;MISA_cashloan;VDS_paylater;VDS_paylater_epass;ZLP_payday;VNHUB_cashloan;FPT_paylater;ZLP_cashloan,,1163
jira,PL-11695,[BE_paylater] Installment,,Epic,Done,2026-06-19,other,0,0,BE_paylater,paylater,1438
jira,PL-11712,[Lending][PL] - Adhoc bổ sung status statement paylater,,Story,Released,2026-02-06,other,0,0,,paylater,1131
jira,PL-11714,[CC] Cancel Instalment,,Epic,Done,2026-06-23,other,0,0,,,392
jira,PL-11720,[Viettel_Cashloan] - Sim ngoại mạng - Lãi suất không theo Risk group,[Viettel_Cashloan] - Sim ngoại mạng,Story,Released,2026-02-10,other,0,0,Viettel_Cashloan,cashloan,2055
jira,PL-11722,[Lending][PL] - Bỏ workflow auto collect sau Payment của Paylater,,Story,Draft,2026-04-29,other,0,0,,paylater,735
jira,PL-11724,[VNPOST][Cashloan&Pension] Điều chỉnh nội dung SMS giải ngân,,Story,Released,2026-03-11,ui,0,0,VPO_cashloan,cashloan,2503
jira,PL-11728,[MWG_paylater] Cash Withdraw,,Epic,Done,2026-08-12,gl,0,0,MWG_paylater,paylater,1509
jira,PL-11730,[MWG_cl_online] - MWG Cashloan trên kênh online (QTV),,Initiative,Done,2026-08-22,gl,0,0,MWG_cl_online;MWG_cashloan,cashloan,1085
jira,PL-11734,[Lending][API] - Bổ sung thêm status cho API active loan,,Story,Released,2026-05-08,other,0,0,MWG_paylater,,1350
jira,PL-11739,[product_id] Installment - Config policy,[BE_paylater] Installment,Story,Released,2026-03-24,other,0,1,BE_paylater,paylater,2369
jira,PL-11741,[BE_paylater][API] get-installment-eligible,[BE_paylater] Installment,Story,Released,2026-03-24,api,0,0,BE_paylater,paylater,3319
jira,PL-11743,[BE_paylater][API] get-installment-offering-list,[BE_paylater] Installment,Story,Released,2026-03-24,policy-table-weak;api,2,0,BE_paylater,paylater,2932
jira,PL-11745,[BE_paylater][API] installment-request,[BE_paylater] Installment,Story,Released,2026-03-24,policy-table-weak;api,1,0,BE_paylater,paylater,3135
jira,PL-11747,[BE_paylater][API] installment-confirm,[BE_paylater] Installment,Story,Released,2026-03-24,api,0,0,BE_paylater,paylater,2806
jira,PL-11749,[BE_paylater][API] get-installment-detail,[BE_paylater] Installment,Story,Released,2026-03-25,policy-table-weak;api,2,0,BE_paylater,paylater,4933
jira,PL-11751,[BE_paylater][API] get-installment-transactions,[BE_paylater] Installment,Story,Released,2026-03-24,policy-table-weak;api,2,0,BE_paylater,paylater,5024
jira,PL-11753,[MWG_cashloan] - Tạm tắt POS salary segment,,Story,Released,2026-02-23,other,0,0,MWG_cashloan,cashloan,936
jira,PL-11755,[ZLP_cashloan] - KH vào luồng với partner_score_2,ZLP KH vào luồng với partner_score_2,Story,Released,2026-03-11,api;gl,0,0,ZLP_cashloan,cashloan,1695
jira,PL-11756,[ZLP_payday] - KH vào luồng với partner_score_2,ZLP KH vào luồng với partner_score_2,Story,Released,2026-03-11,api;gl,0,0,ZLP_payday,payday,1994
jira,PL-11801,[MWG cashloan] Enhance workflow giải ngân,,Story,Released,2026-03-05,ui,0,0,MWG_cashloan,cashloan,1228
jira,PL-11803,[BE_paylater][API] challenge-get-otp,[BE_paylater] Installment,Story,Released,2026-03-24,api,0,0,BE_paylater,paylater,4468
jira,PL-11805,[BE_installment][API] challenge-verify-otp,[BE_paylater] Installment,Story,Released,2026-03-24,api,0,0,BE_paylater,paylater,2916
jira,PL-11807,[MWG_cl_online][API] - Onboarding Process & APIs Integration,[MWG_cl_online] - MWG Cashloan trên kênh online (QTV),Epic,Done,2026-08-26,other,0,0,MWG_cl_online;MWG_cashloan,cashloan,678
jira,PL-11808,"[MWG_cl_online][CORE] LOS, Precheck & CORE",[MWG_cl_online] - MWG Cashloan trên kênh online (QTV),Epic,Done,2026-04-10,other,0,0,MWG_cl_online;MWG_cashloan,cashloan,541
jira,PL-11809,[MWG_cl_online][MOBILE] Mobile App & Cake Portal,[MWG_cl_online] - MWG Cashloan trên kênh online (QTV),Epic,Done,2026-04-10,other,0,0,MWG_cl_online;CAKE_cashloan;MWG_cashloan,cashloan,553
jira,PL-11810,[MWG_cl_online][DOP] Onboarding DOP,[MWG_cl_online][API] - Onboarding Process & APIs Integration,Story,Released,2026-03-28,policy-table;gl;ui,4,0,MWG_cl_online;MWG_cashloan,cashloan,16138
jira,PL-11813,[MWG_cl_online][API] generate-webview/onboarding,[MWG_cl_online][API] - Onboarding Process & APIs Integration,Story,Released,2026-03-24,api;gl,0,0,MWG_cl_online;MWG_cashloan,cashloan,3346
jira,PL-11816,[Lending] Design 2026,,Epic,Open,2026-09-09,other,0,0,,,390
jira,PL-11822,[MWG_cl_online][CORE] Contract,"[MWG_cl_online][CORE] LOS, Precheck & CORE",Story,Released,2026-03-24,other,0,0,MWG_cl_online;MWG_cashloan,cashloan,1006
jira,PL-11824,[MWG_cl_online][CORE] Disbursement,"[MWG_cl_online][CORE] LOS, Precheck & CORE",Story,Released,2026-04-03,gl,0,0,MWG_cl_online;MWG_cashloan,cashloan,1064
jira,PL-11826,[MWG_cl_online][CORE] Repayment,"[MWG_cl_online][CORE] LOS, Precheck & CORE",Story,Released,2026-04-03,gl,0,0,MWG_cl_online;MWG_cashloan,cashloan,943
jira,PL-11828,[MWG_cl_online][CORE] Send SMS to the customer,"[MWG_cl_online][CORE] LOS, Precheck & CORE",Story,Released,2026-03-24,gl,0,0,MWG_cl_online;MWG_cashloan,cashloan,1192
jira,PL-11831,[MWG_cl_online][App] Sign Contract,[MWG_cl_online][MOBILE] Mobile App & Cake Portal,Story,Released,2026-03-24,policy-table-weak;ui,1,0,MWG_cl_online;MWG_cashloan,cashloan,3196
jira,PL-11833,[MWG_cl_online][App] Loan management,[MWG_cl_online][MOBILE] Mobile App & Cake Portal,Story,Released,2026-03-24,policy-table-weak;ui,1,0,MWG_cl_online;MWG_cashloan,cashloan,5450
jira,PL-11835,[MWG_cl_online][App] Repayment loan,[MWG_cl_online][MOBILE] Mobile App & Cake Portal,Story,Released,2026-03-24,ui,0,0,MWG_cl_online;MWG_cashloan,cashloan,3071
jira,PL-11837,[MWG_cl_online][App] Terminate loan,[MWG_cl_online][MOBILE] Mobile App & Cake Portal,Story,Released,2026-03-24,policy-table;ui,3,0,MWG_cl_online;MWG_cashloan,cashloan,5161
jira,PL-11839,[MWG_cl_online][App] Disbursement transaction history,[MWG_cl_online][MOBILE] Mobile App & Cake Portal,Story,Released,2026-03-24,ui,0,0,MWG_cl_online;MWG_cashloan,cashloan,1728
jira,PL-11841,[MWG_cl_online][App] Repayment transaction history,[MWG_cl_online][MOBILE] Mobile App & Cake Portal,Story,Released,2026-03-24,policy-table-weak;ui,1,0,MWG_cl_online;MWG_cashloan,cashloan,2036
jira,PL-11843,[MWG_cl_online][Portal] Allow process CakeTask on Cake portal,[MWG_cl_online][MOBILE] Mobile App & Cake Portal,Story,Released,2026-03-24,other,0,0,MWG_cl_online;CAKE_cashloan;MWG_cashloan,cashloan,1650
jira,PL-11846,[MWG_cl_online][Portal] Onboarding source,[MWG_cl_online][MOBILE] Mobile App & Cake Portal,Story,Released,2026-03-24,ui,0,0,MWG_cl_online;MWG_cashloan,cashloan,3256
jira,PL-11848,ZLP KH vào luồng với partner_score_2,,Epic,Done,2026-03-16,other,0,0,,,449
jira,PL-11853,[Be] Block phone demo app store,,Story,Released,2026-03-02,ui,0,0,BE_paylater,,1162
jira,PL-11856,PD_viettel - Điều chỉnh UI màn hình thông báo kí HĐTD thành công,,Story,Released,2026-02-25,ui,0,0,PD_Viettel,payday,1825
jira,PL-11866,[Hotfix][LMS] - Chặn update ngược status khoản vay về USER_SIGN do request Confirm OTP trùng lặp,,Story,Released,2026-03-25,other,0,0,,,1947
jira,PL-11873,[MWG_cashloan] Bổ sung field suspicious_score,,Story,Released,2026-03-11,api;ui,0,0,MWG_cashloan,cashloan,2634
jira,PL-11882,[Lending] - Chỉnh config sản phẩm 2026,,Epic,Done,2026-03-12,other,0,0,,,424
jira,PL-11883,[Be_Casloan] Điều chỉnh phí bảo hiểm,[Lending] - Chỉnh config sản phẩm 2026,Story,Released,2026-03-10,ui,0,0,,,798
jira,PL-11886,[VDS_cashloan] - Điều chỉnh max request limit,[Lending] - Chỉnh config sản phẩm 2026,Story,Released,2026-03-12,policy-table-weak;ui,2,0,Be_Cashloan;Viettel_Cashloan,cashloan,1569
jira,PL-11888,[Lending] - BE Cashloan in ICE,,Epic,Done,2026-09-04,other,0,0,Be_Cashloan,cashloan,408
jira,PL-11889,[Lending][BE][CL] - Portal adjustment in ICE,[Lending] - BE Cashloan in ICE,Story,Released,2026-04-07,ui,0,0,Be_Cashloan,cashloan,1393
jira,PL-11890,[Lending][BE][CL] - Onboarding in ICE,[Lending] - BE Cashloan in ICE,Story,Released,2026-04-07,other,0,0,Be_Cashloan,cashloan,1305
jira,PL-11891,[Lending][BE][CL] - Disbursement in ICE,[Lending] - BE Cashloan in ICE,Story,Released,2026-04-07,gl,0,0,Be_Cashloan,cashloan,1401
jira,PL-11892,[Lending][BE][CL] - Get loan detail in ICE,[Lending] - BE Cashloan in ICE,Story,Released,2026-04-07,policy-table-weak;ui,1,0,Be_Cashloan,cashloan,2978
jira,PL-11893,[Lending][BE][CL] - Repayment in ICE,[Lending] - BE Cashloan in ICE,Story,Released,2026-04-07,ui,0,0,Be_Cashloan,cashloan,4106
jira,PL-11894,[Lending][BE][CL] - Terminate in ICE,[Lending] - BE Cashloan in ICE,Story,Released,2026-04-07,policy-prose;ui,0,2,Be_Cashloan,cashloan,1914
jira,PL-11920,[MWG_cl_online] - Bổ sung tính năng thanh toán dư nợ qua VAN & Quản lí khoản vay trên app QTV,[MWG_cl_online] - MWG Cashloan trên kênh online (QTV),Epic,Done,2026-04-10,other,0,0,MWG_cl_online;MWG_cashloan,cashloan,739
jira,PL-11924,[MWG_cl_online][API] generate-webview/loan-detail,[MWG_cl_online] - Bổ sung tính năng thanh toán dư nợ qua VAN & Quản lí khoản vay trên app QTV,Story,Released,2026-03-24,api,0,0,MWG_cl_online;MWG_cashloan,cashloan,2281
jira,PL-11926,[MWG_cl_online][Web] Webview Loan Detail,[MWG_cl_online] - Bổ sung tính năng thanh toán dư nợ qua VAN & Quản lí khoản vay trên app QTV,Story,Released,2026-03-25,policy-table-weak;ui,1,0,MWG_cl_online;MWG_cashloan,cashloan,5731
jira,PL-11928,[All Payday] - Chặn COB time,,Story,Released,2026-03-05,other,0,0,ZLP_payday;VT_Payday_S;PD_Viettel;CAKE_payday;VNP_payday,payday,1255
jira,PL-11930,[Lending] - VNP Cashloan in ICE,,Epic,Done,2026-09-04,other,0,0,VNP_cashloan,cashloan,410
jira,PL-11931,[Lending][VNP][CL] - Portal adjustment in ICE,[Lending] - VNP Cashloan in ICE,Story,Released,2026-04-07,ui,0,0,VNP_cashloan,cashloan,1393
jira,PL-11932,[Lending][VNP][CL] - Onboarding in ICE,[Lending] - VNP Cashloan in ICE,Story,Released,2026-04-07,other,0,0,VNP_cashloan,cashloan,1319
jira,PL-11933,[Lending][VNP][CL] - Disbursement in ICE,[Lending] - VNP Cashloan in ICE,Story,Released,2026-04-07,gl,0,0,VNP_cashloan,cashloan,1514
jira,PL-11934,[Lending][VNP][CL] - Get loan detail in ICE,[Lending] - VNP Cashloan in ICE,Story,Released,2026-04-07,policy-table-weak;api;ui,1,0,VNP_cashloan,cashloan,5523
jira,PL-11935,[Lending][VNP][CL] - Repayment in ICE,[Lending] - VNP Cashloan in ICE,Story,Released,2026-04-07,api;ui,0,0,VNP_cashloan,cashloan,5224
jira,PL-11936,[Lending][VNP][CL] - Terminate in ICE,[Lending] - VNP Cashloan in ICE,Story,Released,2026-04-07,policy-prose;api;ui,0,2,VNP_cashloan,cashloan,2974
jira,PL-11937,[Test coverage] enable auto test for full loan life cycle,[Techdebt] Make Lending great again and again,Epic,Done,2026-04-17,other,0,0,,,967
jira,PL-11946,[VDS_paylater] Repayment VAN,,Epic,Done,2026-06-17,other,0,0,MISA_cashloan;VDS_paylater;BE_paylater,paylater,1540
jira,PL-11947,[VDS_paylater][API] repayment-van,[VDS_paylater] Repayment VAN,Story,Released,2026-06-08,api;gl,0,0,VDS_paylater,paylater,3760
jira,PL-11948, [VDS_paylater][API] repayment-status,[VDS_paylater] Repayment VAN,Story,Released,2026-06-08,api,0,0,VDS_paylater,paylater,2935
jira,PL-11950,[CAKE_cl_affiliate] - DOP onboarding,[CAKE_cl_affiliate] - Cake Cashloan Affiliate on DOP,Epic,Done,2026-05-18,gl;ui,0,0,CAKE_cashloan;CAKE_cl_affiliate,cashloan,1582
jira,PL-11952,[MWG_cl_online][Web] Webview Repayment VAN,[MWG_cl_online] - Bổ sung tính năng thanh toán dư nợ qua VAN & Quản lí khoản vay trên app QTV,Story,Released,2026-03-25,gl;ui,0,0,MWG_cl_online;MWG_cashloan,cashloan,10364
jira,PL-11953,[Lending] - ICE PubSub DPD Event → Call Center – Collection Trigger,,Story,Draft,2026-03-11,other,0,0,,,1590
jira,PL-12047,[CAKE_cl_affiliate][Config] Product rule,[CAKE_cl_affiliate] - DOP onboarding,Story,Released,2026-04-25,policy-table;ui,6,0,CAKE_cashloan;CAKE_cl_affiliate,cashloan,3537
jira,PL-12048,[CAKE_cl_affiliate][Portal] Onboarding source,[CAKE_cl_affiliate] - DOP onboarding,Story,Released,2026-04-22,ui,0,0,CAKE_cl_affiliate;CAKE_cashloan,cashloan,3562
jira,PL-12049,[CAKE_cl_affiliate][DOP] GTM Tracking,[CAKE_cl_affiliate] - DOP onboarding,Story,Released,2026-05-11,gl;ui,0,0,CAKE_cl_affiliate;CAKE_cashloan,cashloan,14683
jira,PL-12053,[CAKE_cl_affiliate][DOP] SMS Notification — Trạng thái Approved,"[CAKE_cl_affiliate][Core] LOS, Precheck & Core ",Story,Released,2026-04-22,other,0,0,CAKE_cl_affiliate;CAKE_cashloan,cashloan,1287
jira,PL-12061,[VPB Integration] Expose API trả về thông tin dư nợ và hạn mức theo CCCD,,Story,Released,2026-07-03,policy-table-weak;api;gl;ui,2,0,CAKE_overdraft,,10455
jira,PL-12065,[Internal API][OD] - Expose API collect reference information ,,Story,Draft,2026-03-13,api,0,0,CAKE_overdraft,od,1332
jira,PL-12076,[PD_viettel] Nhận diện và định tuyến khách hàng non-Viettel SIM sang product code NONVTPD,,Story,Released,2026-04-22,policy-table-weak,1,0,PD_Viettel,payday,5204
jira,PL-12079,[MWG_paylater] UIUX enhancements,,Story,Draft,2026-03-16,policy-table-weak;ui,1,0,MWG_paylater,paylater,1729
jira,PL-12086,[MWG_cashloan] - Điều chỉnh phí bảo hiểm cho nhóm Salary Segment từ 5% - 7%,,Story,Released,2026-04-07,policy-table-weak,1,1,MWG_cashloan,cashloan,1884
jira,PL-12096,[Be_Cashloan] Tích hợp API get loan detail,,Story,Open,2026-08-20,policy-table-weak;api;gl,1,0,Be_Cashloan,cashloan,7736
jira,PL-12101,[ICE][CL] Add over_paid Bucket for Cashloan Products on ICE,"[ICE][CL] - Enhancement over_paid, term_fee and wo int_not_d",Story,Released,2026-06-12,gl,0,1,CAKE_cashloan,cashloan,10486
jira,PL-12109,[Viettel_Cashloan] Fix công thức total_payment_amount,,Story,Released,2026-03-20,ui,0,0,Be_Cashloan;Viettel_Cashloan;ZLP_cashloan,cashloan,2682
jira,PL-12116,[VNPAY PL] Config Điều chỉnh số tiền đề nghị hạn mức lên 35 triệu,,Story,Released,2026-04-03,other,0,1,VNP_paylater,paylater,1064
jira,PL-12118,App Cake - Giới hạn số tiền repayment MIN,,Story,Released,2026-09-17,ui,0,0,VTPO_cashloan;CAKE_overdraft_TD;MISA_cashloan;VDS_paylater;VDS_paylater_epass;BE_paylater;VNP_paylater;MWG_cl_online;ZLP_payday;VPO_cashloan;VT_Cashloan_S;VT_Payday_S;Be_Cashloan;CAKE_cashloan;KLP_cashloan;MBF_cashloan;MWG_cashloan;MWG_payday;MWG_paylater;PD_Viettel;VNP_cashloan;Viettel_Cashloan;ZLP_cashloan;CAKE_payday;CAKE_overdraft;CAKE_cl_affiliate;VNP_payday;BE_payday;VPO_cl_pension,,10507
jira,PL-12145,[CAKE_cl_affiliate] - Cake Cashloan Affiliate on DOP,,Initiative,In Progress,2026-08-22,gl;ui,0,0,CAKE_cashloan;CAKE_cl_affiliate,cashloan,1989
jira,PL-12155,"[CAKE_cl_affiliate][Core] LOS, Precheck & Core ",[CAKE_cl_affiliate] - Cake Cashloan Affiliate on DOP,Epic,Done,2026-05-08,other,0,0,CAKE_cl_affiliate;CAKE_cashloan,cashloan,669
jira,PL-12156,[CAKE_cl_affiliate][Portal] Mobile App & Cake Portal,[CAKE_cl_affiliate] - Cake Cashloan Affiliate on DOP,Epic,Done,2026-05-05,other,0,0,CAKE_cl_affiliate;CAKE_cashloan,cashloan,561
jira,PL-12159,[CAKE_cl_affiliate][CORE] Contract,"[CAKE_cl_affiliate][Core] LOS, Precheck & Core ",Story,Released,2026-04-20,other,0,0,CAKE_cl_affiliate;CAKE_cashloan,cashloan,1020
jira,PL-12161,[CAKE_cl_affiliate][CORE] Disbursement,"[CAKE_cl_affiliate][Core] LOS, Precheck & Core ",Story,Released,2026-04-22,policy-prose;gl,0,2,CAKE_cashloan;CAKE_cl_affiliate,cashloan,2526
jira,PL-12163,[CAKE_cl_affiliate][CORE] Repayment,"[CAKE_cl_affiliate][Core] LOS, Precheck & Core ",Story,Released,2026-05-08,gl,0,0,CAKE_cashloan;CAKE_cl_affiliate,cashloan,3736
jira,PL-12165,[CAKE_cl_affiliate][App] Sign Contract,[CAKE_cl_affiliate][Portal] Mobile App & Cake Portal,Story,Released,2026-04-22,policy-table-weak;ui,1,0,CAKE_cl_affiliate;CAKE_cashloan,cashloan,3116
jira,PL-12167,[CAKE_cl_affiliate][App] Loan management,[CAKE_cl_affiliate][Portal] Mobile App & Cake Portal,Story,Released,2026-04-22,policy-table;ui,3,0,CAKE_cl_affiliate;CAKE_cashloan,cashloan,8194
jira,PL-12169,[CAKE_cl_affiliate][App] Repayment loan,[CAKE_cl_affiliate][Portal] Mobile App & Cake Portal,Story,Released,2026-04-22,ui,0,0,CAKE_cl_affiliate;CAKE_cashloan,cashloan,3084
jira,PL-12171,[CAKE_cl_affiliate][App] Terminate loan,[CAKE_cl_affiliate][Portal] Mobile App & Cake Portal,Story,Released,2026-04-22,policy-table;ui,3,0,CAKE_cl_affiliate;CAKE_cashloan,cashloan,5299
jira,PL-12173,[CAKE_cl_affiliate][App] Disbursement transaction history,[CAKE_cl_affiliate][Portal] Mobile App & Cake Portal,Story,Released,2026-04-22,ui,0,0,CAKE_cl_affiliate;CAKE_cashloan,cashloan,2072
jira,PL-12175,[CAKE_cl_affiliate][App] Repayment transaction history,[CAKE_cl_affiliate][Portal] Mobile App & Cake Portal,Story,Released,2026-05-05,policy-table-weak;ui,1,0,CAKE_cl_affiliate;CAKE_cashloan,cashloan,2123
jira,PL-12177,[CAKE_cl_affiliate][Portal] Allow process CakeTask on Cake portal,[CAKE_cl_affiliate][Portal] Mobile App & Cake Portal,Story,Released,2026-04-22,other,0,0,CAKE_cl_affiliate;CAKE_cashloan,cashloan,1598
jira,PL-12193,[MWG_cashloan] - Bổ sung field suspicious_score vào LMS,,Story,Released,2026-04-07,other,0,0,MWG_cashloan,cashloan,4367
jira,PL-12221,MWG_payday - MWG QTV Payday Loan,,Initiative,Done,2026-06-25,gl;ui,0,0,MWG_cl_online;MWG_payday,payday,3869
jira,PL-12228,[MWG_cl_online][API partner] partner-update-status,[MWG_cl_online][API] - Onboarding Process & APIs Integration,Story,Released,2026-04-08,policy-table-weak;api,1,0,MWG_cl_online;MWG_cashloan,cashloan,4483
jira,PL-12230,[MWG_cl_online][API] get-status,[MWG_cl_online][API] - Onboarding Process & APIs Integration,Story,Released,2026-04-06,policy-table-weak;api;ui,1,0,MWG_cl_online;MWG_cashloan,cashloan,6849
jira,PL-12241,"[ICE] OD Account — bucket model, EOD accrual, bucket transitions, and GL movements",[Lending][OD] ICE Core Logic — Delivery,Story,Released,2026-05-26,gl,0,1,CAKE_overdraft,od,2857
jira,PL-12242,"[ICE] Disbursement — OD status check, prin_not_d update, and credit limit ceiling enforcement",[Lending][OD] ICE Core Logic — Delivery,Story,Released,2026-05-26,gl,0,0,CAKE_overdraft,od,2052
jira,PL-12243,"[LMS-BE] Repayment — auto-repayment (scheduled + balance trigger), proactive repayment, and ICE bucket allocation",[Lending][OD] ICE Core Logic — Delivery,Story,Released,2026-05-26,gl,0,0,CAKE_overdraft,od,2924
jira,PL-12244,"[LMS-BE] DPD monitoring and OdStatus lock management (Temp-lock, Perm-lock, OdStatus dictionary)",[Lending][OD] ICE Core Logic — Delivery,Story,Released,2026-05-26,gl,0,0,CAKE_overdraft,od,2082
jira,PL-12245,[ICE] Accounting state machine — NORM → OBS → WO transitions and GL swap entries,[Lending][OD] ICE Core Logic — Delivery,Story,Released,2026-05-26,gl,0,0,CAKE_overdraft,od,2109
jira,PL-12247,[Lending][OD] ICE Core Logic — Delivery,,Epic,Done,2026-07-21,gl,0,0,CAKE_overdraft,od,3344
jira,PL-12250,[Lending][OD] Onboarding & UI States — Delivery,,Epic,Draft,2026-08-12,gl;ui,0,0,CAKE_overdraft,od,1137
jira,PL-12251,"[Mobile App] Onboarding screens — prescreen, face match, webform, offer, e-sign OTP, and resume routing",[Lending][OD] Onboarding & UI States — Delivery,Story,Draft,2026-03-31,gl;ui,0,0,CAKE_overdraft,od,3383
jira,PL-12252,[Mobile App] OD Home/Details screen — UI state machine and cancel contract screens,[Lending][OD] Onboarding & UI States — Delivery,Story,Draft,2026-03-31,api;gl;ui,0,0,CAKE_overdraft,od,3433
jira,PL-12253,"[LMS-BE] Onboarding orchestration — eligibility, prescreen, face match, LOS submission, OdStatus management, and ICE provisioning call",[Lending][OD] Onboarding & UI States — Delivery,Story,Draft,2026-03-31,api;gl;ui,0,0,CAKE_overdraft,od,3487
jira,PL-12254,"[LMS-BE] Cancel Contract — balance calculation, FPT OTP, repayment trigger, and OdStatus closure",[Lending][OD] Onboarding & UI States — Delivery,Story,Draft,2026-03-31,gl;ui,0,0,,od,2698
jira,PL-12255,MWG_payday - Setup & Onboarding,MWG_payday - MWG QTV Payday Loan,Epic,Done,2026-06-25,other,0,0,MWG_payday,payday,494
jira,PL-12256,MWG_payday - [Setup] Tạo product code QTVPD01 và QTVPD02 trên hệ thống,MWG_payday - Setup & Onboarding,Story,Released,2026-05-11,policy-prose;ui,0,7,MWG_payday,payday,6879
jira,PL-12262,CAKE_cashloan – Enhance luồng đăng ký upsell,,Story,Released,2026-05-25,ui,0,0,CAKE_cashloan,cashloan,7669
jira,PL-12264,[MWG_paylater] - Enhance UI xem chi tiết từng khoản trả góp active,,Story,Released,2026-04-22,ui,0,0,MWG_paylater,paylater,905
jira,PL-12267,Security Vulnerabilities - Q2 2026,,Epic,On-hold,2026-08-12,other,0,0,VT_Payday_S,,452
jira,PL-12269,Security Vulnerabilities - Q2 2026,,Epic,Draft,2026-04-01,other,0,0,VT_Payday_S,,450
jira,PL-12271,MWG_payday - API generate-webview/onboarding,MWG_payday - Setup & Onboarding,Story,Released,2026-05-11,gl,0,0,MWG_payday,payday,9255
jira,PL-12274,MWG_payday - Disbursement process,MWG_payday - Setup & Onboarding,Story,Released,2026-05-11,policy-prose;gl,0,2,MWG_payday,payday,3099
jira,PL-12276,MWG_payday - API generate-webview/loan-detail,MWG_payday - Loan management & Repayment,Story,Released,2026-05-11,other,0,0,MWG_payday,payday,7387
jira,PL-12278,MWG_payday - Loan management & Repayment,MWG_payday - MWG QTV Payday Loan,Epic,Done,2026-06-25,other,0,0,MWG_payday,payday,553
jira,PL-12279,VDS_paylater - CashWithdraw Rút tiền mặt,,Epic,Done,2026-08-12,other,0,0,VDS_paylater;BE_paylater,paylater,662
jira,PL-12280,VDS_paylater - Installment - chuyển đổi trả góp,,Epic,Done,2026-06-19,gl,0,1,VDS_paylater,paylater,3173
jira,PL-12281,MBF_cashloan - Mobile,MBF_cashloan - My Mobifone Cashloan,Epic,Done,2026-07-28,other,0,0,MBF_cashloan,cashloan,874
jira,PL-12282,BE_payday - Loan Management & Repayment,BE_payday - Vay ngắn ngày BeGroup,Epic,Done,2026-07-14,other,0,0,BE_payday,payday,517
jira,PL-12283,[ODTD_v2] Loan managment,[ODTD_v2] Sản phẩm Cake overdraft v2,Epic,Done,2026-08-25,other,0,0,CAKE_overdraft_TD,od,491
jira,PL-12284,MWG_payday - Onboarding submit loan,MWG_payday - Setup & Onboarding,Story,Released,2026-05-11,policy-prose;ui,0,3,MWG_payday,payday,16859
jira,PL-12290,MWG_payday - Onboarding otp & ekyc,MWG_payday - Setup & Onboarding,Story,Released,2026-05-11,policy-prose;ui,0,3,MWG_payday,payday,10775
jira,PL-12292,MWG_payday - Onboarding sign contract,MWG_payday - Setup & Onboarding,Story,Released,2026-05-11,ui,0,0,MWG_payday,payday,6296
jira,PL-12294,MWG_payday - Onboarding master flow,MWG_payday - Setup & Onboarding,Story,Released,2026-05-11,ui,0,0,MWG_payday,payday,6651
jira,PL-12296,MWG_payday - Repayment on app Cake,MWG_payday - Loan management & Repayment,Story,Released,2026-05-11,ui,0,0,MWG_payday;CAKE_payday,payday,6526
jira,PL-12297,MWG_payday - Repayment on app QTV,MWG_payday - Loan management & Repayment,Story,Released,2026-05-11,gl;ui,0,0,MWG_payday,payday,6511
jira,PL-12300,MWG_payday - Repayment process,MWG_payday - Loan management & Repayment,Story,Released,2026-05-11,gl,0,0,MWG_payday,payday,2380
jira,PL-12302,MWG_payday - Loan management on app QTV,MWG_payday - Loan management & Repayment,Story,Released,2026-05-11,policy-table-weak;ui,1,0,MWG_payday,payday,6341
jira,PL-12303,MWG_payday - API get-status,MWG_payday - Setup & Onboarding,Story,Released,2026-05-11,other,0,0,MWG_payday,payday,9216
jira,PL-12305,MWG_payday - API partner-update-status,MWG_payday - Setup & Onboarding,Story,Released,2026-05-11,other,0,0,MWG_payday;CAKE_payday,payday,7787
jira,PL-12309,MWG_payday - Onboarding sign contract on app Cake,MWG_payday - Setup & Onboarding,Story,Released,2026-05-11,policy-table-weak;ui,1,0,MWG_payday;CAKE_payday,payday,6290
jira,PL-12313,MWG_payday - SMS notification,MWG_payday - Setup & Onboarding,Story,Released,2026-05-11,other,0,0,MWG_payday,payday,2938
jira,PL-12321,MWG_payday - Loan management on app Cake,MWG_payday - Loan management & Repayment,Story,Released,2026-05-11,policy-table-weak;ui,1,0,MWG_payday;CAKE_payday,payday,5899
jira,PL-12338,[Lending Pulse] - MVP2 enrich fields,[Pulse] Apply Pulse system for Lending transactions,Story,Released,2026-06-23,api;gl;ui,0,0,MWG_paylater,,4015
jira,PL-12357,[CAKE_cl_affiliate][CORE] Create account,"[CAKE_cl_affiliate][Core] LOS, Precheck & Core ",Story,Released,2026-05-08,gl,0,0,CAKE_cashloan;CAKE_cl_affiliate,cashloan,1484
jira,PL-12392,[Improve] WF Revert payment timeout,Lending improve 2026,Story,Open,2026-09-15,other,0,0,,,1046
jira,PL-12404,PD_viettel - VDS Score Encryption — RSAES-PKCS1-v1_5,,Story,Released,2026-05-08,api;gl;ui,0,0,PD_Viettel,payday,5748
jira,PL-12412,"[ICE][CL] - Enhancement over_paid, term_fee and wo int_not_d",,Epic,Done,2026-06-19,other,0,0,,cashloan,474
jira,PL-12415,Cashloan — Migrate termination fee calculation and GL from LMS/Mambu to ICE,"[ICE][CL] - Enhancement over_paid, term_fee and wo int_not_d",Story,Released,2026-06-12,gl;ui,0,0,VTPO_cashloan;MISA_cashloan;MWG_cl_online;VPO_cashloan;NGS_cashloan;VT_Cashloan_S;Be_Cashloan;CAKE_cashloan;KLP_cashloan;MWG_cashloan;VNP_cashloan;Viettel_Cashloan;ZLP_cashloan;CAKE_cl_affiliate;VPO_cl_pension,cashloan,5773
jira,PL-12416,Cashloan WO repayment — force post int_not_d → int_d before recording repayment,"[ICE][CL] - Enhancement over_paid, term_fee and wo int_not_d",Story,Released,2026-06-12,gl,0,1,CAKE_cashloan,cashloan,7133
jira,PL-12418,Cashloan — Migrate Loan Drawdown Account GL Ownership: Mambu → ICE,"[CORE][TRACKING] Core Handling - buckets, GL & engine accounting (open items)",Story,Draft,2026-09-07,policy-table-weak;gl,1,0,MISA_cashloan;VPO_cashloan;VT_Cashloan_S;Be_Cashloan;CAKE_cashloan;MWG_cashloan;VNP_cashloan;Viettel_Cashloan;ZLP_cashloan;VPO_cl_pension,cashloan,4248
jira,PL-12427,[Cake app] Cập nhật UI 2.0 theo figma spec,,Story,Released,2026-05-22,ui,0,0,,,4202
jira,PL-12435,VPO_cl_pension - Config sản phẩm bảo hiểm và phí cho MVP 2.1,,Story,Released,2026-05-14,policy-table;ui,6,1,VPO_cl_pension;VPO_cashloan,cashloan,4091
jira,PL-12441,ZLP PD & CL - Luồng auto query trạng thái giải ngân của ZLP để auto giải ngân đầu CAKE,,Story,Ready4Release,2026-09-30,other,0,0,CAKE_cashloan;CAKE_payday;ZLP_cashloan;ZLP_payday,cashloan;payday,6980
jira,PL-12459,[UI v2] CTA Về trang chủ dẫn về trang Danh sách khoản vay,,Story,Released,2026-05-11,ui,0,0,,,1649
jira,PL-12464,[Lending Pulse] - MVP2 transaction history,[Pulse] Apply Pulse system for Lending transactions,Story,Released,2026-06-05,ui,0,0,,,8209
jira,PL-12512,[ICE][CL] - Migrate products to ICE - 2026423,,Epic,Done,2026-06-19,other,0,0,,cashloan,530
jira,PL-12521,[CAKE_payday] Điều chỉnh số tiền cho vay cho nhóm Repeated,,Story,Released,2026-05-08,policy-table-weak;ui,1,0,CAKE_payday,payday,964
jira,PL-12531,MBF_cashloan - My Mobifone Cashloan,,Initiative,Done,2026-08-17,gl;ui,0,0,MBF_cashloan,cashloan,1777
jira,PL-12533,ZLP_cashloan - Điều chỉnh cho gói vay up to 70tr & 60 tháng,,Story,Released,2026-05-08,policy-table;ui,4,0,ZLP_cashloan,cashloan,1764
jira,PL-12538,[CORE] - Allow move function for INIT account,,Story,Released,2026-05-04,other,0,0,,,1287
jira,PL-12553,VDS_paylater - API CashWithdraw,VDS_paylater - CashWithdraw Rút tiền mặt,Story,Released,2026-05-28,policy-table;policy-prose;api;ui,6,2,VDS_paylater,paylater,20545
jira,PL-12554,MWG_payday - Portal allow process CakeTask on Cake portal,MWG_payday - Setup & Onboarding,Story,Released,2026-05-25,other,0,0,MWG_payday;CAKE_payday,payday,3986
jira,PL-12556,MWG_payday - Onboarding source,MWG_payday - Setup & Onboarding,Story,Released,2026-05-11,other,0,0,MWG_payday,payday,3463
jira,PL-12558,[ICE][CL] - Migrate products to ICE - 202605,,Epic,Done,2026-06-20,other,0,0,,cashloan,483
jira,PL-12573,VDS_paylater - CashWithdraw config GL,VDS_paylater - CashWithdraw Rút tiền mặt,Story,Released,2026-06-22,gl;ui,0,0,VDS_paylater,paylater,4175
jira,PL-12574,[VDS PL] CĐTG - GL hạch toán luồng chuyển đổi trả góp,VDS_paylater - Installment - chuyển đổi trả góp,Story,Released,2026-05-26,gl,0,0,VDS_paylater,paylater,2554
jira,PL-12591,[VDS PL] CĐTG - Lấy danh sách giao dịch & gói trả góp,VDS_paylater - Installment - chuyển đổi trả góp,Story,Released,2026-05-26,policy-table-weak;policy-prose;api,2,3,VDS_paylater,paylater,8454
jira,PL-12592,[VDS PL] CĐTG - Khởi tạo yêu cầu chuyển đổi trả góp,VDS_paylater - Installment - chuyển đổi trả góp,Story,Released,2026-05-26,policy-table-weak;api,1,1,VDS_paylater,paylater,5776
jira,PL-12593,[VDS PL] CĐTG - Hạ tầng Challenge OTP (challenge-get-otp & challenge-verify-otp),VDS_paylater - Installment - chuyển đổi trả góp,Story,Released,2026-05-26,api,0,0,VDS_paylater,paylater,8651
jira,PL-12594,[VDS PL] CĐTG - Xác nhận chuyển đổi trả góp,VDS_paylater - Installment - chuyển đổi trả góp,Story,Released,2026-05-26,api,0,0,VDS_paylater,paylater,5173
jira,PL-12595,[VDS PL] CĐTG - Tra cứu khoản trả góp,VDS_paylater - Installment - chuyển đổi trả góp,Story,Released,2026-05-26,api;ui,0,0,VDS_paylater;BE_paylater,paylater,12060
jira,PL-12610,[VDS-CL + VDS-CL-PR] Repayment quá dư nợ,,Story,Released,2026-05-08,other,0,0,Viettel_Cashloan,cashloan,963
jira,PL-12641,KLP_cashloan - [Setup] Thông số sản phẩm,[KLP_cashloan][API] - Onboarding Process & APIs Integration,Story,Released,2026-06-08,policy-prose,0,8,KLP_cashloan,cashloan,2034
jira,PL-12642,KLP_cashloan - API generate-webview/onboarding,[KLP_cashloan][API] - Onboarding Process & APIs Integration,Story,Released,2026-06-08,policy-table-weak;api;gl;ui,1,0,KLP_cashloan,cashloan,5357
jira,PL-12643,KLP_cashloan - Onboarding eKYC & phân luồng ETB/NTB,[KLP_cashloan][API] - Onboarding Process & APIs Integration,Story,Released,2026-06-08,policy-prose;ui,0,5,KLP_cashloan,cashloan,5660
jira,PL-12644,KLP_cashloan - Onboarding submit loan,[KLP_cashloan][API] - Onboarding Process & APIs Integration,Story,Released,2026-06-08,other,0,0,KLP_cashloan;ZLP_cashloan,cashloan,7106
jira,PL-12653,KLP_cashloan - Ký hợp đồng & Giải ngân,[KLP_cashloan][API] - Onboarding Process & APIs Integration,Story,Released,2026-06-08,ui,0,1,KLP_cashloan,cashloan,3518
jira,PL-12654,KLP_cashloan - API partner-update-status,[KLP_cashloan][API] - Onboarding Process & APIs Integration,Story,Released,2026-06-08,policy-table-weak;api,2,0,KLP_cashloan,cashloan,7881
jira,PL-12655,KLP_cashloan - SMS notification,"[KLP_cashloan][CORE] LOS, Precheck & CORE",Story,Released,2026-06-08,other,0,0,KLP_cashloan,cashloan,1508
jira,PL-12657,[VDS CASHLOAN] Điều chỉnh lãi suất sản phẩm,,Story,Released,2026-05-14,policy-table,16,0,Viettel_Cashloan,cashloan,3682
jira,PL-12659,KLP_cashloan - Ký hợp đồng trên app Cake,[KLP_cashloan][API] - Onboarding Process & APIs Integration,Story,Released,2026-06-08,ui,0,0,KLP_cashloan;CAKE_cashloan,cashloan,3740
jira,PL-12665,KLP_cashloan - Repayment,"[KLP_cashloan][CORE] LOS, Precheck & CORE",Story,Released,2026-06-08,gl,0,0,CAKE_cashloan;KLP_cashloan,cashloan,3490
jira,PL-12667,KLP_cashloan - Disbursement,"[KLP_cashloan][CORE] LOS, Precheck & CORE",Story,Released,2026-06-08,policy-prose;gl,0,2,KLP_cashloan,cashloan,2640
jira,PL-12681,[CAKE_payday] Tăng lãi suất sản phẩm,,Story,Released,2026-05-14,policy-table-weak,1,0,CAKE_payday,payday,910
jira,PL-12688,"[ICE] App display - Loan listings, details and Repayment",[Lending][OD] ICE Core Logic — Delivery,Story,Released,2026-05-26,ui,0,0,CAKE_overdraft,od,1459
jira,PL-12696,KLP_cashloan - Quản lý khoản vay trên app Cake,[KLP_cashloan][MOBILE] Mobile App & Cake Portal,Story,Released,2026-06-08,ui,0,0,KLP_cashloan;CAKE_cashloan,cashloan,4015
jira,PL-12697,KLP_cashloan - Repayment (Thanh toán kỳ),[KLP_cashloan][MOBILE] Mobile App & Cake Portal,Story,Released,2026-06-08,other,0,0,KLP_cashloan,cashloan,3674
jira,PL-12699,KLP_cashloan - Terminate (Tất toán trước hạn),[KLP_cashloan][MOBILE] Mobile App & Cake Portal,Story,Released,2026-06-08,policy-table-weak;policy-prose;ui,1,2,KLP_cashloan,cashloan,5379
jira,PL-12701,KLP_cashloan - [Setup] Onboarding source & App ID,[KLP_cashloan][MOBILE] Mobile App & Cake Portal,Story,Released,2026-06-08,other,0,0,KLP_cashloan,cashloan,2794
jira,PL-12702,KLP_cashloan - [Portal] Allow process CakeTask on Cake portal,[KLP_cashloan][MOBILE] Mobile App & Cake Portal,Story,Released,2026-06-08,policy-table-weak,1,0,KLP_cashloan;CAKE_cashloan,cashloan,1692
jira,PL-12708,[CL-PD] Điều chỉnh điều kiện thu nhập kê khai tối thiểu từ 5 triệu,,Story,Released,2026-06-11,policy-prose;ui,0,5,VPO_cashloan;Be_Cashloan;PD_Viettel;VNP_payday;VPO_cl_pension,cashloan;payday,3385
jira,PL-12719,[OD][v2.2] Spec corrections and maturity flow — delta from Ready4Test baseline,[Lending][OD] ICE Core Logic — Delivery,Story,Released,2026-05-26,policy-table-weak;gl,1,0,CAKE_overdraft,od,5277
jira,PL-12750,KLP_cashloan - Create account,"[KLP_cashloan][CORE] LOS, Precheck & CORE",Story,Released,2026-06-08,gl,0,0,KLP_cashloan,cashloan,1188
jira,PL-12757,[ODTD_v2] Onboarding,[ODTD_v2] Sản phẩm Cake overdraft v2,Epic,Done,2026-09-03,gl;ui,0,0,CAKE_overdraft_TD,od,835
jira,PL-12758,Product management tool,,Story,Released,2026-06-24,policy-table,10,0,Be_Cashloan;ZLP_cashloan,,3314
jira,PL-12759,[BE_paylater][LMS] - Bổ sung thêm flag nhận diện segment và dữ liệu về driver,[BE_paylater] - Bổ sung thêm flag nhận diện segment và dữ liệu về driver,Story,Released,2026-06-12,policy-table-weak;api;ui,2,0,BE_paylater,paylater,3290
jira,PL-12761,[Challenge] Lending Challenge,,Epic,Done,2026-08-22,gl;ui,0,0,,,3917
jira,PL-12777,MWG_cl_online - Bổ sung mã lỗi giải ngân ngoài,,Story,Released,2026-06-24,other,0,0,MWG_cl_online;MWG_cashloan,cashloan,1640
jira,PL-12779,[BE_paylater] - Bổ sung thêm flag nhận diện segment và dữ liệu về driver,,Epic,Done,2026-06-20,other,0,0,BE_paylater,paylater,533
jira,PL-12783,OD — Mambu to ICE Migration,[Lending][OD] ICE Core Logic — Delivery,Story,Released,2026-07-21,gl,0,1,CAKE_overdraft,od,4361
jira,PL-12787,[CORE] - Disable auto collection from Cashback account for migration,,Story,Released,2026-06-23,other,0,0,,,1049
jira,PL-12792,[Portal][CakeTask] - LendingForceStatusLoan,[Portal] - CakeTask,Story,Released,2026-06-19,other,0,0,,,4199
jira,PL-12794,[Portal][CakeTask] - LendingNotiDisburseRequest,,Story,Open,2026-09-15,ui,0,0,,,3575
jira,PL-12799,[ICE][OD] - Collection flow integrate to cake-collection,[Lending][OD] ICE Core Logic — Delivery,Story,Released,2026-07-21,other,0,0,CAKE_overdraft,od,1052
jira,PL-12802,[Sale App] Ứng dụng dành cho sale VNPost,,Epic,Done,2026-08-22,ui,0,0,,,1106
jira,PL-12803,ODTD_v2 - [Setup] Thông số sản phẩm & configurable params,[ODTD_v2] Onboarding,Story,Released,2026-07-20,policy-table;policy-prose;ui,10,4,CAKE_overdraft_TD,,4392
jira,PL-12804,ODTD_v2 - Onboarding flow (entry point → chọn sổ → selfie → nhập thông tin → confirm),[ODTD_v2] Onboarding,Story,Released,2026-08-04,policy-table;policy-prose;ui,4,3,CAKE_overdraft_TD,,7128
jira,PL-12806,"ODTD_v2 - Submit LOS, Ký hợp đồng & Tạo hạn mức",[ODTD_v2] Onboarding,Story,Released,2026-07-20,policy-table-weak;ui,1,1,CAKE_overdraft_TD,,8568
jira,PL-12807,[ODTD_v2] Sản phẩm Cake overdraft v2,,Initiative,Done,2026-09-03,policy-table;ui,6,0,CAKE_overdraft_TD,od,2349
jira,PL-12808,ODTD_v2 - [Setup] Disbursement Config core,[ODTD_v2] Onboarding,Story,Released,2026-08-19,other,0,0,CAKE_overdraft_TD,,937
jira,PL-12809,ODTD_v2 - [Setup] Repayment Config core,[ODTD_v2] Loan managment,Story,Released,2026-08-19,other,0,0,CAKE_overdraft_TD,,794
jira,PL-12823,[SaleApp] API check-profile,[Sale App] Ứng dụng dành cho sale VNPost,Story,Released,2026-07-03,api;gl;ui,0,0,,,4742
jira,PL-12825,[SaleApp] Precheck for API check-profile,[Sale App] Ứng dụng dành cho sale VNPost,Story,Released,2026-07-06,policy-table-weak;gl;ui,1,0,CAKE_overdraft_TD;VPO_cashloan;VPO_cl_pension,,12800
jira,PL-12827,BE_cashloan Config Điều chỉnh requested amount,,Story,Released,2026-06-01,other,0,0,Be_Cashloan,cashloan,1217
jira,PL-12855,[Lending] [Pre-check] - Adhoc - Call API Cancel call,,Story,Released,2026-06-08,other,0,0,,,1217
jira,PL-12869,[TechDebt] CakePreOffer,[Techdebt] Make Lending great again and again,Epic,Done,2026-08-12,other,0,0,,,478
jira,PL-12876,Portal disbursement workflow,Portal user journey,Story,Released,2026-08-31,gl;ui,0,0,,,3535
jira,PL-12877,[ICE][OD] - Update the status lifecycle on dpd_interest 31 and maturity,[Lending][OD] ICE Core Logic — Delivery,Story,Released,2026-07-21,other,0,0,CAKE_overdraft,od,1840
jira,PL-12894,[VPO_cl_pension][SalePortal] - Bỏ required loan amount ở API lưu hồ sơ offline,[Sale App] Ứng dụng dành cho sale VNPost,Story,Released,2026-06-08,other,0,0,VPO_cl_pension;VPO_cashloan,cashloan,1220
jira,PL-12911,MWG_paylater - Giới hạn giao dịch rút tiền mặt,[Pulse] Apply Pulse system for Lending transactions,Story,Released,2026-07-09,policy-table-weak;gl;ui,1,0,BE_paylater;MWG_paylater,paylater,5833
jira,PL-12915,[VNPAY CL & PD] Bổ sung điều kiện kiểm tra ví tại bước ký HĐ,,Story,Released,2026-06-24,api;ui,0,0,VNP_cashloan;VNP_payday,cashloan;payday,8277
jira,PL-12918,VPO_cl_pension - Điều chỉnh prefill và chặn ký hợp đồng,[Sale App] Ứng dụng dành cho sale VNPost,Story,Released,2026-07-06,api;ui,0,0,VPO_cl_pension;VPO_cashloan,cashloan,4362
jira,PL-12919,MWG_payday - Điều chỉnh tăng max request amount,,Story,Released,2026-06-10,ui,0,0,MWG_payday,payday,1327
jira,PL-12920,MWG_paylater - Thay đổi cho output của api get-loan-details,,Story,Released,2026-08-19,policy-table;api;gl;ui,4,0,MWG_paylater,paylater,6265
jira,PL-12922,Access db  cake-postgresql-lending-replica,,Initiative,Draft,2026-05-28,other,0,0,,,439
jira,PL-12924,[VNPAY CL & PD & PL] Điều chỉnh deeplink ở màn hình thông báo giải ngân thành công,,Story,Released,2026-07-07,ui,0,0,VNP_cashloan;VNP_payday;VNP_paylater,cashloan;payday;paylater,2228
jira,PL-12928,VNP_paylater BE_paylater - Thêm service code whitelist,,Story,Released,2026-07-09,other,0,0,BE_paylater;VNP_paylater,paylater,2623
jira,PL-12940,BE_payday - Vay ngắn ngày BeGroup,,Initiative,Done,2026-07-24,policy-table;gl;ui,8,0,BE_payday,payday,4108
jira,PL-12960,[Challenge] Lending - List eligible challenges,[Challenge] Lending Challenge,Story,Released,2026-08-06,ui,0,0,,,4340
jira,PL-12961,[Challenge] Lending - Enroll challenge,[Challenge] Lending Challenge,Story,Released,2026-08-06,api,0,0,,,4268
jira,PL-12962,[Challenge] Lending - Submit repayment event,[Challenge] Lending Challenge,Story,Released,2026-08-06,gl,0,0,,,5599
jira,PL-12963,[Challenge] Lending - Challenge progress display,[Challenge] Lending Challenge,Story,Released,2026-08-06,ui,0,0,,,5544
jira,PL-12964,[Challenge] Lending - Deliver reward (webhook + batch job),[Challenge] Lending Challenge,Story,Released,2026-08-06,gl,0,0,,,4820
jira,PL-12968,[CAKE_cashloan] Điều chỉnh trường thông tin thời hạn vay trong hợp đồng,,Story,Released,2026-06-24,ui,0,0,CAKE_cashloan,cashloan,4333
jira,PL-12970,[CAKE_cashloan] Điều chỉnh tenor lên 60 tháng ,,Story,Released,2026-06-15,other,0,1,CAKE_cashloan,cashloan,1732
jira,PL-12972,[VDS paylater] Add config cho phép thanh toán mảng education,,Story,Released,2026-06-19,gl,0,0,VDS_paylater,paylater,1771
jira,PL-12973,MBF_cashloan - Setup & Onboarding DOP,MBF_cashloan - My Mobifone Cashloan,Epic,Done,2026-08-26,other,0,0,MBF_cashloan,cashloan,518
jira,PL-12974,MBF_cashloan - Setup product code & cấu hình tài chính,MBF_cashloan - Setup & Onboarding DOP,Story,Released,2026-07-20,policy-table;policy-prose,7,3,MBF_cashloan,cashloan,5184
jira,PL-12975,MBF_cashloan - API generate-webview/onboarding,MBF_cashloan - Setup & Onboarding DOP,Story,Released,2026-07-20,api;gl;ui,0,0,MBF_cashloan,cashloan,3232
jira,PL-12976,MBF_cashloan - Onboarding source & App ID,MBF_cashloan - Setup & Onboarding DOP,Story,Released,2026-07-20,ui,0,0,MBF_cashloan,cashloan,2897
jira,PL-12988,[VPO_cl_pension][API]  Sales App call API generate-link,[Sale App] Ứng dụng dành cho sale VNPost,Story,Released,2026-06-23,api,0,0,VPO_cl_pension;VPO_cashloan,cashloan,3020
jira,PL-13023,[ODTD_v2] - [LOS] Enrich data vào LOS,[ODTD_v2] Onboarding,Story,Released,2026-07-23,api;ui,0,0,CAKE_overdraft_TD,,4426
jira,PL-13034,[Precheck Portal] - Rule Manager,[PLO] - Precheck Portal ,Story,Released,2026-07-24,api;ui,0,0,,,11504
jira,PL-13037,[Precheck Portal] - Policies Manager,[PLO] - Precheck Portal ,Story,Released,2026-07-21,api;ui,0,0,,,6366
jira,PL-13039,[Precheck Portal] - Routing Manager,[PLO] - Precheck Portal ,Story,Released,2026-07-21,api;ui,0,0,CAKE_cashloan,,6515
jira,PL-13049,BE_payday - Setup & Onboarding,BE_payday - Vay ngắn ngày BeGroup,Epic,Done,2026-08-26,other,0,0,BE_payday,payday,811
jira,PL-13050,BE_payday - Setup product code và cấu hình tài chính,BE_payday - Setup & Onboarding,Story,Released,2026-07-07,policy-table;ui,8,0,BE_payday,payday,5785
jira,PL-13051,BE_payday - Disbursement + GL,BE_payday - Setup & Onboarding,Story,Released,2026-07-06,policy-table;policy-prose;gl,4,2,BE_payday,payday,4811
jira,PL-13052,BE_payday - Repayment + GL,BE_payday - Setup & Onboarding,Story,Released,2026-07-06,gl;ui,0,0,BE_payday,payday,2956
jira,PL-13053,BE_payday - API generate-webview/onboarding,BE_payday - Setup & Onboarding,Story,Released,2026-07-07,other,0,0,BE_payday,payday,4560
jira,PL-13054,BE_payday - Onboarding source & App ID,BE_payday - Setup & Onboarding,Story,Released,2026-07-07,other,0,0,BE_payday,payday,3552
jira,PL-13055,"BE_payday - Onboarding: OTP, eKYC & Submit loan",BE_payday - Setup & Onboarding,Story,Released,2026-07-07,policy-table-weak;ui,1,0,BE_payday,payday,12656
jira,PL-13063,BE_payday - Ký hợp đồng tín dụng & Giải ngân,BE_payday - Setup & Onboarding,Story,Released,2026-07-07,policy-prose;api;ui,0,2,BE_payday,payday,4051
jira,PL-13064,BE_payday - API partner-update-status,BE_payday - Setup & Onboarding,Story,Released,2026-07-03,other,0,0,BE_payday,payday,4015
jira,PL-13065,BE_payday - SMS notification,BE_payday - Setup & Onboarding,Story,Released,2026-07-03,other,0,0,BE_payday,payday,1039
jira,PL-13066,BE_payday - Portal CakeTask processing,BE_payday - Setup & Onboarding,Story,Released,2026-07-03,other,0,0,BE_payday,payday,1649
jira,PL-13074,BE_payday - API get-loan-detail,BE_payday - Loan Management & Repayment,Story,Released,2026-07-04,policy-table-weak,1,0,BE_payday,payday,5797
jira,PL-13076,BE_payday - [App] Sign Contract,BE_payday - Loan Management & Repayment,Story,Released,2026-07-07,ui,0,0,BE_payday,payday,3701
jira,PL-13077,BE_payday - [App] Loan management,BE_payday - Loan Management & Repayment,Story,Released,2026-07-04,policy-table-weak;ui,1,0,BE_payday,payday,2754
jira,PL-13078,BE_payday - [App] Repayment,BE_payday - Loan Management & Repayment,Story,Released,2026-07-04,ui,0,0,BE_payday,payday,2290
jira,PL-13079,BE_payday - [App] Disbursement transaction history,BE_payday - Loan Management & Repayment,Story,Released,2026-07-04,ui,0,0,BE_payday,payday,1385
jira,PL-13082,BE_payday - [App] Repayment transaction history,BE_payday - Loan Management & Repayment,Story,Released,2026-07-04,ui,0,0,BE_payday,payday,1468
jira,PL-13090,[VNPAY CL&PD&PL] Bổ sung thêm field ranking trong API gen token DOP,,Epic,On-hold,2026-06-26,other,0,0,VNP_cashloan;VNP_payday;VNP_paylater,cashloan;payday;paylater,485
jira,PL-13092,VNP_paylater Config TKĐBTT nhận giải ngân tương ứng với service code,,Story,Released,2026-07-07,other,0,0,VNP_paylater,paylater,4876
jira,PL-13102,Điều chỉnh màn hình kết thúc session vay trên DOP,[KLP_cashloan][API] - Onboarding Process & APIs Integration,Story,Released,2026-07-20,ui,0,0,KLP_cashloan,cashloan,1242
jira,PL-13120,[iCE][CL] - Cashloan accounts terminated failed but response success,,Story,Released,2026-06-23,other,0,0,,cashloan,1112
jira,PL-13138,[OD-TD Ver2][Thế chấp] Chi tiết khoản vay,[ODTD_v2] Loan managment,Story,Released,2026-08-04,policy-table;ui,13,0,CAKE_overdraft_TD,od,9179
jira,PL-13139,[OD-TD Ver2][Thế chấp] Thanh toán khoản vay,[ODTD_v2] Loan managment,Story,Released,2026-08-05,ui,0,0,CAKE_overdraft_TD,od,3894
jira,PL-13140,[OD-TD Ver2][Thế chấp] Tất toán hợp đồng,[ODTD_v2] Loan managment,Story,Released,2026-08-05,ui,0,1,CAKE_overdraft_TD,od,7893
jira,PL-13234,MWG_cashloan - Điều chỉnh nội dung SMS đến KH sau khi phê duyệt và giải ngân,,Story,Released,2026-07-06,gl,0,0,MWG_cashloan,cashloan,2483
jira,PL-13240,[Lending][PAS] cake-pas Integration for Partnership Products,[ICE] - Lending last adjusments supporting casa migration,Epic,Open,2026-09-29,other,0,0,,,932
jira,PL-13242,[LMS-BE] Integrate Disbursement and Payout Flows with cake-pas,[Lending][PAS] cake-pas Integration for Partnership Products,Story,Ready4Test,2026-09-15,gl,0,0,,,1501
jira,PL-13243,"[LMS-BE] Integrate Repayment, Collection, and Refund Flows with cake-pas",[Lending][PAS] cake-pas Integration for Partnership Products,Story,Ready4Test,2026-09-15,gl,0,0,,,1854
jira,PL-13246,[ICE][Instalments] Holiday Schedule Adjustment,,Story,Open,2026-06-23,gl,0,0,,,1715
jira,PL-13253,Auto update Cake staff list to Unleash segment,,Epic,On-hold,2026-08-12,other,0,0,,,2257
jira,PL-13254,[OD-TD][Core] Core flow,[ODTD_v2] Sản phẩm Cake overdraft v2,Epic,Done,2026-08-25,gl,0,0,CAKE_overdraft_TD,od,1886
jira,PL-13255,[CORE][OD-TD] Registration & Linking — Onboarding Orchestrator + ICE Provisioning,[OD-TD][Core] Core flow,Story,Released,2026-08-19,policy-prose;api;gl;ui,0,3,CAKE_overdraft_TD,od,5126
jira,PL-13256,[CORE][OD-TD] Disbursement — Gatekeeping + Execution,[OD-TD][Core] Core flow,Story,Released,2026-08-19,gl,0,0,CAKE_overdraft_TD,od,3652
jira,PL-13257,"[CORE][OD-TD] Repayment — Scheduling, Deduction & Allocation",[OD-TD][Core] Core flow,Story,Released,2026-08-19,policy-table;gl,10,0,CAKE_overdraft_TD,od,19551
jira,PL-13258,[CORE][OD-TD] Maturity — Auto-Collection & Post-Maturity GL,[OD-TD][Core] Core flow,Story,Released,2026-08-19,policy-table;gl,6,0,CAKE_overdraft_TD,od,7326
jira,PL-13259,[CORE][OD-TD] Early Termination — CASA Source (Option A),[OD-TD][Core] Core flow,Story,Released,2026-08-19,policy-table-weak;gl;ui,2,0,CAKE_overdraft_TD,od,14238
jira,PL-13264,MBF_cashloan - Onboarding DOP,MBF_cashloan - Setup & Onboarding DOP,Story,Released,2026-07-20,policy-table;gl;ui,6,0,MBF_cashloan,cashloan,21758
jira,PL-13266,MBF_cashloan - API callback partner-update-status,MBF_cashloan - Setup & Onboarding DOP,Story,Released,2026-07-20,policy-table-weak;api;ui,1,0,MBF_cashloan,cashloan,3767
jira,PL-13268,MBF_cashloan - API generate-webview/loan-detail,MBF_cashloan - Setup & Onboarding DOP,Story,Released,2026-07-20,api;ui,0,0,MBF_cashloan,cashloan,3783
jira,PL-13270,MBF_cashloan - API get-loan-detail,MBF_cashloan - Setup & Onboarding DOP,Story,Released,2026-07-20,policy-table;api;gl,4,0,MBF_cashloan,cashloan,5497
jira,PL-13272,MBF_cashloan - Webview Loan Detail,MBF_cashloan - Setup & Onboarding DOP,Story,Released,2026-07-20,ui,0,0,MBF_cashloan,cashloan,2254
jira,PL-13274,MBF_cashloan - Webview Repayment,MBF_cashloan - Setup & Onboarding DOP,Story,Released,2026-07-20,ui,0,0,MBF_cashloan,cashloan,6291
jira,PL-13276,MBF_cashloan - Core & LOS,MBF_cashloan - My Mobifone Cashloan,Epic,Done,2026-08-17,other,0,0,MBF_cashloan,cashloan,494
jira,PL-13277,MBF_cashloan - Core Disbursement,MBF_cashloan - Core & LOS,Story,Released,2026-07-20,policy-table-weak;policy-prose;gl,2,2,MBF_cashloan,cashloan,3577
jira,PL-13279,MBF_cashloan - Core Repayment,MBF_cashloan - Core & LOS,Story,Released,2026-07-20,gl;ui,0,0,CAKE_cashloan;MBF_cashloan,cashloan,5525
jira,PL-13281,MBF_cashloan - Send SMS,MBF_cashloan - Core & LOS,Story,Released,2026-07-20,ui,0,0,MBF_cashloan,cashloan,1224
jira,PL-13285,MBF_cashloan - App Sign Contract,MBF_cashloan - Mobile,Story,Released,2026-07-20,policy-table-weak;ui,1,0,MBF_cashloan,cashloan,3225
jira,PL-13287,MBF_cashloan - App Loan management,MBF_cashloan - Mobile,Story,Released,2026-07-20,policy-table-weak;ui,1,0,MBF_cashloan,cashloan,5930
jira,PL-13289,MBF_cashloan - App Repayment loan,MBF_cashloan - Mobile,Story,Released,2026-07-20,ui,0,0,MBF_cashloan,cashloan,3045
jira,PL-13291,MBF_cashloan - App Terminate loan,MBF_cashloan - Mobile,Story,Released,2026-07-20,policy-table;ui,3,0,MBF_cashloan,cashloan,5135
jira,PL-13293,MBF_cashloan - App Transaction history,MBF_cashloan - Mobile,Story,Released,2026-07-20,policy-table-weak;ui,1,0,MBF_cashloan,cashloan,3133
jira,PL-13299,[cake-od] Integrate Disbursement and Payout Flows with cake-pas,[Lending][PAS] cake-pas Integration for Partnership Products,Story,Ready4Test,2026-09-29,gl,0,0,CAKE_overdraft,od,1409
jira,PL-13300,"[cake-od] Integrate Repayment, Collection, and Refund Flows with cake-pas",[Lending][PAS] cake-pas Integration for Partnership Products,Story,Ready4Test,2026-09-15,gl,0,0,CAKE_overdraft,od,1562
jira,PL-13303,Phase 1: [Core] accounting_type Classification + Dynamic Debit/Credit (New Accounts),[Core] Update debit/credit directions - v2,Story,Released,2026-07-21,gl,0,0,,,1932
jira,PL-13304,Phase 2: [Core] v1→v2 Account Migration,[Core] Update debit/credit directions - v2,Story,Draft,2026-06-25,gl,0,0,,,1738
jira,PL-13305,[Core] Release v2 — Payday,[Core] Update debit/credit directions - v2,Story,Released,2026-08-05,gl,0,0,,payday,2229
jira,PL-13306,[Core] Release v2 — Paylater,[Core] Update debit/credit directions - v2,Story,Draft,2026-07-21,gl,0,0,,paylater,1993
jira,PL-13307,[Core] Release v2 — CC,[Core] Update debit/credit directions - v2,Story,Draft,2026-06-25,gl,0,0,,,1821
jira,PL-13308,[Core] Release v2 — Cashloan,[Core] Update debit/credit directions - v2,Story,Released,2026-07-21,gl,0,0,,cashloan,2042
jira,PL-13309,Phase 3 (Future): [Core] Full Migration + Historical Support,[Core] Update debit/credit directions - v2,Story,Draft,2026-06-25,gl,0,0,,,1959
jira,PL-13310,[Core] Update debit/credit directions - v2,[ICE] - Lending last adjusments supporting casa migration,Epic,Open,2026-07-20,gl,0,0,,,1566
jira,PL-13312,ODTD_v2 - Hợp đồng,[ODTD_v2] Onboarding,Story,Released,2026-07-20,policy-table-weak;ui,1,0,CAKE_overdraft_TD,,2261
jira,PL-13314,[CORE][Cashloan] Batch Adjustment Tool — Self-Service Stakeholder Portal,"[CORE][TRACKING] Core Handling - buckets, GL & engine accounting (open items)",Story,Draft,2026-09-08,gl;ui,0,0,,cashloan,11557
jira,PL-13324,[OD_v1] - Chặn luồng odtd hiện tại,[ODTD_v2] Onboarding,Story,Released,2026-08-19,other,0,0,CAKE_overdraft_TD,od,1094
jira,PL-13341,[Base product] - DOP cashloan,,Epic,Open,2026-08-20,policy-table-weak;gl,1,0,,cashloan,1960
jira,PL-13342,ODTD_v2 - Trang quản lý khoản vay,[ODTD_v2] Loan managment,Story,Released,2026-08-05,ui,0,0,CAKE_overdraft_TD,,2612
jira,PL-13344,ODTD_v2 - Transaction & home,[ODTD_v2] Loan managment,Story,Released,2026-08-04,ui,0,0,CAKE_overdraft_TD,,3648
jira,PL-13361,ODTDv2 - Tạo link truy cập ODTD,[ODTD_v2] Onboarding,Story,Released,2026-08-12,ui,0,0,CAKE_overdraft_TD,,1102
jira,PL-13363,Security Vulnerabilities - Q3 2026,,Epic,Draft,2026-07-01,other,0,0,VT_Payday_S,,450
jira,PL-13372,PartnerLending cashloan - API callback partner-update-status,[Base product] - DOP cashloan,Story,Open,2026-07-06,policy-table-weak;api,1,0,,cashloan,2227
jira,PL-13374,DOP cashloan - API get-loan-detail,[Base product] - DOP cashloan,Story,Open,2026-07-03,policy-table;api;gl,4,0,,cashloan,5368
jira,PL-13376,DOP cashloan - Core disbursement,[Base product] - DOP cashloan,Story,Draft,2026-07-03,other,0,0,,cashloan,499
jira,PL-13378,DOP cashloan - Core repayment,[Base product] - DOP cashloan,Story,Draft,2026-07-03,other,0,0,,cashloan,493
jira,PL-13380,DOP cashloan - Send SMS,[Base product] - DOP cashloan,Story,Open,2026-07-03,gl,0,0,,cashloan,1225
jira,PL-13382,DOP cashloan - App sign contract,[Base product] - DOP cashloan,Story,Open,2026-07-03,policy-table-weak;ui,1,0,,cashloan,3609
jira,PL-13384,DOP cashloan - App loan managment,[Base product] - DOP cashloan,Story,Open,2026-07-03,policy-table-weak;ui,1,0,,cashloan,5847
jira,PL-13386,DOP cashloan - App repayment loan,[Base product] - DOP cashloan,Story,Open,2026-07-03,ui,0,0,,cashloan,2969
jira,PL-13388,DOP cashloan - App terminate loan,[Base product] - DOP cashloan,Story,Open,2026-07-03,policy-table;ui,3,0,,cashloan,5059
jira,PL-13390,DOP cashloan - App transaction history,[Base product] - DOP cashloan,Story,Open,2026-07-03,policy-table-weak;ui,1,0,,cashloan,3057
jira,PL-13396,"[DOP][Onboarding] Dropdown Phường/Xã không khớp giá trị hiển thị ở \""Địa chỉ hiện tại\"" khi eKYC bằng CCCD mới",,Story,Released,2026-08-18,ui,0,0,,,4028
jira,PL-13403,Enable Paylater to process transactions via VISA channel through Tea (Transaction Core),,Epic,Done,2026-07-09,gl,0,0,,paylater,723
jira,PL-13422,[OD] Update logic auto close after maturity,[OD-TD][Core] Core flow,Story,Released,2026-07-22,other,0,0,CAKE_overdraft_TD;CAKE_overdraft,od,2499
jira,PL-13432,ODTD_v2 - Force update app version,[ODTD_v2] Onboarding,Story,Released,2026-08-05,other,0,0,CAKE_overdraft_TD,,1472
jira,PL-13441,[ICE] - Lending last adjusments supporting casa migration,,Initiative,Draft,2026-07-06,other,0,0,,,469
jira,PL-13444,ODTD_v2 - Điều chỉnh một số điểm trên ODTD,[ODTD_v2] Onboarding,Story,Released,2026-07-27,ui,0,0,CAKE_overdraft_TD,,1990
jira,PL-13453,[All products] - Nối luồng Prescreen/ekyc để mapping API onboarding,,Story,Open,2026-09-15,ui,0,0,,,1795
jira,PL-13455,[VNPAY CL&PD&PL] Bổ sung thêm field ranking trong API gen token DOP,[VNPAY CL&PD&PL] Bổ sung thêm field ranking trong API gen token DOP,Story,Open,2026-07-07,api,0,0,VNP_cashloan;VNP_payday;VNP_paylater,cashloan;payday;paylater,2564
jira,PL-13464,MBF_cashloan - Đổi màu primary,MBF_cashloan - Setup & Onboarding DOP,Story,Released,2026-07-20,ui,0,0,MBF_cashloan,cashloan,1990
jira,PL-13473,Be_Cashloan - Luồng OTP DTN consent,,Story,Released,2026-08-04,gl;ui,0,0,BE_paylater;VNP_paylater;Be_Cashloan,cashloan,4412
jira,PL-13474,QTV - API nhắc nợ,,Story,Released,2026-09-18,api,0,0,,,5359
jira,PL-13475,FIZA_payday - Fiza Payday,,Initiative,Done,2026-09-08,other,0,0,FIZA_payday,payday,1517
jira,PL-13476,QTV - Paylater - Điều chỉnh hiển thị request_amount 25 triệu,,Story,Released,2026-08-03,ui,0,1,MWG_paylater,paylater,1063
jira,PL-13478,Be_Cashloan - Callback status LMS + Precheck,,Story,Released,2026-08-19,policy-table-weak;api,1,0,Be_Cashloan,cashloan,6003
jira,PL-13479,BE_paylater - Bổ sung thêm service code,,Story,Released,2026-07-27,other,0,0,BE_paylater,paylater,1034
jira,PL-13488,[CORE] - Migrate disbursement/repayment transactions to ICE,[ICE] - Lending last adjusments supporting casa migration,Epic,Open,2026-07-21,gl,0,0,,,1152
jira,PL-13493,TD-CAKEPAS-05 — Channel → Corporate Account,[CORE] - Migrate disbursement/repayment transactions to ICE,Story,Released,2026-07-20,gl,0,0,,,4638
jira,PL-13494,TD-CAKEPAS-06 — Corporate Account → loanRepayClearing,[CORE] - Migrate disbursement/repayment transactions to ICE,Story,Released,2026-07-20,gl,0,0,,,5676
jira,PL-13496,[OD] Update logic repayment int_over_d,[Lending][OD] ICE Core Logic — Delivery,Story,Released,2026-07-21,other,0,0,CAKE_overdraft,od,1618
jira,PL-13506,Paylater VCC — LMS + ICE Integration,,Epic,In Progress,2026-09-29,gl,0,0,,paylater,1137
jira,PL-13516,[CAKE] Điều chỉnh trường thông tin trên Hợp Đồng,,Story,Released,2026-07-27,ui,0,0,CAKE_overdraft_TD,,1664
jira,PL-13520,[PO] Task tracking 2026,,Epic,Draft,2026-07-09,other,0,0,,,395
jira,PL-13542,[OD-TD] Remove COB for OD-TD product,[OD-TD][Core] Core flow,Story,Released,2026-08-19,other,0,0,CAKE_overdraft_TD,od,1185
jira,PL-13545,[ICE][LD] -  Stamp external_account_id vào metadata cho các giao dịch ở loan drawdown,[CORE] - Migrate disbursement/repayment transactions to ICE,Story,Open,2026-07-31,other,0,0,,,1356
jira,PL-13548,[ICE] - Migrate supporting accounts to ICE,[ICE] - Lending last adjusments supporting casa migration,Epic,Draft,2026-07-13,other,0,0,,,759
jira,PL-13581,Fiza payday - Onboarding Process & APIs Integration,FIZA_payday - Fiza Payday,Epic,Done,2026-09-15,other,0,0,FIZA_payday,payday,593
jira,PL-13582,"Fiza payday - LOS, Precheck & CORE",FIZA_payday - Fiza Payday,Epic,Done,2026-09-15,other,0,0,FIZA_payday,payday,559
jira,PL-13583,Fiza payday - Mobile App & Portal,FIZA_payday - Fiza Payday,Epic,Done,2026-09-15,other,0,0,FIZA_payday,payday,557
jira,PL-13584,Fiza payday - API check-profile,Fiza payday - Onboarding Process & APIs Integration,Story,Released,2026-09-03,api;gl,0,0,FIZA_payday,payday,3502
jira,PL-13586,Fiza payday - API data-config,Fiza payday - Onboarding Process & APIs Integration,Story,Released,2026-08-31,api,0,0,FIZA_payday,payday,5074
jira,PL-13588,Fiza payday - API client-create,Fiza payday - Onboarding Process & APIs Integration,Story,Released,2026-08-31,api;gl;ui,0,0,FIZA_payday,payday,9726
jira,PL-13590,Fiza payday - API client-update,Fiza payday - Onboarding Process & APIs Integration,Story,Released,2026-09-03,api;gl,0,0,FIZA_payday,payday,3971
jira,PL-13592,Fiza payday - API loan-register,Fiza payday - Onboarding Process & APIs Integration,Story,Released,2026-08-31,api,0,0,FIZA_payday,payday,2978
jira,PL-13594,Fiza payday - API get-esign,Fiza payday - Onboarding Process & APIs Integration,Story,Released,2026-08-31,api,0,0,FIZA_payday,payday,2837
jira,PL-13596,Fiza payday - API contract-cancel,Fiza payday - Onboarding Process & APIs Integration,Story,Released,2026-08-31,api,0,0,FIZA_payday,payday,1698
jira,PL-13598,Fiza payday - API get-otp | verify-esign,Fiza payday - Onboarding Process & APIs Integration,Story,Released,2026-08-31,api,0,0,FIZA_payday,payday,4051
jira,PL-13600,Fiza payday - API get-loan-detail,Fiza payday - Onboarding Process & APIs Integration,Story,Released,2026-08-31,policy-table;api,3,0,FIZA_payday,payday,5518
jira,PL-13602,Fiza payday - API callback partner-status-update,Fiza payday - Onboarding Process & APIs Integration,Story,Released,2026-09-07,policy-table-weak;api;ui,1,0,FIZA_payday,payday,3414
jira,PL-13604,Fiza payday - API Repayment VAN,Fiza payday - Onboarding Process & APIs Integration,Story,Released,2026-08-31,api,0,0,MISA_cashloan;FIZA_payday,payday,6157
jira,PL-13607,Fiza payday - Core disbursement + GL,"Fiza payday - LOS, Precheck & CORE",Story,Released,2026-08-31,policy-table;policy-prose;gl,6,3,FIZA_payday,payday,5596
jira,PL-13609,Fiza payday - Core repayment + GL,"Fiza payday - LOS, Precheck & CORE",Story,Released,2026-08-31,gl,0,0,FIZA_payday,payday,3039
jira,PL-13611,Fiza payday - LOS,"Fiza payday - LOS, Precheck & CORE",Story,Released,2026-09-03,api;ui,0,0,FIZA_payday,payday,1152
jira,PL-13613,Fiza payday - Precheck,"Fiza payday - LOS, Precheck & CORE",Story,Released,2026-09-03,policy-table-weak;gl,1,0,FIZA_payday,payday,8362
jira,PL-13615,Fiza payday - SMS,"Fiza payday - LOS, Precheck & CORE",Story,Released,2026-08-31,other,0,0,FIZA_payday,payday,1157
jira,PL-13617,Fiza payday - Contract,"Fiza payday - LOS, Precheck & CORE",Story,Released,2026-09-03,other,0,0,FIZA_payday,payday,1063
jira,PL-13619,Fiza payday - App Cake sign & management & repayment,Fiza payday - Mobile App & Portal,Story,Released,2026-08-31,policy-table-weak;ui,1,0,CAKE_payday;FIZA_payday,payday,8763
jira,PL-13621,Fiza payday - App Cake Transaction history,Fiza payday - Mobile App & Portal,Story,Released,2026-08-31,policy-table-weak;ui,1,0,CAKE_payday;FIZA_payday,payday,2836
jira,PL-13623,Fiza payday - Portal cake task,Fiza payday - Mobile App & Portal,Story,Released,2026-09-03,policy-table-weak,2,0,CAKE_payday;FIZA_payday,payday,4612
jira,PL-13632,Fiza payday - Onboarding source,Fiza payday - Mobile App & Portal,Story,Released,2026-08-31,ui,0,0,FIZA_payday,payday,3058
jira,PL-13637,ZLP payday - Off rule check bảo hiểm,,Story,Released,2026-07-23,other,0,0,ZLP_payday,payday,2543
jira,PL-13640,ZLP_cashloan - Enrich code reject trả cho Zalopay,,Story,Released,2026-08-07,policy-table-weak;gl;ui,1,0,ZLP_cashloan,cashloan,5470
jira,PL-13663,Product config tool - Cake & VNpay cashloan,Lending product config tool,Story,Ready4Release,2026-09-28,policy-table;gl;ui,10,0,MISA_cashloan;MWG_cl_online;VPO_cashloan;VT_Cashloan_S;CAKE_cashloan;KLP_cashloan;MWG_cashloan;VNP_cashloan;Viettel_Cashloan;CAKE_cl_affiliate;VPO_cl_pension,cashloan,6320
jira,PL-13667,CAKE_cashloan - Tăng Lãi suất cho tệp KH chọn mua bảo hiểm,,Story,Released,2026-07-23,ui,0,0,CAKE_cashloan,cashloan,1339
jira,PL-13707,Lending product config tool,,Epic,In Progress,2026-09-25,other,0,0,CAKE_overdraft_TD;MISA_cashloan;VDS_paylater;BE_paylater;VNP_paylater;MWG_cl_online;ZLP_payday;VPO_cashloan;VT_Cashloan_S;VT_Payday_S;Be_Cashloan;CAKE_cashloan;KLP_cashloan;MWG_cashloan;MWG_payday;MWG_paylater;PD_Viettel;VNP_cashloan;Viettel_Cashloan;ZLP_cashloan;CAKE_payday;CAKE_overdraft;CAKE_cl_affiliate;VNP_payday;BE_payday;VPO_cl_pension,,1395
jira,PL-13708,Product config tool - All cashloan,Lending product config tool,Story,Open,2026-09-23,policy-table,10,0,MISA_cashloan;MWG_cl_online;VPO_cashloan;VT_Cashloan_S;KLP_cashloan;MWG_cashloan;Viettel_Cashloan;VPO_cl_pension,cashloan,3825
jira,PL-13709,Lending Security 2026,,Epic,Open,2026-09-09,other,0,0,,,557
jira,PL-13747,[CORE] Link related transactions across account domains,"[CORE][TRACKING] Core Handling - buckets, GL & engine accounting (open items)",Story,Draft,2026-09-07,other,0,0,,,1379
jira,PL-13760,[Portal][CakeTask] - Lending Clear Credit,[Portal] - CakeTask,Story,Released,2026-08-12,gl,0,0,,,2748
jira,PL-13776,MWG_paylater - load view virtual card,Paylater VCC — LMS + ICE Integration,Story,Released,2026-09-03,ui,0,0,MWG_paylater,paylater,6215
jira,PL-13778,ODTD_v2 - Điều chỉnh UI loan managment,,Story,Draft,2026-08-12,policy-table;ui,3,0,CAKE_overdraft_TD,,2809
jira,PL-13788,VDS_payday - Chuyển onboarding DOP sang native,,Epic,In Progress,2026-09-29,policy-table-weak,2,0,PD_Viettel,payday,1652
jira,PL-13802,VDS CashLoan - Remove Validate score cutoff theo product code,,Story,Released,2026-08-03,other,0,0,VDS_paylater;VDS_paylater_epass;VT_Cashloan_S;VT_Payday_S;VDS_bikeloan;Viettel_Cashloan,cashloan,5501
jira,PL-13808,[All Product]  Sản phẩm luồng D.O.P: Điều chỉnh trường thông tin trên Hợp Đồng ,,Story,Released,2026-08-05,ui,0,0,VTPO_cashloan;MISA_cashloan;MWG_cl_online;ZLP_payday;VPO_cashloan;NGS_cashloan;VT_Cashloan_S;VT_Payday_S;Be_Cashloan;MBF_cashloan;MWG_cashloan;MWG_payday;PD_Viettel;VNP_cashloan;Viettel_Cashloan;ZLP_cashloan;VNP_payday;BE_payday;VPO_cl_pension,,1964
jira,PL-13819,FIZA_cashloan - Fiza Cashloan,,Initiative,Draft,2026-08-25,other,0,0,FIZA_cashloan,cashloan,1561
jira,PL-13824,Fiza cashloan - Onboarding Process & APIs Integration,FIZA_cashloan - Fiza Cashloan,Epic,Open,2026-07-29,other,0,0,FIZA_cashloan,cashloan,540
jira,PL-13825,"Fiza cashloan - LOS, Precheck & CORE",FIZA_cashloan - Fiza Cashloan,Epic,Draft,2026-07-28,other,0,0,FIZA_cashloan,cashloan,490
jira,PL-13826,Fiza cashloan - Mobile App & Portal,FIZA_cashloan - Fiza Cashloan,Epic,Draft,2026-07-28,other,0,0,FIZA_cashloan,cashloan,488
jira,PL-13827,Fiza cashloan - API check-profile,Fiza cashloan - Onboarding Process & APIs Integration,Story,Open,2026-08-17,api,0,0,FIZA_cashloan,cashloan,1298
jira,PL-13828,Fiza cashloan - API data-config,Fiza cashloan - Onboarding Process & APIs Integration,Story,Open,2026-07-31,api,0,0,FIZA_cashloan,cashloan,807
jira,PL-13829,Fiza cashloan - API client-create,Fiza cashloan - Onboarding Process & APIs Integration,Story,Open,2026-07-31,api,0,0,FIZA_cashloan,cashloan,1621
jira,PL-13830,Fiza cashloan - API client-update,Fiza cashloan - Onboarding Process & APIs Integration,Story,Open,2026-07-31,other,0,0,FIZA_cashloan,cashloan,884
jira,PL-13831,Fiza cashloan - API loan-register,Fiza cashloan - Onboarding Process & APIs Integration,Story,Open,2026-07-31,other,0,0,FIZA_cashloan,cashloan,748
jira,PL-13832,Fiza cashloan - API get-esign,Fiza cashloan - Onboarding Process & APIs Integration,Story,Open,2026-07-31,api,0,0,FIZA_cashloan,cashloan,1029
jira,PL-13833,Fiza cashloan - API contract-cancel,Fiza cashloan - Onboarding Process & APIs Integration,Story,Open,2026-07-31,other,0,0,FIZA_cashloan,cashloan,606
jira,PL-13834,Fiza cashloan - API get-otp | verify-esign,Fiza cashloan - Onboarding Process & APIs Integration,Story,Open,2026-07-31,other,0,0,FIZA_cashloan,cashloan,1087
jira,PL-13835,Fiza cashloan - API get-loan-detail,Fiza cashloan - Onboarding Process & APIs Integration,Story,Open,2026-07-31,api,0,0,FIZA_cashloan,cashloan,1094
jira,PL-13836,Fiza cashloan - API callback partner-status-update,Fiza cashloan - Onboarding Process & APIs Integration,Story,Open,2026-07-31,other,0,0,FIZA_cashloan,cashloan,779
jira,PL-13837,Fiza cashloan - API Repayment VAN,Fiza cashloan - Onboarding Process & APIs Integration,Story,Open,2026-07-31,other,0,0,FIZA_cashloan,cashloan,1138
jira,PL-13841,Fiza cashloan - Core disbursement + GL,"Fiza cashloan - LOS, Precheck & CORE",Story,Draft,2026-07-31,policy-table;policy-prose;gl,8,3,FIZA_cashloan,cashloan,5926
jira,PL-13842,Fiza cashloan - Core repayment + GL,"Fiza cashloan - LOS, Precheck & CORE",Story,Draft,2026-07-31,gl,0,0,CAKE_cashloan;FIZA_cashloan;MBF_cashloan,cashloan,3811
jira,PL-13843,Fiza cashloan - LOS,"Fiza cashloan - LOS, Precheck & CORE",Story,Draft,2026-07-31,api,0,0,FIZA_payday;FIZA_cashloan,cashloan,954
jira,PL-13844,Fiza cashloan - Precheck,"Fiza cashloan - LOS, Precheck & CORE",Story,Draft,2026-07-29,other,0,0,FIZA_cashloan,cashloan,528
jira,PL-13845,Fiza cashloan - SMS,"Fiza cashloan - LOS, Precheck & CORE",Story,Draft,2026-07-29,other,0,0,FIZA_cashloan,cashloan,1295
jira,PL-13846,Fiza cashloan - Contract,"Fiza cashloan - LOS, Precheck & CORE",Story,Draft,2026-07-29,other,0,0,FIZA_cashloan,cashloan,976
jira,PL-13847,Fiza cashloan - App Cake sign & management & repayment,Fiza cashloan - Mobile App & Portal,Story,Draft,2026-07-29,policy-table;ui,5,0,CAKE_cashloan;FIZA_cashloan,cashloan,13675
jira,PL-13848,Fiza cashloan - App Cake Transaction history,Fiza cashloan - Mobile App & Portal,Story,Draft,2026-07-29,policy-table-weak;ui,1,0,CAKE_cashloan;FIZA_cashloan,cashloan,3091
jira,PL-13849,Fiza cashloan - Portal cake task,Fiza cashloan - Mobile App & Portal,Story,Draft,2026-07-29,policy-table-weak,1,0,CAKE_cashloan;FIZA_cashloan,cashloan,2085
jira,PL-13850,Fiza cashloan - Onboarding source,Fiza cashloan - Mobile App & Portal,Story,Draft,2026-07-29,ui,0,0,FIZA_cashloan,cashloan,2975
jira,PL-13882,[Portal] - Implement new Internal Portal permission technique - 30/07/2026,[RBAC] - Internal portal RBAC refactor,Story,Released,2026-08-12,other,0,0,,,1576
jira,PL-13885,[PAYLATER-PAYMENT][Paylater VCC] Accept and forward Tea-settled events,Paylater VCC — LMS + ICE Integration,Story,Released,2026-09-30,gl,0,0,,paylater,3827
jira,PL-13886,[PAYLATER-PAYMENT][Paylater VCC] Validate authorization and coordinate successful ICE synchronization,Paylater VCC — LMS + ICE Integration,Story,Released,2026-09-30,gl,0,0,,paylater,4942
jira,PL-13887,[ICE][Paylater VCC] Book full Tea-forwarded settled Card transactions,Paylater VCC — LMS + ICE Integration,Story,Released,2026-09-30,gl,0,1,MWG_paylater,paylater,4754
jira,PL-13888,[PAYLATER-STATEMENT][Paylater VCC] Include complete VCC financial activity in the consolidated statement,Paylater VCC — LMS + ICE Integration,Story,Released,2026-09-03,gl,0,0,MWG_paylater,paylater,2302
jira,PL-13898,MBF_cashloan - Enhance đổi màu primary theo theme MBF luồng catalog,MBF_cashloan - Setup & Onboarding DOP,Story,Released,2026-08-17,other,0,0,MBF_cashloan,cashloan,1190
jira,PL-13940,Portal dop flow,,Story,Draft,2026-08-04,policy-table-weak;ui,2,0,,,7455
jira,PL-13946,Be_Cashloan - Đổi các product_code sang be score v2,,Story,Released,2026-09-03,ui,0,1,Be_Cashloan,cashloan,4097
jira,PL-13947,[Giải ngân liên ngân hàng] - Điều chỉnh danh sách ngân hàng nhận giải ngân,,Story,Released,2026-09-03,ui,0,0,MISA_cashloan;MWG_cl_online;MWG_payday,,3185
jira,PL-13969,[Voucher] Lending Vouchers (Giảm lãi) - Cake Cashloan,,Epic,Done,2026-09-09,ui,0,0,CAKE_cashloan,cashloan,1128
jira,PL-13986,[Voucher] Lending - List eligible vouchers,[Voucher] Lending Vouchers (Giảm lãi) - Cake Cashloan,Story,Released,2026-08-31,ui,0,0,CAKE_cashloan,cashloan,2272
jira,PL-13989,[Voucher] Lending - Apply voucher (giảm lãi),[Voucher] Lending Vouchers (Giảm lãi) - Cake Cashloan,Story,Released,2026-08-31,ui,0,1,CAKE_cashloan,cashloan,2623
jira,PL-13992,[ICE][Paylater VCC] Add new buckets,Paylater VCC — LMS + ICE Integration,Story,Released,2026-09-30,policy-table-weak;gl,1,0,,paylater,3349
jira,PL-13993,"[ICE][Paylater VCC] EOD, and Paylater account lifecycle",Paylater VCC — LMS + ICE Integration,Story,Released,2026-09-30,policy-prose,0,2,MWG_paylater,paylater,8482
jira,PL-13994,"[ICE][Paylater VCC] Apply repayment, Refund/OCT, Revert, and shared-balance restoration",Paylater VCC — LMS + ICE Integration,Story,Released,2026-09-30,gl,0,0,MWG_paylater,paylater,4981
jira,PL-13998,VDS_payday - Tổng hợp các APIs,VDS_payday - Chuyển onboarding DOP sang native,Story,Released,2026-09-03,api;ui,0,0,PD_Viettel,payday,13897
jira,PL-14010,[Testing] For Testing Purpose Only,,Story,Draft,2026-08-08,other,0,0,,,418
jira,PL-14014,VDS payday - Core & mobile,VDS_payday - Chuyển onboarding DOP sang native,Story,Released,2026-08-31,policy-table-weak,2,0,PD_Viettel,payday,1772
jira,PL-14020,DOP - Hiển thị response_id trên màn hình lỗi DOP,,Story,Draft,2026-08-19,ui,0,0,,,446
jira,PL-14024,Lending improve 2026,,Epic,Draft,2026-08-12,other,0,0,,,389
jira,PL-14025,[Techdebt] Make Lending great again and again,,Epic,Open,2026-09-14,other,0,0,,,438
jira,PL-14027,Product config tool - All payday,Lending product config tool,Story,Draft,2026-08-12,other,0,0,,payday,481
jira,PL-14028,Thanh toán hộ qua VAN QR trên website - apply VDS payday,Repayment VAN QR on website cake.vn,Story,Ready4Release,2026-09-30,policy-table-weak;gl;ui,1,0,PD_Viettel,payday,20192
jira,PL-14034,[RBAC] - Internal portal RBAC refactor,,Epic,In Progress,2026-08-17,other,0,0,,,444
jira,PL-14035,[Portal][RBAC] - Adjust internal portal menu group,[RBAC] - Internal portal RBAC refactor,Story,Released,2026-08-24,ui,0,0,,,1618
jira,PL-14036,All DOP - Improve các mã lỗi SDK eKYC gọi BE eKYC,,Story,Ready4Release,2026-09-29,gl;ui,0,0,BE_paylater;VNP_paylater;MWG_cl_online;VPO_cashloan;Be_Cashloan;MWG_cashloan;MWG_paylater;PD_Viettel;VNP_cashloan;CAKE_cl_affiliate;VNP_payday;VPO_cl_pension,,2603
jira,PL-14076,MBF_cashloan - Đổi deeplink app Cake,,Story,Released,2026-08-31,ui,0,0,MBF_cashloan;CAKE_cashloan,cashloan,1280
jira,PL-14078,Be_Cashloan Điều chỉnh UI trên luồng ký HĐ,,Story,Released,2026-09-15,ui,0,0,Be_Cashloan,cashloan,5082
jira,PL-14081,KOV_cashloan - Kiotviet Cashloan,,Initiative,In Progress,2026-09-29,policy-table;gl,5,0,KOV_cashloan,cashloan,5461
jira,PL-14086,Lending - Off flow manual review eKYC,,Story,Draft,2026-08-20,ui,0,0,,,1879
jira,PL-14087,CAKE_cashloan - Điều chỉnh Loan Amount đầu luồng ,,Story,Released,2026-08-25,api;ui,0,0,CAKE_cashloan,cashloan,5532
jira,PL-14096,"Tool to create new buckets for CC products, later for other products",,Epic,Draft,2026-08-20,gl,0,0,,,1002
jira,PL-14103,"[MAMBU][WRITE-OFF] Remove step check blacklist for write-off flow (Payday, Cashloan, OD, Paylater)","[CORE][TRACKING] Core Handling - buckets, GL & engine accounting (open items)",Story,Ready4Test,2026-09-29,other,0,0,CAKE_overdraft,cashloan;payday;paylater;od,2640
jira,PL-14106,MWG Paylater - Điều chỉnh số tiền đề nghị từ 40tr lên 60tr cho nhóm có partner_score_2 >= 3300,,Story,Released,2026-08-25,ui,0,0,MWG_paylater,paylater,3147
jira,PL-14110,Repayment VAN QR on website cake.vn,,Epic,In Progress,2026-09-29,ui,0,0,,,2409
jira,PL-14112,DOP thêm response_id cho màn hình lỗi,,Story,Released,2026-09-15,ui,0,0,,,1598
jira,PL-14121,[Risk] Support app-id in face-auth service for ZLP_cashloan+ ZLP_payday + MISA_cashloan,,Story,Released,2026-09-14,ui,0,0,MISA_cashloan;ZLP_payday;ZLP_cashloan,cashloan;payday,2924
jira,PL-14128,Portal Product config view,Lending product config tool,Story,Open,2026-09-29,policy-table,5,0,,,1899
jira,PL-14130,Portal user journey DOP,Portal user journey,Story,In Coding,2026-09-28,gl;ui,0,0,BE_paylater;VNP_paylater;MWG_cl_online;Be_Cashloan;KLP_cashloan;MWG_cashloan;MWG_paylater;VNP_cashloan;VNP_payday;BE_payday,,10100
jira,PL-14131,Portal user journey,,Epic,Draft,2026-09-03,other,0,0,,,387
jira,PL-14137,PD_Viettel - Chặn ký hợp đồng khi KH chưa có NFC,,Story,In Testing,2026-09-04,ui,0,0,PD_Viettel,payday,3181
jira,PL-14156,"[PAYLATER-PAYMENT][Paylater VCC] Add remaining transaction types with ICE category config (refund/OCT auth, reversals, advices, OCT/refund reversal, cashback, AFT reversal, account.credit)",Paylater VCC — LMS + ICE Integration,Story,Released,2026-09-30,gl,0,0,,paylater,10109
jira,PL-14164,KOV cashloan - Onboarding Process & APIs Integration,KOV_cashloan - Kiotviet Cashloan,Epic,In Progress,2026-09-15,other,0,0,KOV_cashloan,cashloan,837
jira,PL-14165,"KOV cashloan - LOS, Precheck & CORE",KOV_cashloan - Kiotviet Cashloan,Epic,In Progress,2026-09-25,policy-prose,0,2,KOV_cashloan,cashloan,1003
jira,PL-14166,KOV cashloan - Mobile App & Portal,KOV_cashloan - Kiotviet Cashloan,Epic,In Progress,2026-09-25,other,0,0,KOV_cashloan,cashloan,824
jira,PL-14193,KOV cashloan - Core disbursement + GL,"KOV cashloan - LOS, Precheck & CORE",Story,Ready4Release,2026-09-29,policy-table;gl,5,0,KOV_cashloan,cashloan,3162
jira,PL-14194,KOV cashloan - Core repayment + GL,"KOV cashloan - LOS, Precheck & CORE",Story,Ready4Release,2026-09-29,gl,0,1,KOV_cashloan,cashloan,3818
jira,PL-14195,KOV cashloan - LOS,"KOV cashloan - LOS, Precheck & CORE",Story,Released,2026-09-22,api;ui,0,0,KOV_cashloan,cashloan,1729
jira,PL-14196,KOV cashloan - Precheck,"KOV cashloan - LOS, Precheck & CORE",Story,Ready4Release,2026-09-29,policy-table-weak;gl;ui,1,0,KOV_cashloan,cashloan,7430
jira,PL-14197,KOV cashloan - SMS,"KOV cashloan - LOS, Precheck & CORE",Story,Ready4Release,2026-09-25,other,0,0,KOV_cashloan,cashloan,1676
jira,PL-14198,KOV cashloan - Contract,"KOV cashloan - LOS, Precheck & CORE",Story,Ready4Release,2026-09-25,policy-table;ui,5,0,KOV_cashloan,cashloan,3323
jira,PL-14199,KOV cashloan - App Cake sign & management & repayment,KOV cashloan - Mobile App & Portal,Story,Ready4Release,2026-09-29,policy-table;ui,5,1,CAKE_cashloan;KOV_cashloan,cashloan,14391
jira,PL-14200,KOV cashloan - App Cake Transaction history,KOV cashloan - Mobile App & Portal,Story,Ready4Release,2026-09-29,policy-table;ui,3,0,CAKE_cashloan;KOV_cashloan,cashloan,4083
jira,PL-14201,KOV cashloan - Portal cake task,KOV cashloan - Mobile App & Portal,Story,Ready4Release,2026-09-29,policy-table-weak,1,0,CAKE_cashloan;KOV_cashloan,cashloan,2656
jira,PL-14202,KOV cashloan - Onboarding source,KOV cashloan - Mobile App & Portal,Story,Ready4Release,2026-09-29,ui,0,0,FIZA_payday;KOV_cashloan,cashloan,3833
jira,PL-14207,VDS payday - Onboarding source,VDS_payday - Chuyển onboarding DOP sang native,Story,Ready4Release,2026-09-25,ui,0,0,PD_Viettel,payday,3734
jira,PL-14209,KOV cashloan - Tổng hợp các APIs,KOV cashloan - Onboarding Process & APIs Integration,Story,Ready4Release,2026-09-29,policy-table;api;gl;ui,5,0,KOV_cashloan,cashloan,29995
jira,PL-14214,KOV cashloan - Tổng hợp giao diện App Cake & Portal,KOV cashloan - Mobile App & Portal,Story,Ready4Release,2026-09-29,policy-table;ui,3,0,CAKE_cashloan;KOV_cashloan,cashloan,2608
jira,PL-14264,VNP_cashloan Điều chỉnh lãi suất cho vay,,Story,Released,2026-09-15,other,0,0,VNP_cashloan,cashloan,1166
jira,PL-14270,VDS payday native enhance phase 2,VDS_payday - Chuyển onboarding DOP sang native,Story,Draft,2026-09-25,api,0,0,PD_Viettel,payday,5535
jira,PL-14276,CAKE_cashoan - Điều chỉnh Product Code cho các Segment đầu luồng ,,Story,Ready4Release,2026-09-29,policy-table-weak;ui,2,0,CAKE_cashloan,,7515
jira,PL-14278,VNPOST Thanh toán nợ tại quầy Bưu điện VNPOST,,Story,In Coding,2026-09-30,gl;ui,0,0,VPO_cashloan;VPO_cl_pension,,10370
jira,PL-14279,ZLP_payday - Enrich reject group trả cho Zalopay,,Story,Ready4Release,2026-09-29,ui,0,0,ZLP_payday,payday,4649
jira,PL-14281,"[BE-PL] Remove toggle \""Dùng làm nguồn tiền mặc định\""","[CORE][TRACKING] Core Handling - buckets, GL & engine accounting (open items)",Story,Ready4Test,2026-09-29,ui,0,0,BE_paylater,paylater,872
jira,PL-14293,LCP_paylater - Long Châu Paylater,,Initiative,In Progress,2026-09-29,ui,0,0,LCP_paylater,paylater,784
jira,PL-14296,PD_Viettel - Revert Chặn ký hợp đồng khi KH chưa có NFC,,Story,Released,2026-09-08,ui,0,0,PD_Viettel,payday,1545
jira,PL-14298,[Transaction Banking] Xuất xác nhận dữ liệu khoản vay cho KH trên app,,Epic,Draft,2026-09-25,ui,0,0,,,2587
jira,PL-14325,"[CORE][TRACKING] Core Handling - buckets, GL & engine accounting (open items)",,Epic,Draft,2026-09-07,gl,0,0,,,4657
jira,PL-14326,MWG_paylater - Terminate ví và điều chỉnh LSGD,Paylater VCC — LMS + ICE Integration,Story,Open,2026-09-28,ui,0,0,MWG_paylater,paylater,1462
jira,PL-14337,[Transaction Banking] Tạo yêu cầu trên app Cake,[Transaction Banking] Xuất xác nhận dữ liệu khoản vay cho KH trên app,Story,Open,2026-09-25,policy-table-weak;ui,1,0,,,8495
jira,PL-14338,[Transaction Banking] Xử lý sau khi submit,[Transaction Banking] Xuất xác nhận dữ liệu khoản vay cho KH trên app,Story,Open,2026-09-25,gl,0,0,CAKE_overdraft_TD;VDS_paylater;BE_paylater;VNP_paylater;MWG_cl_online;VPO_cashloan;VT_Cashloan_S;Be_Cashloan;CAKE_cashloan;MWG_cashloan;MWG_paylater;PD_Viettel;VNP_cashloan;ZLP_cashloan;CAKE_payday;CAKE_cl_affiliate;VPO_cl_pension,,7644
jira,PL-14340,Cake app add banner upsell Cake cashloan,,Story,In Coding,2026-09-30,policy-prose;ui,0,2,CAKE_cashloan;CAKE_payday,cashloan,21985
jira,PL-14342,LCP_paylater - User flow,LCP_paylater - Long Châu Paylater,Epic,In Progress,2026-09-29,other,0,0,LCP_paylater,paylater,486
jira,PL-14343,LCP_paylater - system flow,LCP_paylater - Long Châu Paylater,Epic,In Progress,2026-09-29,other,0,0,LCP_paylater,paylater,501
jira,PL-14344,LCP_paylater - API generate-webview/onboarding & onboarding & callback status,LCP_paylater - User flow,Story,Ready4Test,2026-09-29,policy-table;api;ui,6,0,BE_paylater;LCP_paylater,paylater,12519
jira,PL-14360,[Lending] - Bundle offer,,Epic,Open,2026-09-14,ui,0,0,,,703
jira,PL-14361,[LMS] - Cơ chế show bundle offer thời điểm giải ngân,[Lending] - Bundle offer,Story,Draft,2026-09-10,ui,0,0,,,4556
jira,PL-14370,LCP_paylater - API get-loan-detail,LCP_paylater - User flow,Story,Ready4Test,2026-09-29,policy-table;api,3,0,LCP_paylater,paylater,5333
jira,PL-14372,LCP_paylater - API generate-webview/loan-detail & loan detail,LCP_paylater - User flow,Story,Ready4Test,2026-09-29,policy-table-weak;api;ui,1,0,LCP_paylater,paylater,7365
jira,PL-14378,LCP_paylater - Core disbursement + GL,LCP_paylater - system flow,Story,In Coding,2026-09-29,policy-table;gl,7,0,LCP_paylater,paylater,6323
jira,PL-14380,LCP_paylater - Core repayment + GL,LCP_paylater - system flow,Story,In Coding,2026-09-29,policy-table;gl,3,0,LCP_paylater,paylater,9057
jira,PL-14399,LCP_paylater - Contract & SMS,LCP_paylater - system flow,Story,Open,2026-09-29,other,0,0,LCP_paylater,paylater,1656
jira,PL-14401,LCP_paylater - Portal,LCP_paylater - system flow,Story,Open,2026-09-29,policy-table-weak;ui,1,0,LCP_paylater,paylater,4358
jira,PL-14403,LCP_paylater - App cake for paylater,LCP_paylater - system flow,Story,Open,2026-09-29,policy-table;ui,4,0,LCP_paylater,paylater,15297
jira,PL-14433,LCP_paylater - Web Spending for paylater,LCP_paylater - User flow,Story,In Coding,2026-09-29,policy-table-weak;api;gl;ui,1,0,LCP_paylater,paylater,18793
jira,PL-14436,LCP_paylater - Web Installment for Paylater,LCP_paylater - User flow,Story,Open,2026-09-29,policy-table;policy-prose;ui,3,2,LCP_paylater,paylater,6357
jira,PL-14454,[MWG PD] - Điều chỉnh request amount nhóm KH New,,Story,Ready4Release,2026-09-29,other,0,0,MWG_payday,payday,1067
jira,PL-14460,[ICE] Handle cash withdraw transaction from VISA,Paylater VCC — LMS + ICE Integration,Story,Ready4Test,2026-09-29,gl,0,0,,paylater,1376
jira,PL-14491,VPO_cl_pension - Điều chỉnh lãi suất sản phẩm vay An Vui,,Story,Open,2026-09-16,other,0,0,VPO_cl_pension;VPO_cashloan,cashloan,1101
jira,PL-14518,Trigger repayment when an adjustment increases over_paid absolute value,"[CORE][TRACKING] Core Handling - buckets, GL & engine accounting (open items)",Story,Draft,2026-09-21,gl,0,0,,,1987
jira,PL-14546,[ICE] - Generic Cake-task,,Epic,Open,2026-09-18,other,0,0,,,456
jira,PL-14549,[Lending] - ICE PORTAL,,Epic,Draft,2026-09-21,other,0,0,,,393
jira,PL-14551,[ICE][PORTAL] - Loan Account Listing,ICE PORTAL LENDING,Story,In Testing,2026-09-28,policy-table-weak;gl;ui,2,0,CAKE_cashloan;MWG_payday;CAKE_payday,,3570
jira,PL-14555,[Portal][CakeTask] - Enhance feature for Paylater,"[CORE][TRACKING] Core Handling - buckets, GL & engine accounting (open items)",Story,Released,2026-09-30,gl;ui,0,0,,paylater,1161
jira,PL-14558,[DOP+Native] Auto reject eKYC,,Story,Open,2026-09-29,ui,0,0,MISA_cashloan;VDS_paylater;BE_paylater;VNP_paylater;MWG_cl_online;ZLP_payday;VPO_cashloan;VT_Cashloan_S;VT_Payday_S;Be_Cashloan;KLP_cashloan;MWG_cashloan;MWG_payday;MWG_paylater;PD_Viettel;VNP_cashloan;Viettel_Cashloan;ZLP_cashloan;CAKE_cl_affiliate;VNP_payday;BE_payday;VPO_cl_pension,,2813
jira,PL-14563,Enable OTel distributed tracing and Prometheus exemplars for cake-dop,[Techdebt] Make Lending great again and again,Story,Draft,2026-09-22,other,0,0,,,2030
jira,PL-14566,[dop-engine] Domain-Agnostic Platform — decouple action registry from lending domain,[Techdebt] Make Lending great again and again,Story,Draft,2026-09-22,ui,0,0,,,1728
jira,PL-14568,Enable OTel distributed tracing and Prometheus exemplars for product-catalog,[Techdebt] Make Lending great again and again,Story,Draft,2026-09-22,ui,0,0,,,1841
jira,PL-14574,ICE PORTAL LENDING,,Epic,Draft,2026-09-23,other,0,0,,,385
jira,PL-14587,[ICE][PORTAL] — Account Link - Listing + Detail,ICE PORTAL LENDING,Story,Open,2026-09-29,policy-table-weak;gl,2,0,,,6465
jira,PL-14604,MWG_paylater - Luồng xử lý đóng ví,Paylater VCC — LMS + ICE Integration,Story,Draft,2026-09-25,policy-prose,0,2,MWG_paylater,paylater,1767
jira,PL-14615,DOP - Sử dụng model eKYC google thay cho ekyc inhouse,,Story,Open,2026-09-28,other,0,0,,,900
jira,PL-14631,[WRITE-OFF] Remove PERM_LOCKED status check for OD write-off flow,,Story,Ready4Test,2026-09-29,other,0,0,CAKE_overdraft,od,1519
jira,PL-4583,[Lending][Ops] - Operation task by request - SH 2024 (Logs),[Lending][Ops] - Lending Operations,Epic,Done,2025-01-22,other,0,0,,,597
jira,PL-4587,[CAK-CL][CORE] - Create account + Disbursement,[CAK-CL][CORE] - Core setup for the Cake Cashloan,Story,Released,2024-06-26,other,0,0,CAKE_cashloan,cashloan,1126
jira,PL-4589,[CAK-CL][CORE] - Repayment,[CAK-CL][CORE] - Core setup for the Cake Cashloan,Story,Released,2024-06-26,other,0,0,CAKE_cashloan,cashloan,953
jira,PL-4592,[CAK-CL][CORE] - Report,[CAK-CL][CORE] - Core setup for the Cake Cashloan,Story,Released,2024-06-26,other,0,0,CAKE_cashloan,cashloan,896
jira,PL-4594,[Lending][OD] - Enhance logic ghi nhận giá trị post lãi của Mambu,,Story,Released,2024-07-02,other,0,0,CAKE_overdraft,od,1212
jira,PL-4596,[NGS-CL] - Additional SMS notification on NGS CL & BeCashloan,"[NGS-CL] - Internal API, LMS, Core process for NGS Cashloan",Story,Released,2024-06-26,gl,0,0,NGS_cashloan,cashloan,2383
jira,PL-4598,[Lending][CR] Thay đổi thứ tự thanh toán write off Payday,[Lending][Ops] - [Portal] Write-off mechanism,Story,Released,2024-07-19,other,0,0,VT_Payday_S,payday,1722
jira,PL-4611,[VDS-TL] - Additional new CR to Landingpage Cashloan June - 2024,[Lending][Viettel] - Cashloan M (DOP),Epic,Done,2024-07-03,other,0,0,VDS_cashloan_LP,cashloan,627
jira,PL-4612,"[VDS-TL] - Adjust UI and create new path link - 08:30, 07/06/2024",[VDS-TL] - Additional new CR to Landingpage Cashloan June - 2024,Story,Released,2024-06-26,ui,0,0,VDS_cashloan_LP,cashloan,1480
jira,PL-4613,[Lending][Portal] - LOS Script Portal,,Epic,Done,2024-10-08,other,0,0,,,460
jira,PL-4615,[BEG-PL][API] - Adjust Esign contract template,"[BEG-PL] - Internal API, LMS, Core process for BePaylater",Story,Released,2024-06-26,policy-table-weak;ui,2,0,BE_paylater,paylater,4055
jira,PL-4621,[Lending][Viettel Landing Page] - Add Recaptcha checkbox,[VDS-TL] - Additional new CR to Landingpage Cashloan June - 2024,Story,Released,2024-06-26,ui,0,0,VDS_cashloan_LP,cashloan,1492
jira,PL-4629,"DE Model (BeCake, Selfie)",,Epic,Done,2024-10-02,other,0,0,,,436
jira,PL-4641,[Lending][VNP-PL] - [API] API Integration,[VNP-PL] - Vnpay Paylater Product,Epic,Done,2024-10-04,ui,0,0,VNP_paylater,paylater,2177
jira,PL-4642,[Lending][VNP-PL] - [PORTAL] - [MOBILE APP] Portal & Cake app for VNP Paylater,[VNP-PL] - Vnpay Paylater Product,Epic,Done,2024-09-11,ui,0,0,VNP_paylater,paylater,2237
jira,PL-4662,[CAK-PL][Portal] - Lock/unlock Paylater from KYC detail screen,[CAK-PL][OPS] - Lock Portal for Paylater,Story,Released,2025-06-10,ui,0,0,VDS_paylater;BE_paylater;VNP_paylater;FPT_paylater;MWG_paylater,paylater,12051
jira,PL-4681,[CAK-LMS] - Adjust required field when push profile to LMS,[Lending][Ops] - Operation task by request - SH 2024 (Logs),Story,Released,2024-07-02,other,0,0,,,1092
jira,PL-4684,[CAK-CORE][PL] - Phase 2 - Interest handling,[Paylater] - Interest handling,Epic,Done,2024-07-19,other,0,0,,paylater,608
jira,PL-4685,[Lending][Paylater] - Disbursements,[CAK-CORE][PL] - Phase 2 - Interest handling,Story,Released,2024-07-15,gl,0,0,,paylater,4589
jira,PL-4687,[Paylater] - Interest handling,,Initiative,Done,2024-08-28,other,0,0,,paylater,485
jira,PL-4688,[Lending][Paylater] - Update app details for interest calculation,[CAK-CORE][PL] - Phase 2 - Interest handling,Story,Released,2024-07-15,ui,0,0,,paylater,2835
jira,PL-4690,[Lending][Paylater] - Sync update to Mambu,[CAK-CORE][PL] - Phase 2 - Interest handling,Story,Released,2024-07-15,gl,0,0,,paylater,1136
jira,PL-4692,[Lending][Paylater] - Update accrual report template,[CAK-CORE][PL] - Phase 2 - Interest handling,Story,Released,2024-07-15,other,0,0,,paylater,629
jira,PL-4694,[Lending][Paylater] - Migration to new model,[CAK-CORE][PL] - Phase 2 - Interest handling,Story,Released,2024-07-19,other,0,0,,paylater,613
jira,PL-4698,[NGS-CL] - CR Jun2024 Enhance NGS Cashloan,,Epic,Done,2024-07-31,other,0,0,NGS_cashloan,cashloan,470
jira,PL-4699,[NGS-CL][DOP] - Data create-token validation,"[CAK-DOP] - DOP Enhancement June2024 - NGS CL, BE CL, BE PL",Story,Released,2024-07-30,policy-table-weak;api,2,0,NGS_cashloan,cashloan;paylater,4813
jira,PL-4723,[Lending][Paylater] - Update Statement calculation,[CAK-CORE][PL] - Phase 2 - Interest handling,Story,Released,2024-07-15,other,0,0,,paylater,1611
jira,PL-4732,[CAK-DOP] - DOP Generic,,Epic,Done,2024-10-30,gl;ui,0,0,,,1087
jira,PL-4744,[CAK-CL][APP] - Create deeplink trigger to Cake Cashloan Onboarding,[CAKE-CL] - Onboarding Cashloan on Cake app,Story,Released,2024-07-02,ui,0,0,CAKE_cashloan,cashloan,2124
jira,PL-4746,[CAK-DOP] - Recaptcha checkbox apply to Lending DOP,,Epic,Done,2024-07-29,other,0,0,,,488
jira,PL-4761,[Lending][Paylater] - Repayments/ Reverts,[CAK-CORE][PL] - Phase 2 - Interest handling,Story,Released,2024-07-15,gl,0,0,,paylater,1518
jira,PL-4762,[Lending][Paylater] - DPD & Lock mechanism,[CAK-CORE][PL] - Phase 2 - Interest handling,Story,Released,2024-07-15,other,0,0,,paylater,1815
jira,PL-4763,[Lending][Paylater] - Maturity,[CAK-CORE][PL] - Phase 2 - Interest handling,Story,Released,2024-07-15,other,0,0,,paylater,1910
jira,PL-4765,[Lending][Paylater] - End of day process,[CAK-CORE][PL] - Phase 2 - Interest handling,Story,Released,2024-07-15,other,0,0,,paylater,2075
jira,PL-4766,[VDS][Lending] - Điều chỉnh logic ghi nhận tiền trong Prepayment,,Story,Released,2024-07-15,other,0,0,,,1018
jira,PL-4768,[Lending][Write-off] - Điều chỉnh date format + thêm cột approved_date,[Lending][Ops] - [Portal] Write-off mechanism,Story,Released,2024-07-03,other,0,0,,,1366
jira,PL-4771,[Lending][OD-TD] - Logic luồng PreApproved TD,,Story,Released,2024-07-05,other,0,0,CAKE_overdraft_TD,od,878
jira,PL-4792,[CAK-CL] - Improve Cake Cashloan Onboarding journey - After golive,,Epic,Done,2024-08-28,other,0,0,CAKE_cashloan,cashloan,518
jira,PL-4793,[CAK-CL] - Config default checkbox with insurance,[CAK-CL] - Improve Cake Cashloan Onboarding journey - After golive,Story,Released,2024-07-15,ui,0,0,CAKE_cashloan,cashloan,935
jira,PL-4794,[CAK-CL] - Adjust default tenor & display information,[CAK-CL] - Improve Cake Cashloan Onboarding journey - After golive,Story,Released,2024-07-15,ui,0,0,CAKE_cashloan,cashloan,1244
jira,PL-4801,[CAK-CL] - Remove notice on insurance uncheck,[CAK-CL] - Improve Cake Cashloan Onboarding journey - After golive,Story,Released,2024-07-02,ui,0,0,CAKE_cashloan,cashloan,911
jira,PL-4803,[CAK-CL] - Adjust message when customer NID is invalid,[CAK-CL] - Improve Cake Cashloan Onboarding journey - After golive,Story,Released,2024-07-15,ui,0,0,CAKE_cashloan,cashloan,1206
jira,PL-4805,"[CAK-CL] - Enhance rule, reject app when phone number is blocklist",[CAK-CL] - Improve Cake Cashloan Onboarding journey - After golive,Story,Released,2024-07-15,other,0,0,CAKE_cashloan,cashloan,1629
jira,PL-4806,[CAK-CL] - Adjust default tick at eSign screen,[CAK-CL] - Improve Cake Cashloan Onboarding journey - After golive,Story,Released,2024-07-15,ui,0,0,CAKE_cashloan,cashloan,875
jira,PL-4807,[CAK-CL] - Adjust field validation at loan simulation,[CAK-CL] - Improve Cake Cashloan Onboarding journey - After golive,Story,Released,2024-07-15,ui,0,0,CAKE_cashloan,cashloan,1558
jira,PL-4821,[NGS-CL][DOP] - Addition auto reload on screen LOS_REVIEWING,"[CAK-DOP] - DOP Enhancement June2024 - NGS CL, BE CL, BE PL",Story,Released,2024-07-30,gl;ui,0,0,NGS_cashloan,cashloan;paylater,2618
jira,PL-4823,"[CAK-DOP] - DOP Enhancement June2024 - NGS CL, BE CL, BE PL",,Epic,Done,2025-02-06,other,0,0,Be_Cashloan;BE_paylater;NGS_cashloan,cashloan;paylater,504
jira,PL-4824,"[NGS-CL][DOP] - Remove landing page and Direct button \""Về trang chủ\""","[CAK-DOP] - DOP Enhancement June2024 - NGS CL, BE CL, BE PL",Story,Released,2024-07-30,gl;ui,0,0,VDS_cashloan_LP,cashloan;paylater,2663
jira,PL-4830,[Lending] - Tuân thủ TT17 & TT18 (Bio infor),"[Lending] Adapt to Circular 17, 18",Epic,Done,2024-10-02,ui,0,0,CAKE_overdraft_TD;VDS_paylater;BE_paylater;VNP_paylater;NGS_cashloan;VT_Cashloan_S;VT_Payday_S;FPT_paylater;Be_Cashloan;CAKE_cashloan;MWG_cashloan;MWG_paylater;PD_Viettel;VDS_bikeloan;VNP_cashloan;Viettel_Cashloan;CAKE_payday,,10453
jira,PL-4831,Adjust BE PL - Reload Screen,,Epic,Done,2024-10-08,ui,0,0,BE_paylater,paylater,558
jira,PL-4844,[CAK-CL] - Add insurance information,[CAK-CL] - Improve Cake Cashloan Onboarding journey - After golive,Story,Released,2024-07-15,ui,0,0,CAKE_cashloan,cashloan,1094
jira,PL-4847,[Lending][Paylater] - Termination,[CAK-CORE][PL] - Phase 2 - Interest handling,Story,Released,2024-07-30,gl,0,0,,paylater,1452
jira,PL-4855,[CAK-CL] - Bổ sung quy trình chấm điểm telco từ đối tác Datanest,[CAK-CL] - Improve Cake Cashloan Onboarding journey - After golive,Story,Released,2024-08-06,gl;ui,0,0,CAKE_cashloan,cashloan,4349
jira,PL-4876,[VDS-ALL] - Điều chỉnh ngưỡng Fraud Score,,Story,Released,2024-07-05,other,0,0,Viettel_Cashloan,,2035
jira,PL-4878,[DOP] - Update OPES insurance web link for all DOP product,"[CAK-DOP] - DOP Enhancement June2024 - NGS CL, BE CL, BE PL",Story,Released,2024-07-05,ui,0,0,NGS_cashloan;Be_Cashloan;BE_paylater,cashloan;paylater,1659
jira,PL-4880,[BEG-PL] - Block the DR-TOPUP service payment with bePaylater,"[CAK-DOP] - DOP Enhancement June2024 - NGS CL, BE CL, BE PL",Story,Released,2024-07-11,ui,0,0,BE_paylater,cashloan;paylater,2003
jira,PL-4882,[CAK-CL] - Update OPES T&C link,[CAK-CL] - Improve Cake Cashloan Onboarding journey - After golive,Story,Released,2024-07-05,ui,0,0,CAKE_cashloan,cashloan,935
jira,PL-4887,[OD] - Autoclose theo job các tài khoản đã bị PERM_LOCK và đã thanh toán hết nợ,[CAK-OD] - Autoclose các tài khoản PERM_LOCK đã thanh toán hết nợ,Story,Released,2024-08-02,other,0,0,CAKE_overdraft,od,1384
jira,PL-4889,[CAK-OD] - Autoclose các tài khoản PERM_LOCK đã thanh toán hết nợ,,Epic,Done,2024-08-14,other,0,0,CAKE_overdraft,od,527
jira,PL-4890,[OD] - Autoclose các tài khoản đã bị PERM_LOCK sau khi thanh toán hết nợ,[CAK-OD] - Autoclose các tài khoản PERM_LOCK đã thanh toán hết nợ,Story,Released,2024-08-02,other,0,0,CAKE_overdraft,od,2264
jira,PL-4903,[VDS][Landing page] - Update link OPES T&C on Viettel Landing page,,Story,Released,2024-07-04,ui,0,0,,,1111
jira,PL-4917,[VDS-ALL] - Response code mapping about Face dedup,"[CAK-DOP] - DOP Enhancement June2024 - NGS CL, BE CL, BE PL",Story,Released,2024-07-11,other,0,0,VT_Cashloan_S;VT_Payday_S;Viettel_Cashloan;VDS_paylater;Be_Cashloan;BE_paylater;NGS_cashloan,cashloan;paylater,2527
jira,PL-4920,[NGS-CL][API] - API Get Status,"[CAK-DOP] - DOP Enhancement June2024 - NGS CL, BE CL, BE PL",Story,Released,2024-08-26,api,0,0,NGS_cashloan,cashloan;paylater,4285
jira,PL-4921,[NGS-CL][DOP] - Điều chỉnh đặc điểm sản phẩm,"[CAK-DOP] - DOP Enhancement June2024 - NGS CL, BE CL, BE PL",Story,Released,2024-07-30,policy-table,9,0,NGS_cashloan,cashloan;paylater,3597
jira,PL-4928,"[Lending][Write-off] Enhance max rows, null metadata handling",[Lending][Ops] - [Portal] Write-off mechanism,Story,Released,2024-07-15,other,0,0,,,1359
jira,PL-4936,[NGS-CL] - Tách mã lỗi 100030 bị trùng,,Story,Released,2024-07-05,ui,0,0,NGS_cashloan,cashloan,1353
jira,PL-4940,[VNP-PL] - Vnpay Paylater Product,,Initiative,Done,2024-10-09,other,0,0,VNP_paylater,paylater,488
jira,PL-4941,[VNP-PL][API][DOP] - Create the DOP API to partner,[Lending][VNP-PL] - [API] API Integration,Story,Released,2024-09-09,api;ui,0,0,VNP_paylater,paylater,5550
jira,PL-4942,[VNP-PL][API] - Callback update status to VNP,[Lending][VNP-PL] - [API] API Integration,Story,Released,2024-09-06,api;ui,0,0,VNP_paylater,paylater,5534
jira,PL-4943,[VNP-PL][API] - Loan register API to DOP,[Lending][VNP-PL] - [API] API Integration,Story,Released,2024-09-09,api;ui,0,0,NGS_cashloan;VNP_paylater,paylater,4657
jira,PL-4944,[VNP-PL][API] - Get Esign & Cancel Esign,[Lending][VNP-PL] - [API] API Integration,Story,Released,2024-09-09,api,0,0,VNP_paylater,paylater,1819
jira,PL-4945,[VNP-PL][API] - Get OTP & Verify OTP,[Lending][VNP-PL] - [API] API Integration,Story,Released,2024-09-09,api,0,0,VNP_paylater,paylater,3329
jira,PL-4946,[VNP-PL][API] - Repayment request,[Lending][VNP-PL] - [API] API Integration,Story,Released,2024-09-09,api;ui,0,0,VNP_paylater,paylater,3678
jira,PL-4947,[VNP-PL][API] - Loan information,[Lending][VNP-PL] - [API] API Integration,Story,Released,2024-09-09,policy-table;api;ui,3,0,VNP_paylater,paylater,7190
jira,PL-4948,[VNP-PL][API] - Services payment update & revert,[Lending][VNP-PL] - [API] API Integration,Story,Released,2024-09-09,api;ui,0,0,VNP_paylater,paylater,7457
jira,PL-4950,[VNP-PL][API] - Terminate facematch,[Lending][VNP-PL] - [API] API Integration,Story,Released,2024-09-06,api,0,0,VNP_paylater,paylater,2952
jira,PL-4951,[VNP-PL][API] - Terminate payment,[Lending][VNP-PL] - [API] API Integration,Story,Released,2024-09-06,api;ui,0,0,VNP_paylater,paylater,3375
jira,PL-4952,[VNP-PL][API] - Services payment process,[Lending][VNP-PL] - [API] API Integration,Story,Released,2024-09-09,api;ui,0,0,VNP_paylater,paylater,10008
jira,PL-4954,[VNP-PL][API] - VNP API payment status,[Lending][VNP-PL] - [API] API Integration,Story,Released,2024-09-09,api;ui,0,0,VNP_paylater,paylater,5432
jira,PL-4955,[VNP-PL][API] - Create eSign contract,[Lending][VNP-PL] - [API] API Integration,Story,Released,2024-09-09,ui,0,0,VNP_paylater,paylater,2954
jira,PL-4957,[VNP-PL][API] - Pre-check information,[Lending][VNP-PL] - [API] API Integration,Story,Released,2024-09-06,policy-table-weak;ui,1,0,VNP_paylater,paylater,6235
jira,PL-4963,[VNP-PL][Portal] - Config display image in the Image center,[Lending][VNP-PL] - [PORTAL] - [MOBILE APP] Portal & Cake app for VNP Paylater,Story,Released,2024-09-06,ui,0,0,VNP_paylater,paylater,1226
jira,PL-4964,[VNP-PL][Portal] - Config recording eKYC log in the Profile detail,[Lending][VNP-PL] - [PORTAL] - [MOBILE APP] Portal & Cake app for VNP Paylater,Story,Released,2024-09-06,ui,0,0,VNP_paylater,paylater,1212
jira,PL-4966,[Lending][VDS] - Define 2 mã lỗi 180101 và 180201,,Story,Released,2024-10-02,other,0,0,VT_Cashloan_S;VT_Payday_S;FPT_paylater,,1791
jira,PL-4994,[VDS-PL][API] - Add new servcie,,Story,Released,2024-08-12,other,0,0,VDS_paylater,paylater,883
jira,PL-4995,[VDS-ALL] - Adjust request_id process technique,"[CAK-DOP] - DOP Enhancement June2024 - NGS CL, BE CL, BE PL",Story,Released,2024-07-11,ui,0,0,Viettel_Cashloan;VDS_paylater;Be_Cashloan;BE_paylater;NGS_cashloan,cashloan;paylater,1211
jira,PL-5003,[Lending][CAK] - Điều chỉnh thứ tự sản phẩm trên màn hình loan listing,[CAK-CL] - Improve Cake Cashloan Onboarding journey - After golive,Story,Released,2024-08-13,ui,0,0,CAKE_cashloan,cashloan,1018
jira,PL-5011,[VNP-PL][DOP] - NTB Onboarding Process,[Lending][VNP-PL] - [API] API Integration,Story,Released,2024-09-09,policy-table;ui,4,0,VNP_paylater,paylater,13712
jira,PL-5015,[CAK-CL] - Create new deeplink for CL on Cake Home Screen,[CAK-CL] - Improve Cake Cashloan Onboarding journey - After golive,Story,Released,2024-08-13,ui,0,0,CAKE_cashloan,cashloan,1415
jira,PL-5022,[VNP-PL][API] - Terminate request,[Lending][VNP-PL] - [API] API Integration,Story,Released,2024-09-06,api,0,0,VNP_paylater,paylater,2882
jira,PL-5032,[VNP-PL][APP] - Loan listing,[Lending][VNP-PL] - [PORTAL] - [MOBILE APP] Portal & Cake app for VNP Paylater,Story,Released,2024-09-09,policy-table-weak;ui,1,0,VNP_paylater,paylater,3687
jira,PL-5038,[VNP-PL][APP] - Loan detail & repayment information,[Lending][VNP-PL] - [PORTAL] - [MOBILE APP] Portal & Cake app for VNP Paylater,Story,Released,2024-09-09,policy-table-weak;ui,2,0,VNP_paylater,paylater,11775
jira,PL-5041,[VNP-PL][APP] - Terminate contract,[Lending][VNP-PL] - [PORTAL] - [MOBILE APP] Portal & Cake app for VNP Paylater,Story,Released,2024-09-06,policy-table;ui,4,0,VNP_paylater,paylater,5427
jira,PL-5044,[VNP-PL][APP] - Repayment and Transaction history,[Lending][VNP-PL] - [PORTAL] - [MOBILE APP] Portal & Cake app for VNP Paylater,Story,Released,2024-09-09,policy-table;ui,3,0,VNP_paylater,paylater,4460
jira,PL-5052,[VNP-PL][DOP] - ETB Onboarding Process,[Lending][VNP-PL] - [API] API Integration,Story,Released,2024-09-09,policy-table;ui,4,0,VNP_paylater,paylater,12625
jira,PL-5054,[VNP-PL][API] - Create API allow DOP to get status on LMS,[Lending][VNP-PL] - [API] API Integration,Story,Released,2024-09-09,api;ui,0,0,VNP_paylater,paylater,3707
jira,PL-5067,[VNP-PL][API] - Create API allow VNP to get transaction history,[Lending][VNP-PL] - [API] API Integration,Story,Released,2024-09-06,api;ui,0,0,VNP_paylater,paylater,5464
jira,PL-5069,[VNP-PL][API] - Create API allow VNP to get statement,[Lending][VNP-PL] - [API] API Integration,Story,Released,2024-09-09,api;ui,0,0,VNP_paylater,paylater,4671
jira,PL-5086,[CAK-LOS] - Deploy script via Service Desk,,Epic,Done,2024-08-28,other,0,0,,,1616
jira,PL-5090,[VNP-PL][API][DOP] - NTB Onboarding source,[Lending][VNP-PL] - [API] API Integration,Story,Released,2024-09-09,other,0,0,VNP_paylater,paylater,837
jira,PL-5094,[CAK-EC] - Update E-contract template,,Epic,Done,2024-08-28,other,0,0,,,460
jira,PL-5118,[OPS][VDS-PD] - [Portal] Sync loan status when action on Portal,,Story,Released,2025-03-31,ui,0,0,PD_Viettel,payday,2002
jira,PL-5173,[CAK-CORE][WO] - Write-off OD,,Epic,On-hold,2026-06-20,other,0,0,CAKE_overdraft,od,447
jira,PL-5174,"[CAK-CORE][PL] - CR Revert, LateFee + Monthly Fee ",[Core][Paylater] - CR for fee/ statements,Epic,Done,2025-05-23,other,0,0,,paylater,583
jira,PL-5175,[CAK-CORE][PL] - Add bucket for ATM withdrawal,,Epic,Done,2025-12-22,other,0,0,,paylater,437
jira,PL-5176,[CAK-CORE] - Check blacklist Mambu,,Epic,Done,2025-07-01,other,0,0,,,783
jira,PL-5177,[CAK-CORE] - GL record,,Epic,Done,2025-07-01,gl,0,0,,,688
jira,PL-5182,[VDS-CL] - Update template contract,[CAK-EC] - Update E-contract template,Story,Released,2024-08-13,other,0,0,Viettel_Cashloan,cashloan,880
jira,PL-5183,[VDS-PD] - Update contract template,[CAK-EC] - Update E-contract template,Story,Released,2024-08-13,other,0,0,PD_Viettel,payday,909
jira,PL-5184,[BE-CL] - Update contract template,[CAK-EC] - Update E-contract template,Story,Released,2024-08-13,other,0,0,Be_Cashloan,cashloan,872
jira,PL-5185,[Payroll-PD] - Update contract template,[CAK-EC] - Update E-contract template,Story,Released,2024-08-13,other,0,0,VT_Payday_S,payday,1175
jira,PL-5186,[Payroll-CL] - Update contract template,[CAK-EC] - Update E-contract template,Story,Released,2024-08-13,other,0,0,VT_Cashloan_S,cashloan,891
jira,PL-5187,[OD] - Update contract template,[CAK-EC] - Update E-contract template,Story,Released,2024-08-13,other,0,0,CAKE_overdraft,od,843
jira,PL-5190,[Paylater] - Update COB cho riêng sản phẩm Paylater,[CAK-CORE][PL] COB + Statement enhancement,Story,Released,2024-07-31,other,0,0,,paylater,1414
jira,PL-5195,[Cashloan] Cải thiện thời gian chạy báo cáo daily,,Story,Released,2024-08-13,ui,0,0,,cashloan,1345
jira,PL-5203,[CAK-CORE][PL] COB + Statement enhancement,[Core][Paylater] - CR for fee/ statements,Epic,Done,2025-07-31,other,0,0,,paylater,550
jira,PL-5204,[Paylater] - Điều chỉnh nội dung giao dịch trong sao kê hàng tháng,[CAK-CORE][PL] COB + Statement enhancement,Story,Released,2024-09-10,policy-table-weak;ui,1,0,,paylater,2766
jira,PL-5206,[Paylater] - Điều chỉnh job gen sao kê,,Story,Released,2025-09-24,other,0,0,,paylater,1117
jira,PL-5208,[Paylater] Ghi nhận Monthly Fee,"[CAK-CORE][PL] - CR Revert, LateFee + Monthly Fee ",Story,Released,2024-09-25,policy-table-weak;gl,1,0,,paylater,2526
jira,PL-5211,[Paylater] Thay đổi phí lateFee,"[CAK-CORE][PL] - CR Revert, LateFee + Monthly Fee ",Story,Released,2024-11-04,gl,0,0,BE_paylater,paylater,1697
jira,PL-5213,[Paylater] Thay đổi cơ chế Revert,[CORE][PL] - Change revert + terminate instalment automatically,Story,Released,2025-09-25,other,0,0,,paylater,1031
jira,PL-5215,[Paylater][Core] Thay đổi cơ chế ghi nhận gốc quá hạn (prin_over_d),[CAK-CORE][PL] - CR MIN,Story,Released,2025-06-23,other,0,0,,paylater,3356
jira,PL-5228,[VDS-PD][DOP] - Thay đổi đường dẫn T&C bảo hiểm,[Lending] - Tuân thủ chỉnh sách về bảo hiểm,Story,Released,2024-08-02,ui,0,0,PD_Viettel,payday,1026
jira,PL-5229,[CL-ALL][DOP] - Thay đổi đường dẫn T&C bảo hiểm,[Lending] - Tuân thủ chỉnh sách về bảo hiểm,Story,Released,2024-08-02,ui,0,0,NGS_cashloan,cashloan,1109
jira,PL-5230,[CAK-CL] - Thay đổi đường dẫn T&C bảo hiểm,[Lending] - Tuân thủ chỉnh sách về bảo hiểm,Story,Released,2024-08-02,ui,0,0,,cashloan,972
jira,PL-5231,[CAK-CL] - Luồng bán chéo bảo hiểm tín dụng,[Lending] - Tuân thủ chỉnh sách về bảo hiểm,Story,Released,2024-08-13,policy-table-weak;ui,1,0,,cashloan,2236
jira,PL-5233,[DOP] - Luồng bán chéo bảo hiểm tín dụng,[Lending] - Tuân thủ chỉnh sách về bảo hiểm,Story,Released,2024-09-04,ui,0,0,,,4334
jira,PL-5240,[Cashloan][Core] Bỏ điều kiện tất toán trước hạn,,Story,Released,2024-07-31,policy-table;ui,4,0,NGS_cashloan;VT_Cashloan_S;Be_Cashloan;VDS_bikeloan;Viettel_Cashloan,cashloan,1979
jira,PL-5246,[VDS-LDP] - Rework flow to trigger OTP after registration form,,Epic,Done,2024-08-28,other,0,0,,,531
jira,PL-5247,[Viettel][Landing Page] Rework flow OTP confirmation and select loan needs,[VDS-LDP] - Rework flow to trigger OTP after registration form,Story,Released,2024-08-18,ui,0,0,,,2972
jira,PL-5249,[Paylater] - Cơ chế cập nhật lãi suất cho nhiều tài khoản,[CAK-CORE][PL] COB + Statement enhancement,Story,Released,2024-08-21,policy-prose,0,2,BE_paylater,paylater,1601
jira,PL-5256,[Paylater] - Handle blacklist user tại step create loan account ở Core ngoài,,Story,Released,2024-07-30,other,0,0,VDS_paylater;BE_paylater,paylater,1081
jira,PL-5264,[Paylater] Thay đổi thứ tự thanh toán,"[CAK-CORE][PL] - CR Revert, LateFee + Monthly Fee ",Story,Released,2024-10-04,policy-table-weak;gl,2,0,,paylater,3745
jira,PL-5274,[Lending] - Tuân thủ chỉnh sách về bảo hiểm,,Epic,Done,2024-10-16,other,0,0,,,487
jira,PL-5299,[Paylater] - Thiếu accounts trong báo cáo paylater_accrual_report,,Story,Released,2024-08-07,other,0,0,,paylater,1127
jira,PL-5310,[Lending][OPS] - [Portal] Thêm action Thử tạo lại account cho khách hàng,,Story,Released,2024-08-07,ui,0,0,BE_paylater;VT_Cashloan_S;VT_Payday_S,,2020
jira,PL-5318,[BE-PL][API] - Pre-check information,[Lending][CORE] - Precheck information and Product policy,Story,Released,2024-08-13,policy-table-weak;ui,1,0,BE_paylater,paylater,5251
jira,PL-5320,[Lending][CORE] - Precheck information and Product policy,,Epic,Done,2025-08-01,other,0,0,,,516
jira,PL-5343,[CAK-CORE][PL] - EOD by account,,Epic,Done,2025-01-01,other,0,0,,paylater,677
jira,PL-5356,[VNP_PL][Backend] Apply idempotent key for api,[Lending][VNP-PL] - [API] API Integration,Story,Released,2024-09-09,other,0,0,VNP_paylater,paylater,889
jira,PL-5359,[VNP-PL][Core] - Disbursement with Interest,[CAK-VNP][CORE] -  LOS and Core Setting for VNP Paylater,Story,Released,2024-09-09,other,0,0,VNP_paylater,paylater,914
jira,PL-5360,[VNP-PL][Core] - Repayment and Revert,[CAK-VNP][CORE] -  LOS and Core Setting for VNP Paylater,Story,Released,2024-09-09,gl,0,0,VNP_paylater,paylater,1205
jira,PL-5361,[VNP-PL][Core] - Lock mechanism,[CAK-VNP][CORE] -  LOS and Core Setting for VNP Paylater,Story,Released,2024-09-09,other,0,0,VNP_paylater,paylater,996
jira,PL-5362,[VNP-PL][Core] - Maturity,[CAK-VNP][CORE] -  LOS and Core Setting for VNP Paylater,Story,Released,2024-09-09,policy-prose,0,2,VNP_paylater,paylater,1010
jira,PL-5363,[VNP-PL][Core] - Monthly + Late fee,[CAK-VNP][CORE] -  LOS and Core Setting for VNP Paylater,Story,Released,2024-09-09,other,0,1,VNP_paylater,paylater,943
jira,PL-5364,[VNP-PL][Core] - Actual Report,[CAK-VNP][CORE] -  LOS and Core Setting for VNP Paylater,Story,Released,2024-09-09,other,0,0,VNP_paylater,paylater,811
jira,PL-5373,[VNP-PL][Core] - Statement,[CAK-VNP][CORE] -  LOS and Core Setting for VNP Paylater,Story,Released,2024-09-09,other,0,0,VNP_paylater,paylater,1084
jira,PL-5375,[Techdebt] Make Lending great again and again,,Initiative,Draft,2026-08-24,other,0,0,,,442
jira,PL-5376,[Techdebt] Loan management,[Techdebt] Make Lending great again and again,Epic,In Progress,2026-08-12,other,0,0,,,829
jira,PL-5377,[Techdebt] temporal workflow,[Techdebt] Make Lending great again and again,Epic,Open,2026-08-12,other,0,0,,,845
jira,PL-5378,[Techdebt] Partner gateway,[Techdebt] Make Lending great again and again,Epic,Open,2026-08-12,other,0,0,,,1551
jira,PL-5379,[Techdebt] Reporting,[Techdebt] Make Lending great again and again,Epic,Done,2025-11-25,other,0,0,,,469
jira,PL-5380,[Techdebt] Overdraft,[Techdebt] Make Lending great again and again,Epic,Done,2026-07-06,other,0,0,CAKE_overdraft,od,510
jira,PL-5381,[Techdebt] Tool + platform,[Techdebt] Make Lending great again and again,Epic,In Progress,2026-08-12,other,0,0,,,499
jira,PL-5382,[Techdebt] LOS,[Techdebt] Make Lending great again and again,Epic,On-hold,2026-08-12,other,0,0,,,471
jira,PL-5397,[VDS-CL] - Thay đổi đường dẫn T&C bảo hiểm,[Lending] - Tuân thủ chỉnh sách về bảo hiểm,Story,Released,2024-08-13,ui,0,0,Viettel_Cashloan,cashloan,1001
jira,PL-5407,"[VDS-TL] - Create new path link to ViettePost - 12:00, 05/08/2024","[CAK-DOP] - DOP Enhancement June2024 - NGS CL, BE CL, BE PL",Story,Released,2024-08-07,ui,0,0,Viettel_Cashloan;VDS_paylater;Be_Cashloan;BE_paylater;NGS_cashloan,cashloan;paylater,1409
jira,PL-5412,[VNP-PL][Core] - Terminate,[CAK-VNP][CORE] -  LOS and Core Setting for VNP Paylater,Story,Released,2024-09-09,other,0,0,VNP_paylater,paylater,922
jira,PL-5414,[VNP-PL][Core] - Interest calculation,[CAK-VNP][CORE] -  LOS and Core Setting for VNP Paylater,Story,Released,2024-09-09,other,0,0,VNP_paylater,paylater,1063
jira,PL-5416,[VNP-PL][Core] - Mambu customer fields,[CAK-VNP][CORE] -  LOS and Core Setting for VNP Paylater,Story,Released,2024-09-09,gl,0,0,VNP_paylater,paylater,2905
jira,PL-5418,[Lending][OPS] - [Portal] Cập nhật số lượng khoản vay trả ra,,Story,Released,2024-09-06,other,0,0,,,753
jira,PL-5426,[BE-CL] - Pre-check information and product policy,[Lending][CORE] - Precheck information and Product policy,Story,Released,2024-09-09,policy-table-weak;ui,1,0,Be_Cashloan,cashloan,5660
jira,PL-5427,NGS Income Score Model,,Epic,Done,2024-08-23,other,0,0,,,433
jira,PL-5430,[VNP-PL][Core] - Điều chỉnh nội dung giao dịch trong sao kê hàng tháng,[CAK-CORE][PL] COB + Statement enhancement,Story,Released,2024-09-16,policy-table-weak;ui,1,0,VNP_paylater,paylater,4228
jira,PL-5432,"[Paylater] Thêm transaction cho các giao dịch post lãi hàng tháng, chậm trả",[CAK-CORE][PL] COB + Statement enhancement,Story,Released,2024-09-25,other,0,0,,paylater,1060
jira,PL-5465,[VNP-PL][Core] - Thêm step giải ngân vào tài khoản doanh nghiệp,[CAK-VNP][CORE] -  LOS and Core Setting for VNP Paylater,Story,Released,2024-09-09,gl,0,0,VNP_paylater,paylater,1446
jira,PL-5473,[VDS][Cashloan] - Thêm nhóm khách hàng để phân thêm lãi suất,,Story,Released,2024-08-14,policy-table-weak,1,0,Viettel_Cashloan,cashloan,3228
jira,PL-5477,[Lending][FPT-PL] Onboarding,[Lending][FPT] - Paylater,Epic,Done,2024-10-16,other,0,0,FPT_paylater,paylater,577
jira,PL-5479,[Viettel][Landing Page] - Integrate Viettel Post + alert for reconciliation,"[CAK-DOP] - DOP Enhancement June2024 - NGS CL, BE CL, BE PL",Story,Released,2024-10-23,api;ui,0,0,VDS_cashloan_LP;VDS_paylater;BE_paylater,cashloan;paylater,7174
jira,PL-5487,[CAK-CL] - Tích hợp API Fraud Selfie Model và Chặn application theo verdict,,Story,Released,2024-08-26,ui,0,0,,cashloan,2254
jira,PL-5515,[VDS-LDP] - Luồng bán chéo bảo hiểm tín dụng,[Lending] - Tuân thủ chỉnh sách về bảo hiểm,Story,Released,2024-08-19,ui,0,0,,,1932
jira,PL-5522,[DOP][TS] Update models 07/2024,,Epic,Done,2024-09-18,other,0,0,,,560
jira,PL-5526,[DOP][TS] Model support Thẻ căn cước,[DOP][TS] Update models 07/2024,Story,Released,2024-09-04,ui,0,0,,,13741
jira,PL-5551,typo,[Techdebt] Make Lending great again and again,Epic,Done,2024-08-16,other,0,0,,,478
jira,PL-5552,[TechDebt] Cake Paylater Payment,[Techdebt] Make Lending great again and again,Epic,Draft,2026-08-12,other,0,0,,paylater,627
jira,PL-5561,[CAK-VNP][CORE] -  LOS and Core Setting for VNP Paylater,[VNP-PL] - Vnpay Paylater Product,Epic,Done,2024-10-02,other,0,0,VNP_paylater,paylater,715
jira,PL-5562,[Lending] Portal to adjust product params,,Epic,On-hold,2026-08-12,other,0,0,,,654
jira,PL-5571,[Lending][CAK] - Sign contract on Cake App (All product),[Lending] - Tuân thủ TT17 & TT18 (Bio infor),Story,Released,2024-09-25,policy-table;ui,3,0,CAKE_overdraft_TD;VT_Cashloan_S;VT_Payday_S,,10117
jira,PL-5572,[Lending][NativeAPI] - Block sign contract (get-up) when profile isn't NFC success,[Lending] - Tuân thủ TT17 & TT18 (Bio infor),Story,Released,2024-09-25,ui,0,0,VDS_paylater;VT_Cashloan_S;VT_Payday_S;FPT_paylater;VDS_bikeloan;Viettel_Cashloan,,2485
jira,PL-5573,[Lending] - DOP change flow process (Break contract step),[Lending] - Tuân thủ TT17 & TT18 (Bio infor),Story,Released,2024-10-10,ui,0,0,BE_paylater;NGS_cashloan,,1878
jira,PL-5574,[Lending][Gateway] - Collect NFC data on Native API flow,[Lending] - Tuân thủ TT17 & TT18 (Bio infor),Story,Released,2024-09-25,api;ui,0,0,,,2590
jira,PL-5575,[Lending][DOP] - Collect NFC data on API create-token,[Lending] - Tuân thủ TT17 & TT18 (Bio infor),Story,Released,2024-09-25,api;ui,0,0,,,2891
jira,PL-5576,[Lending][NativeAPI] - Process NFC data from Gateway to DOP,[Lending] - Tuân thủ TT17 & TT18 (Bio infor),Story,Released,2024-09-25,ui,0,0,,,1047
jira,PL-5577,Process NFC data from API create-token to Semi-onboarding,[Lending] - Tuân thủ TT17 & TT18 (Bio infor),Story,Released,2024-09-25,ui,0,0,,,1073
jira,PL-5589,[MWG-CL][CORE] - Send SMS to the customer when the Approve / Disburse,"[MWG-CL] - Internal API, LMS, Core process for MWG Cashloan",Story,Released,2024-10-10,gl,0,0,MWG_cashloan,cashloan,1749
jira,PL-5591,[MWG-CL][DOP] - Whitelist IP Address,"[MWG-CL][DOP] - Integration DOP, allow Onboard MWG Cashloan",Story,Released,2024-10-08,other,0,0,MWG_cashloan,cashloan,1260
jira,PL-5592,[MWG-CL][DOP] - Integration DOP with Datanest SMS OTP Flow,"[MWG-CL][DOP] - Integration DOP, allow Onboard MWG Cashloan",Story,Released,2024-10-08,gl;ui,0,0,MWG_cashloan,cashloan,4252
jira,PL-5593,[MWG-CL][APP] - Sign & Cancel Contract Process,[MWG-CL] - Portal and Mobile application process,Story,Released,2024-10-08,ui,0,0,MWG_cashloan,cashloan,3381
jira,PL-5595,[Lending][DOP] - Toggle check NFC when Onboarding,[Lending] - Tuân thủ TT17 & TT18 (Bio infor),Story,Released,2024-09-25,other,0,0,BE_paylater;VNP_paylater;NGS_cashloan;Be_Cashloan;MWG_cashloan;MWG_paylater;PD_Viettel;VNP_cashloan,,1998
jira,PL-5596,[Lending] - Reminder loan pending,[Lending] - Tuân thủ TT17 & TT18 - bổ sung,Story,Released,2024-10-28,ui,0,0,BE_paylater;VNP_paylater;NGS_cashloan;Be_Cashloan;CAKE_cashloan;MWG_cashloan;MWG_paylater;VNP_cashloan,,3199
jira,PL-5599,[MWG-CL] Disbursement,"[MWG-CL] - Corebank setup, GL Flow",Story,Released,2024-10-08,gl,0,0,MWG_cashloan,cashloan,1255
jira,PL-5600,[MWG-CL] Repayment,"[MWG-CL] - Corebank setup, GL Flow",Story,Released,2024-10-08,other,0,0,MWG_cashloan,cashloan,1183
jira,PL-5603,[MWG-CL] Accrual report,"[MWG-CL] - Corebank setup, GL Flow",Story,Released,2024-10-08,other,0,0,MWG_cashloan,cashloan,675
jira,PL-5611,[VNP-CL] - VNPAY Cashloan product,,Initiative,Done,2024-10-09,ui,0,0,VNP_cashloan,cashloan,1465
jira,PL-5612,[VNP-CL][DOP] - DOP Process & Integration APIs,[VNP-CL] - VNPAY Cashloan product,Epic,Done,2024-10-08,ui,0,0,VNP_cashloan,cashloan,1549
jira,PL-5615,[VDS][Landing Page] Điều chỉnh nội dung hiển thị và số tiền tạm tính hàng tháng trong luồng Landing Page,,Story,Released,2024-09-25,gl;ui,0,0,,,3307
jira,PL-5617,[Lending][NativeAPI] - Process NFC data from DOP to Semi-onboarding,[Lending] - Tuân thủ TT17 & TT18 (Bio infor),Story,Released,2024-09-25,ui,0,0,,,1101
jira,PL-5623,[Lending][NativeAPI] - Block onboarding when nfc_data is null,[Lending] - Tuân thủ TT17 & TT18 (Bio infor),Story,Released,2024-09-25,ui,0,0,VDS_paylater;VT_Cashloan_S;VT_Payday_S;FPT_paylater;VDS_bikeloan;Viettel_Cashloan,,2011
jira,PL-5630,[VNP-CL][APP][PORTAL] - Cake App & Portal for VNPAY Cashloan,[VNP-CL] - VNPAY Cashloan product,Epic,Done,2024-10-08,other,0,0,CAKE_cashloan;VNP_cashloan,cashloan,691
jira,PL-5631,[VNP-CL][LOS][CORE] - LOS & Core Setting for VNPAY Cashloan,[VNP-CL] - VNPAY Cashloan product,Epic,Done,2024-10-08,ui,0,0,VNP_cashloan,cashloan,1574
jira,PL-5632,[VNP-CL][APP] - Loan listing,[VNP-CL][APP][PORTAL] - Cake App & Portal for VNPAY Cashloan,Story,Released,2024-10-08,policy-table-weak;ui,1,0,VNP_cashloan,cashloan,2684
jira,PL-5633,[VNP-CL][APP] - Loan detail & repayment infomation,[VNP-CL][APP][PORTAL] - Cake App & Portal for VNPAY Cashloan,Story,Released,2024-10-08,policy-table;ui,4,0,VNP_cashloan,cashloan,8420
jira,PL-5634,[VNP-CL][APP] - Payment transaction history,[VNP-CL][APP][PORTAL] - Cake App & Portal for VNPAY Cashloan,Story,Released,2024-10-08,policy-table;ui,3,0,VNP_cashloan,cashloan,2623
jira,PL-5635,[VNP-CL][APP] - Termination contract,[VNP-CL][APP][PORTAL] - Cake App & Portal for VNPAY Cashloan,Story,Released,2024-10-08,policy-table;ui,3,0,VNP_cashloan,cashloan,3952
jira,PL-5637,[VNP-CL][PORTAL] - Config display image in the Image center,[VNP-CL][APP][PORTAL] - Cake App & Portal for VNPAY Cashloan,Story,Released,2024-10-08,ui,0,0,VNP_cashloan,cashloan,1118
jira,PL-5638,[VNP-CL][PORTAL] - Config recording eKYC log in the Profile detail,[VNP-CL][APP][PORTAL] - Cake App & Portal for VNPAY Cashloan,Story,Released,2024-10-08,ui,0,0,VNP_cashloan,cashloan,1233
jira,PL-5640,[VNP-CL][Core] - Create account,[VNP-CL][LOS][CORE] - LOS & Core Setting for VNPAY Cashloan,Story,Released,2024-10-08,other,0,0,VNP_cashloan,cashloan,901
jira,PL-5641,[VNP-CL][Core] - Disburse,[VNP-CL][LOS][CORE] - LOS & Core Setting for VNPAY Cashloan,Story,Released,2024-10-08,other,0,0,VNP_cashloan,cashloan,1245
jira,PL-5642,[VNP-CL][Core] - Thanh toán 1 phần,[VNP-CL][LOS][CORE] - LOS & Core Setting for VNPAY Cashloan,Story,Released,2024-10-08,gl,0,0,VNP_cashloan,cashloan,1522
jira,PL-5643,[VNP-CL][Core] - Thanh toán toàn bộ,[VNP-CL][LOS][CORE] - LOS & Core Setting for VNPAY Cashloan,Story,Released,2024-10-08,gl,0,0,VNP_cashloan,cashloan,1256
jira,PL-5644,[VNP-CL][Core] - Tất toán trước hạn,[VNP-CL][LOS][CORE] - LOS & Core Setting for VNPAY Cashloan,Story,Released,2024-10-08,gl,0,0,VNP_cashloan,cashloan,974
jira,PL-5645,[VNP-CL][Core] - Thanh toán tự động,[VNP-CL][LOS][CORE] - LOS & Core Setting for VNPAY Cashloan,Story,Released,2024-10-08,other,0,0,VNP_cashloan,cashloan,1188
jira,PL-5646,[VNP-CL][DOP] - NTB Onboarding process,[VNP-CL][DOP] - DOP Process & Integration APIs,Story,Released,2024-10-08,policy-table;ui,4,0,VNP_cashloan,cashloan,14485
jira,PL-5647,[VNP-CL][DOP] - ETB Onboarding process,[VNP-CL][DOP] - DOP Process & Integration APIs,Story,Released,2024-10-08,policy-table;ui,4,0,VNP_cashloan,cashloan,13067
jira,PL-5651,[FPT-PL] LOS,[Lending][FPT] - Paylater,Epic,Done,2024-10-02,other,0,0,FPT_paylater,paylater,474
jira,PL-5652,[FPT-PL] CORE + INAPP,[Lending][FPT] - Paylater,Epic,Done,2024-10-16,other,0,0,FPT_paylater,paylater,492
jira,PL-5653,[VNP-CL][API][DOP] - Create DOP API to partner,[VNP-CL][DOP] - DOP Process & Integration APIs,Story,Released,2024-10-08,api,0,0,VNP_cashloan,cashloan,4243
jira,PL-5654,[FPT-PL] Thu phí subscription fee,[FPT-PL] CORE + INAPP,Story,Released,2024-10-10,gl,0,0,FPT_paylater,paylater,1576
jira,PL-5655,[VNP-CL][API][DOP] - Loan register API to DOP,"[VNP-CL][API] - Internal API, LMS, Core process for VNAPY Cashloan",Story,Released,2024-10-08,api,0,0,VNP_cashloan,cashloan,3993
jira,PL-5656,[VNP-CL][API] - Callback update status from LMS to Vnpay,[VNP-CL][DOP] - DOP Process & Integration APIs,Story,Released,2024-10-08,policy-table-weak;api;ui,1,0,VNP_cashloan,cashloan,6123
jira,PL-5657,[FPT-PL] Thu phí phạt chậm thanh toán (latefee),[FPT-PL] CORE + INAPP,Story,Released,2024-10-10,gl,0,0,FPT_paylater,paylater,1587
jira,PL-5659,[FPT-PL] Không thu lãi/lãi phạt (interest/penalty),[FPT-PL] CORE + INAPP,Story,Released,2024-10-10,gl,0,0,FPT_paylater,paylater,1798
jira,PL-5660,[FPT-PL] Cập nhật mức MIN = 15%,[FPT-PL] CORE + INAPP,Story,Released,2024-10-10,other,0,0,FPT_paylater,paylater,1000
jira,PL-5661,[VNP-CL][API] - Apply Precheck generic for VNP Cashloan,"[VNP-CL][API] - Internal API, LMS, Core process for VNAPY Cashloan",Story,Released,2024-10-08,policy-table-weak;api,1,0,NGS_cashloan;VT_Cashloan_S;Be_Cashloan;CAKE_cashloan;MWG_cashloan;VNP_cashloan;Viettel_Cashloan,cashloan,6354
jira,PL-5662,[VNP-CL][API] - Get OTP & Verify OTP to DOP,"[VNP-CL][API] - Internal API, LMS, Core process for VNAPY Cashloan",Story,Released,2024-10-08,api,0,0,VNP_cashloan,cashloan,3627
jira,PL-5663,[VNP-CL][API] - Get Esign & Cancel Esign to DOP,"[VNP-CL][API] - Internal API, LMS, Core process for VNAPY Cashloan",Story,Released,2024-10-08,api,0,0,VNP_cashloan,cashloan,2086
jira,PL-5664,[VNP-CL][API][WEB] - Create the Esign contract,"[VNP-CL][API] - Internal API, LMS, Core process for VNAPY Cashloan",Story,Released,2024-10-08,other,0,0,VNP_cashloan,cashloan,846
jira,PL-5665,[VNP-CL][API] - API allow DOP to get status on LMS,[VNP-CL][API] - Internal API integration DOP x LMS,Story,Released,2024-10-08,api,0,0,VNP_cashloan,cashloan,2991
jira,PL-5667,[VNP-CL][DOP] - VNPAY Cashloan NTB onboarding source,[VNP-CL][API] - Internal API integration DOP x LMS,Story,Released,2024-10-08,other,0,0,VNP_cashloan,cashloan,858
jira,PL-5668,"[VNP-CL][API] - Internal API, LMS, Core process for VNAPY Cashloan",[VNP-CL] - VNPAY Cashloan product,Epic,Done,2024-10-08,ui,0,0,VNP_cashloan,cashloan,1589
jira,PL-5669,[VNP-CL][API] - API Get loan detail,[VNP-CL][DOP] - DOP Process & Integration APIs,Story,Released,2024-10-08,api,0,0,VNP_cashloan,cashloan,2554
jira,PL-5670,[VNP-CL][API] - Call API Disburse request & Expose API Disburse update,[VNP-CL][DOP] - DOP Process & Integration APIs,Story,Released,2024-10-08,api;ui,0,0,VNP_cashloan,cashloan,9751
jira,PL-5671,[FPT-PL] Get config and get status API,[Lending][FPT-PL] Onboarding,Story,Released,2024-10-10,api,0,0,FPT_paylater,paylater,4165
jira,PL-5673,[FPT-PL] Onboarding API,[Lending][FPT-PL] Onboarding,Story,Released,2024-10-08,policy-table;api,6,0,CAKE_overdraft_TD;FPT_paylater,paylater,17462
jira,PL-5675,[FPT-PL] Loan register API,[Lending][FPT-PL] Onboarding,Story,Released,2024-10-10,api,0,0,FPT_paylater,paylater,3719
jira,PL-5677,[FPT-PL] Get Esign & Cancel Esign,[Lending][FPT-PL] Onboarding,Story,Released,2024-10-10,api,0,0,FPT_paylater,paylater,2461
jira,PL-5679,[FPT-PL] Get OTP & Verify esign,[Lending][FPT-PL] Onboarding,Story,Released,2024-10-10,api,0,0,FPT_paylater,paylater,4032
jira,PL-5708,[FPT-PL] Loan info,[Lending][FPT-PL] Onboarding,Story,Released,2024-10-10,api,0,0,FPT_paylater,paylater,4049
jira,PL-5710,[FPT-PL] Repayment,[Lending][FPT-PL] Onboarding,Story,Released,2024-10-10,api,0,0,FPT_paylater,paylater,2388
jira,PL-5712,[FPT-PL] Payment,[Lending][FPT-PL] Onboarding,Story,Released,2024-10-10,api,0,0,FPT_paylater,paylater,7094
jira,PL-5714,[FPT-PL] Payment merch update and payment revert,[Lending][FPT-PL] Onboarding,Story,Released,2024-10-10,api;ui,0,0,FPT_paylater,paylater,6201
jira,PL-5716,[FPT-PL][Partner API] Integrate với Partner payment status,[Lending][FPT-PL] Onboarding,Story,Released,2024-10-10,api;ui,0,0,FPT_paylater,paylater,2823
jira,PL-5718,[FPT-PL][Partner API] Integrate với Partner ekyc update,[Lending][FPT-PL] Onboarding,Story,Released,2024-10-10,api,0,0,FPT_paylater,paylater,2144
jira,PL-5722,[VDS-XSUS] VDS Xsell/Upsell,,Epic,Done,2024-10-02,other,0,0,,,440
jira,PL-5725,[MWG-CL][API] - Adding pre-check standard to MWG Cashloan,"[MWG-CL] - Internal API, LMS, Core process for MWG Cashloan",Story,Released,2024-10-08,ui,0,0,NGS_cashloan;VT_Cashloan_S;Be_Cashloan;CAKE_cashloan;MWG_cashloan;VNP_cashloan;Viettel_Cashloan,cashloan,3727
jira,PL-5727,[Lending][DOP] - Block sign contract (get-up) when profile isn't NFC success,[Lending] - Tuân thủ TT17 & TT18 (Bio infor),Story,Released,2024-09-25,ui,0,0,BE_paylater;VNP_paylater;NGS_cashloan;Be_Cashloan;MWG_cashloan;MWG_paylater;PD_Viettel;VNP_cashloan,,2831
jira,PL-5729,[Lending][CAK] - Block sign contract (get-up) when profile isn't NFC success,[Lending] - Tuân thủ TT17 & TT18 (Bio infor),Story,Released,2024-09-25,ui,0,0,CAKE_overdraft_TD;VDS_paylater;BE_paylater;VNP_paylater;NGS_cashloan;VT_Cashloan_S;VT_Payday_S;FPT_paylater;Be_Cashloan;CAKE_cashloan;MWG_cashloan;MWG_paylater;PD_Viettel;VDS_bikeloan;VNP_cashloan;Viettel_Cashloan;CAKE_payday,,3387
jira,PL-5733,[Lending][DOP] - Block onboarding when nfc_data is null,[Lending] - Tuân thủ TT17 & TT18 (Bio infor),Story,Released,2024-09-25,ui,0,0,BE_paylater;VNP_paylater;NGS_cashloan;Be_Cashloan;MWG_cashloan;MWG_paylater;PD_Viettel;VNP_cashloan,,2412
jira,PL-5744,[VNP-PL][Core] - Revert - Thêm step revert từ TKĐB,[CAK-VNP][CORE] -  LOS and Core Setting for VNP Paylater,Story,Released,2024-08-29,gl;ui,0,0,VNP_paylater,paylater,2152
jira,PL-5746,[VNP-PL][API][DOP] - Add nfc_data in API: create-token DOP,[Lending][VNP-PL] - [API] API Integration,Story,Released,2024-09-30,api,0,0,VNP_paylater,paylater,3077
jira,PL-5749,[Lending] - Toggle check NFC when sign Contract,[Lending] - Tuân thủ TT17 & TT18 (Bio infor),Story,Released,2024-09-25,other,0,0,CAKE_overdraft_TD;VDS_paylater;BE_paylater;VNP_paylater;NGS_cashloan;VT_Cashloan_S;VT_Payday_S;FPT_paylater;Be_Cashloan;CAKE_cashloan;MWG_cashloan;MWG_paylater;PD_Viettel;VDS_bikeloan;VNP_cashloan;Viettel_Cashloan;CAKE_payday,,3209
jira,PL-5754,[Lending][NativeAPI] - Toggle check NFC when Onboarding,[Lending] - Tuân thủ TT17 & TT18 (Bio infor),Story,Released,2024-09-25,other,0,0,VDS_paylater;VT_Cashloan_S;VT_Payday_S;FPT_paylater;VDS_bikeloan;Viettel_Cashloan,,1877
jira,PL-5762,[CAK-EC] - Update E-contract template 21/08/2024,,Epic,Done,2024-10-16,other,0,0,,,1080
jira,PL-5807,[VDS-XSUS] Điều chỉnh rule deduplicate tại check-profile,[VDS-XSUS] VDS Xsell/Upsell,Story,Released,2024-10-02,policy-table-weak,1,0,NGS_cashloan;Be_Cashloan;CAKE_cashloan;Viettel_Cashloan,,2883
jira,PL-5808,[VDS-XSUS] Bổ sung điều kiện check DPD cho job auto collect,[VDS-XSUS] VDS Xsell/Upsell,Story,Released,2024-10-10,other,0,0,,,1813
jira,PL-5809,[VDS-XSUS] Thêm config cho nhóm product_id của XSUS,[VDS-XSUS] VDS Xsell/Upsell,Story,Released,2024-10-02,policy-table-weak,2,0,,,1290
jira,PL-5832,[Lending][DOP] - Onboarding ETB reKYC internal,[Lending] - Tuân thủ TT17 & TT18 - bổ sung,Story,Released,2024-11-27,ui,0,0,BE_paylater;VNP_paylater;NGS_cashloan;Be_Cashloan;MWG_cashloan;MWG_paylater;PD_Viettel;VNP_cashloan,,6352
jira,PL-5833,[Lending][NativeAPI] - Onboarding ETB reKYC internal,[Lending] - Tuân thủ TT17 & TT18 - bổ sung,Story,Released,2024-12-16,ui,0,0,VDS_paylater;VT_Cashloan_S;VT_Payday_S;FPT_paylater;Viettel_Cashloan,,3377
jira,PL-5834,[Techdebt] Cake Loan Calculator,[Techdebt] Make Lending great again and again,Epic,Draft,2026-08-12,other,0,0,,,503
jira,PL-5835,[FPT-PL][Partner API] Integrate với Partner loan update,[Lending][FPT-PL] Onboarding,Story,Released,2024-10-10,api,0,0,FPT_paylater,paylater,2584
jira,PL-5837,[Lending][DOP] - Sign contract on DOP when NFC verfied,[Lending] - Tuân thủ TT17 & TT18 - bổ sung,Story,Released,2024-11-07,ui,0,0,BE_paylater;NGS_cashloan,,1739
jira,PL-5840,[VNP-CL][API][DOP] - Expose API allow Vnpay get status,[VNP-CL][DOP] - DOP Process & Integration APIs,Story,Released,2024-10-08,api;ui,0,0,VNP_cashloan,cashloan,3364
jira,PL-5842,[VNP-CL][API] - DOP Vnpay intergration pre-check,[VNP-CL][API] - Internal API integration DOP x LMS,Story,Released,2024-10-08,other,0,0,NGS_cashloan;VT_Cashloan_S;Be_Cashloan;CAKE_cashloan;VNP_cashloan;Viettel_Cashloan,cashloan,4098
jira,PL-5843,[VNP-CL][API] - Internal API integration DOP x LMS,[VNP-CL] - VNPAY Cashloan product,Epic,Done,2024-10-09,other,0,0,VNP_cashloan,cashloan,558
jira,PL-5844,[VNP-CL][API] - API allow DOP submit application to LMS,[VNP-CL][API] - Internal API integration DOP x LMS,Story,Released,2024-10-08,api,0,0,VNP_cashloan,cashloan,3272
jira,PL-5848,[VNP-CL][CORE] - Send SMS to the customer when the application Approve / Disburse,[VNP-CL][LOS][CORE] - LOS & Core Setting for VNPAY Cashloan,Story,Released,2024-10-08,other,0,0,VNP_cashloan,cashloan,1752
jira,PL-5851,[Lending] Update logic thu nợ tự động khi khách hàng đã pay đủ MIN kỳ trước,,Story,Released,2024-10-04,other,0,0,,,1733
jira,PL-5855,[Lending][CAK] - Toggle show hide a APPROVED loan on Loan listing,[Lending] - Tuân thủ TT17 & TT18 (Bio infor),Story,Released,2024-09-18,other,0,0,VDS_paylater;BE_paylater;VNP_paylater;NGS_cashloan;VT_Cashloan_S;VT_Payday_S;FPT_paylater;Be_Cashloan;CAKE_cashloan;MWG_cashloan;MWG_paylater;PD_Viettel;VDS_bikeloan;VNP_cashloan;Viettel_Cashloan;CAKE_payday,,2401
jira,PL-5856,[TechDebt] Cake Loan Auto Payment,[Techdebt] Make Lending great again and again,Epic,Draft,2026-08-12,other,0,0,,,1596
jira,PL-5857,[VDS-XSUS] Thay đổi luồng tạo tài khoản Trả trước khi giải ngân,[VDS-XSUS] VDS Xsell/Upsell,Story,Released,2024-10-02,policy-table-weak,1,0,,,2431
jira,PL-5858,[Paylater] Thêm logic force statement cho phần phí lateFee khi terminate,"[CAK-CORE][PL] - CR Revert, LateFee + Monthly Fee ",Story,Released,2024-11-05,other,0,0,,paylater,1143
jira,PL-5873,[Lending][DOP] - Bổ sung warning message sản phảm bảo hiểm,[Lending] - Tuân thủ chỉnh sách về bảo hiểm,Story,Released,2024-10-08,ui,0,0,NGS_cashloan,,2953
jira,PL-5911,[VNP-PL][Core] - Bổ sung nội dung giao dịch Settlement,[CAK-VNP][CORE] -  LOS and Core Setting for VNP Paylater,Story,Released,2024-10-10,other,0,0,VNP_paylater,paylater,1705
jira,PL-5917,[Lending][Gateway] - Define các mã lỗi NFC trả về từ Semi-onboarding,[Lending] - Tuân thủ TT17 & TT18 - bổ sung,Story,Released,2024-10-04,other,0,0,VT_Cashloan_S;VT_Payday_S;FPT_paylater,,5705
jira,PL-5925,[FPT-PL] Loan Listing,[FPT-PL] CORE + INAPP,Story,Released,2024-10-08,policy-table-weak;ui,1,0,FPT_paylater,paylater,2487
jira,PL-5927,[FPT-PL] Loan details + Repayment,[FPT-PL] CORE + INAPP,Story,Released,2024-10-10,policy-table-weak;ui,2,0,FPT_paylater,paylater,6029
jira,PL-5934,[Lending][OPS] - [Portal] Thêm action Thử tạo lại account cho khách hàng - VDS Payday,,Story,Released,2024-09-25,ui,0,0,PD_Viettel,payday,1502
jira,PL-5941,[FPT-PL] Template hợp đồng,[Lending][FPT-PL] Onboarding,Story,Released,2024-10-10,other,0,0,FPT_paylater,paylater,2054
jira,PL-5945,[FPT-PL] Terminate,[FPT-PL] CORE + INAPP,Story,Released,2024-10-10,policy-table;ui,4,0,FPT_paylater,paylater,4382
jira,PL-5948,[FPT-PL] Transaction history,[FPT-PL] CORE + INAPP,Story,Released,2024-10-10,policy-table;ui,3,0,FPT_paylater,paylater,3914
jira,PL-5949,[Paylater] Thêm field báo cáo dự thu cho Paylater,"[CAK-CORE][PL] - CR Revert, LateFee + Monthly Fee ",Story,Released,2024-10-01,other,0,0,,paylater,1191
jira,PL-5957,[VNP-CL][API] - API Repayment on Vnpay,[VNP-CL][DOP] - DOP Process & Integration APIs,Story,Released,2024-10-08,api,0,0,VNP_cashloan,cashloan,3227
jira,PL-5959,[VNP-CL][API] - API Terminate on Vnpay,[VNP-CL][DOP] - DOP Process & Integration APIs,Story,Released,2024-10-08,policy-table;api,5,0,VNP_cashloan,cashloan,6714
jira,PL-5962,[Techdebt] cake loan account,[Techdebt] Make Lending great again and again,Epic,Done,2026-08-24,other,0,0,,,496
jira,PL-5968,[VDS-XSUS] Thay đổi luồng hoàn trả,[VDS-XSUS] VDS Xsell/Upsell,Story,Released,2024-10-02,policy-table-weak;gl,1,0,,,3559
jira,PL-6006,[VNP-CL][PORTAL] - Allow process retry disburse or cancel process on Cake portal,[VNP-CL][APP][PORTAL] - Cake App & Portal for VNPAY Cashloan,Story,Released,2024-10-08,other,0,0,CAKE_cashloan;VNP_cashloan,cashloan,1274
jira,PL-6009,[Lending][CAKE-OD] - User redirects to perform re-eKYC when NFC is not verified,[Lending] - Tuân thủ TT17 & TT18 - bổ sung,Story,Released,2024-10-21,ui,0,0,CAKE_overdraft,od,1978
jira,PL-6026,[CAKE-CL] - Onboarding Cashloan on Cake app - update analytic,,Epic,Done,2024-10-16,other,0,0,CAKE_cashloan,cashloan,537
jira,PL-6027,[Lending][APP] - Event tracking step by step,[CAKE-CL] - Onboarding Cashloan on Cake app - update analytic,Story,Released,2024-10-10,ui,0,0,CAKE_cashloan,cashloan,2946
jira,PL-6034,[Lending][LMS] - Add Error code + message for COB repayment block,,Story,Released,2024-09-30,gl,0,0,,,1415
jira,PL-6037,"[FPT-PL] Config GL cho các luồng Giải ngân, Hoàn trả, Revert",[FPT-PL] CORE + INAPP,Story,Released,2024-10-10,gl,0,0,FPT_paylater,paylater,2255
jira,PL-6055,[E-Sign] - Integration Savis Esign contract,,Epic,Done,2025-06-18,other,0,0,,,484
jira,PL-6056,[E-sign] - Integration process with Savis,[E-Sign] - Integration Savis Esign contract,Story,Released,2024-10-30,api;ui,0,0,,,4489
jira,PL-6057,[E-sign] - Apply new Savis sign process for Lending,[E-Sign] - Integration Savis Esign contract,Story,Released,2024-10-30,gl,0,0,BE_paylater;VNP_paylater;VPO_cashloan;NGS_cashloan;FPT_paylater;Be_Cashloan;CAKE_cashloan;MWG_cashloan;VNP_cashloan;Viettel_Cashloan,,2025
jira,PL-6061,[Lending] Đổi domain cho sản phẩm VDS Landing Page,,Story,Released,2024-10-02,other,0,0,,,1083
jira,PL-6084,[Model] - Integrate API to call the DS Income Model (IM-03),,Epic,Done,2024-10-30,ui,0,0,,,1131
jira,PL-6088,[Lending] - Tuân thủ TT17 & TT18 - bổ sung,"[Lending] Adapt to Circular 17, 18",Epic,Done,2024-12-18,other,0,0,,,1238
jira,PL-6089,[Lending][NGS-CL][BE-CL] - Cập nhật trường Tổng số tiền giải ngân và Tổng số tiền vay,[Lending] - Tuân thủ TT17 & TT18 - bổ sung,Story,Released,2024-10-10,ui,0,0,NGS_cashloan;Be_Cashloan,cashloan,1343
jira,PL-6116,[Lending] Expand new domain cashloan.cake.vn,,Story,Released,2024-09-24,ui,0,0,CAKE_cashloan,cashloan,1540
jira,PL-6142,[Lending][VDS-PD] - Đổi link T&C khi Ký hợp đồng,[Lending] - Tuân thủ TT17 & TT18 - bổ sung,Story,Released,2024-10-07,ui,0,0,PD_Viettel,payday,1599
jira,PL-6145,[Lending][APP] - Chuyển trang khi được giải ngân,[Lending] - Tuân thủ TT17 & TT18 - bổ sung,Story,Released,2024-10-29,ui,0,0,VDS_paylater;BE_paylater;VNP_paylater;NGS_cashloan;FPT_paylater;Be_Cashloan;CAKE_cashloan;MWG_cashloan;VNP_cashloan,,1988
jira,PL-6152,[Landing Page] Gắn GTM cho link mới của Landing Page,,Story,Released,2024-10-02,other,0,0,,,1636
jira,PL-6162,[Model] - Create the BE model architect,[Model] - Integrate API to call the DS Income Model (IM-03),Story,Released,2024-10-14,ui,0,0,,,1480
jira,PL-6163,[Model] - Expose API to LOS (IM-02),[Model] - Integrate API to call the DS Income Model (IM-03),Story,Released,2024-10-14,api,0,0,,,2792
jira,PL-6164,[Model] - Integrate API to call NGS partner (IM-01),[Model] - Integrate API to call the DS Income Model (IM-03),Story,Released,2024-10-14,policy-table-weak;api;gl,1,0,,,6604
jira,PL-6165,[Model] - Integrate API to call the DS Income Model (IM-03),[Model] - Integrate API to call the DS Income Model (IM-03),Story,Released,2024-10-14,api,0,0,,,4965
jira,PL-6194,[Lending][VTP-LP] Expand url path viettelpost1 for new domain cashloan.cake.vn,,Story,Released,2024-09-30,ui,0,0,VDS_cashloan_LP,cashloan,1236
jira,PL-6207,[VNP-PL] - Process Vnpay paylater product on production,[Lending][VNP-PL] - [API] API Integration,Story,Released,2024-09-30,other,0,0,VNP_paylater,paylater,1507
jira,PL-6249,[FPT-PL][CR] Thêm field response api get-loan-detail,[Lending][FPT-PL] Onboarding,Story,Released,2024-10-10,api;ui,0,0,FPT_paylater,paylater,1024
jira,PL-6255,[DOP] - Quick Fix Current Problems of DOP,,Epic,Done,2026-07-23,other,0,0,,,667
jira,PL-6264,[Cake-Internal-CORE-Test] Auto testing for Core,,Story,Released,2025-01-09,other,0,0,,,673
jira,PL-6279,[FPT-PL][CR] Change response khi gọi payment-request với same ref_id,[Lending][FPT-PL] Onboarding,Story,Released,2024-10-09,other,0,0,FPT_paylater,paylater,1404
jira,PL-6289,"[Lending][OPS] - Apply Write off to Overdraft, Cashloan, Paylater",[Lending][Ops] - Lending Operations,Epic,Done,2024-11-05,other,0,0,CAKE_overdraft,cashloan;paylater;od,842
jira,PL-6294,"[Lending] Adapt to Circular 17, 18",,Initiative,Done,2025-06-22,other,0,0,,,419
jira,PL-6307,[Lending][Write-off] - Reject write-off if user is Blacklisted on Mambu,"[Lending][OPS] - Apply Write off to Overdraft, Cashloan, Paylater",Story,Released,2024-11-04,ui,0,0,CAKE_overdraft,cashloan;paylater;od,1281
jira,PL-6308,[Lending][Write-off] - Update status Write-off on Backend/Mambu,"[Lending][OPS] - Apply Write off to Overdraft, Cashloan, Paylater",Story,Released,2024-11-04,other,0,0,CAKE_overdraft,cashloan;paylater;od,1715
jira,PL-6309,[Lending][Write-off] - Separate report for Write-off accounts - Cashloan,"[Lending][OPS] - Apply Write off to Overdraft, Cashloan, Paylater",Story,Released,2024-10-30,other,0,0,CAKE_overdraft,cashloan;paylater;od,1729
jira,PL-6310,[Lending][Write-off] - Separate report for Write-off accounts - Paylater,"[Lending][OPS] - Apply Write off to Overdraft, Cashloan, Paylater",Story,Released,2024-10-30,other,0,0,CAKE_overdraft,cashloan;paylater;od,1581
jira,PL-6311,[Lending][Write-off] - Separate report for Write-off accounts - OD,"[Lending][OPS] - Apply Write off to Overdraft, Cashloan, Paylater",Story,Released,2024-10-30,other,0,0,CAKE_overdraft,cashloan;paylater;od,1479
jira,PL-6312,[Lending][Write-off] - Allow repayment for Write-off accounts - Overdraft,"[Lending][OPS] - Apply Write off to Overdraft, Cashloan, Paylater",Story,Released,2024-11-04,other,0,0,CAKE_overdraft,cashloan;paylater;od,1473
jira,PL-6313,[Lending][Write-off] - Update app display for Write-off accounts,[WO] Collection for Write-off accounts,Story,Released,2024-12-18,other,0,0,BE_paylater;NGS_cashloan;VT_Cashloan_S;FPT_paylater,,1712
jira,PL-6315,[Lending][Write-off] - Reject write-off if OD account is not Pernament Locked,"[Lending][OPS] - Apply Write off to Overdraft, Cashloan, Paylater",Story,Released,2024-11-04,other,0,0,CAKE_overdraft,cashloan;paylater;od,1070
jira,PL-6321,[Lending][Write-off] - Allow repayment for Write-off accounts - Cashloan,"[Lending][OPS] - Apply Write off to Overdraft, Cashloan, Paylater",Story,Released,2024-11-04,other,0,0,CAKE_overdraft,cashloan;paylater;od,1487
jira,PL-6323,[Lending][Write-off] - Allow repayment for Write-off accounts - Paylater,"[Lending][OPS] - Apply Write off to Overdraft, Cashloan, Paylater",Story,Released,2024-10-30,other,0,0,CAKE_overdraft,cashloan;paylater;od,1398
jira,PL-6325,[Lending][Write-off] - Revert write-off,"[Lending][OPS] - Apply Write off to Overdraft, Cashloan, Paylater",Story,Released,2024-11-04,other,0,0,CAKE_overdraft,cashloan;paylater;od,2735
jira,PL-6330,[Daily report] Remove undue instalments,,Story,Released,2024-11-04,ui,0,0,,,1507
jira,PL-6332,[VDS-CL] - Apply precheck generic for VDS Cashloan native API,[Lending][CORE] - Precheck information and Product policy,Story,Released,2024-10-30,policy-table-weak;ui,1,0,Viettel_Cashloan,cashloan,10118
jira,PL-6333,[CAK][CORE] - New pre-check rule (Whitelist),[Lending][CORE] - Precheck information and Product policy,Story,Released,2024-11-19,other,0,0,,,3138
jira,PL-6334,[VDS-CL] - Additional Fraud selfie check on VDS Cashloan,[Lending][CORE] - Precheck information and Product policy,Story,Released,2024-12-03,ui,0,0,Viettel_Cashloan,cashloan,2591
jira,PL-6363,[Lending][eKYC] - Change DOP api/web flow from TS to FA inhouse,,Epic,Done,2025-04-03,other,0,0,,,1261
jira,PL-6364,[GL] Building new Cake Core Accounting System(CAS) For Paylater,,Epic,Done,2024-10-23,gl,0,0,,paylater,513
jira,PL-6368,[Lending][DOP] - NTB - Change SDK TS to SDK inhouse for eKYC on DOP webview,[Lending][eKYC] - Change DOP api/web flow from TS to FA inhouse,Story,Released,2024-12-22,ui,0,0,BE_paylater,,3857
jira,PL-6370,[Lending][eKYC] - Change face match flow from TS to EKYC inhouse on partner & DOP,[Lending][eKYC] - Change DOP api/web flow from TS to FA inhouse,Story,Released,2024-10-25,gl;ui,0,0,BE_paylater;VT_Cashloan_S;VT_Payday_S,,5200
jira,PL-6393,[E-sign] - Production deploy requirement,[E-Sign] - Integration Savis Esign contract,Story,Released,2024-10-30,other,0,0,,,1671
jira,PL-6401,"[VNPOST-CL] - Integrate DOP, Loan with partner Vnpost",[VNPOST-CL] - VNPOST Cashloan product,Epic,Done,2024-12-23,ui,0,0,VPO_cashloan,cashloan,1034
jira,PL-6402,"[VNPOST-CL] - Internal API DOP, LMS",[VNPOST-CL] - VNPOST Cashloan product,Epic,Done,2024-12-11,other,0,0,VPO_cashloan,cashloan,533
jira,PL-6403,[VNPOST-CL] - Internal Mobile App & Cake portal,[VNPOST-CL] - VNPOST Cashloan product,Epic,Done,2024-12-04,other,0,0,CAKE_cashloan;VPO_cashloan,cashloan,557
jira,PL-6405,[Lending][DOP] - Điều chỉnh hiển thị mã lỗi generic ,"[CAK-DOP] - DOP Enhancement June2024 - NGS CL, BE CL, BE PL",Story,Released,2024-10-29,ui,0,0,BE_paylater;NGS_cashloan;FPT_paylater;Be_Cashloan,cashloan;paylater,2498
jira,PL-6420,[Model] - Process Be x Cake model to Score service,,Epic,Done,2024-11-27,ui,0,0,,,1230
jira,PL-6421,[Model] - Expose API allow external call to get the data (BC-01),[Model] - Process Be x Cake model to Score service,Story,Released,2024-11-15,api,0,0,,,3073
jira,PL-6422,[Model] - Integrate Be x Cake model to Score service (BC-02),[Model] - Process Be x Cake model to Score service,Story,Released,2024-11-19,api,0,0,,,3483
jira,PL-6426,[Lending][MWG-CL] - Improve some logic,"[MWG-CL][DOP] - Integration DOP, allow Onboard MWG Cashloan",Story,Released,2024-10-30,ui,0,0,MWG_cashloan,cashloan,1542
jira,PL-6430,[VNPOST-CL][API] - Create API allow Vnpost to get the loan detail,"[VNPOST-CL] - Integrate DOP, Loan with partner Vnpost",Story,Released,2024-11-28,api,0,0,VPO_cashloan,cashloan,2636
jira,PL-6431,[VNPOST-CL][API] - Create API allow Vnpost repayment,"[VNPOST-CL] - Integrate DOP, Loan with partner Vnpost",Story,Released,2024-11-28,api,0,0,VPO_cashloan,cashloan,2578
jira,PL-6432,[VNPOST-CL][API] - Create API allow Vnpost termination from Postpay app,"[VNPOST-CL] - Integrate DOP, Loan with partner Vnpost",Story,Released,2024-11-28,policy-table;api,4,0,VPO_cashloan,cashloan,4887
jira,PL-6434,[VNPOST-CL][API] - Create API allow Vnpost call to get the DOP URL,"[VNPOST-CL] - Integrate DOP, Loan with partner Vnpost",Story,Released,2024-11-28,api,0,0,VPO_cashloan,cashloan,2603
jira,PL-6435,[VNPOST-CL][DOP] - ETB Onboarding Vnpost Cashloan,"[VNPOST-CL] - Integrate DOP, Loan with partner Vnpost",Story,Released,2024-11-28,policy-table;ui,4,0,VPO_cashloan;CAKE_cashloan,cashloan,17260
jira,PL-6439,[VNPOST-CL][API] - Create the Esign contract,"[VNPOST-CL] - Internal API DOP, LMS",Story,Released,2024-11-28,ui,0,0,VPO_cashloan,cashloan,1858
jira,PL-6440,[VNPOST-CL][API] - Create API allow DOP to get status on LMS,"[VNPOST-CL] - Internal API DOP, LMS",Story,Released,2024-11-28,api,0,0,VPO_cashloan,cashloan,2925
jira,PL-6441,[VNPOST-CL][API] - Adding pre-check generic to Vnpost Cashloan,"[VNPOST-CL] - Internal API DOP, LMS",Story,Released,2024-11-28,policy-table-weak;api,1,0,NGS_cashloan;VT_Cashloan_S;Be_Cashloan;CAKE_cashloan;MWG_cashloan;VNP_cashloan;Viettel_Cashloan;VPO_cashloan,cashloan,6246
jira,PL-6442,[VNPOST-CL][API] - Loan register API from DOP,"[VNPOST-CL] - Internal API DOP, LMS",Story,Released,2024-11-28,api,0,0,VPO_cashloan,cashloan,3749
jira,PL-6443,[VNPOST-CL][API] - Get Sign & Cancel Sign from DOP,"[VNPOST-CL] - Internal API DOP, LMS",Story,Released,2024-11-28,api,0,0,VPO_cashloan,cashloan,1900
jira,PL-6444,[VNPOST-CL][API] - Get OTP & Verify OTP from DOP,"[VNPOST-CL] - Internal API DOP, LMS",Story,Released,2024-11-28,api,0,0,VPO_cashloan,cashloan,3487
jira,PL-6446,[VNPOST-CL][APP] - Loan listing,[VNPOST-CL] - Internal Mobile App & Cake portal,Story,Released,2024-11-28,policy-table-weak;ui,1,0,VPO_cashloan,cashloan,2649
jira,PL-6447,[VNPOST-CL][APP] - Sign & Cancel contract process on Cake-app,[VNPOST-CL] - Internal Mobile App & Cake portal,Story,Released,2024-11-28,ui,0,0,CAKE_cashloan;VPO_cashloan,cashloan,3208
jira,PL-6448,[VNPOST-CL][APP] - Terminate contract,[VNPOST-CL] - Internal Mobile App & Cake portal,Story,Released,2024-11-28,policy-table;ui,3,0,VPO_cashloan,cashloan,3779
jira,PL-6449,[VNPOST-CL][APP] - Repayment transaction history,[VNPOST-CL] - Internal Mobile App & Cake portal,Story,Released,2024-11-28,policy-table;ui,3,0,VPO_cashloan,cashloan,2604
jira,PL-6450,[VNPOST-CL][APP] - Loan detail & repayment information,[VNPOST-CL] - Internal Mobile App & Cake portal,Story,Released,2024-11-28,policy-table;ui,4,0,VPO_cashloan,cashloan,8363
jira,PL-6451,[VNPOST-CL][Portal] - Config recording eKYC log in the profile detail,[VNPOST-CL] - Internal Mobile App & Cake portal,Story,Released,2024-11-28,ui,0,0,VPO_cashloan,cashloan,1419
jira,PL-6452,[VNPOST-CL][Portal] - Config display image in the image center,[VNPOST-CL] - Internal Mobile App & Cake portal,Story,Released,2024-11-28,ui,0,0,VPO_cashloan,cashloan,1559
jira,PL-6455,[FPT] - CR 20241014,[Lending][FPT] - Paylater,Epic,Done,2024-11-06,ui,0,0,FPT_paylater,paylater,1237
jira,PL-6456,[FPT-PL] Change display name on App Cake,[FPT] - CR 20241014,Story,Released,2024-10-28,ui,0,0,FPT_paylater,paylater,1167
jira,PL-6457,[FPT-PL] Change corporate account for disburse,[FPT] - CR 20241014,Story,Released,2024-10-28,other,0,0,FPT_paylater,paylater,1457
jira,PL-6464,[FPT-PL] Add step TKĐB to Revert,[FPT] - CR 20241014,Story,Released,2024-10-28,gl;ui,0,0,FPT_paylater,paylater,1373
jira,PL-6467,[BE-PL] - BePaylater as a source of fund on BeApp,,Epic,Done,2024-12-04,other,0,0,BE_paylater,paylater,838
jira,PL-6468,[BE-PL][API] - Payment request & payment confirm API,[BE-PL] - BePaylater as a source of fund on BeApp,Story,Released,2024-11-26,api;ui,0,0,BE_paylater,paylater,7671
jira,PL-6469,[BE-PL][API] - Service payment update & revert,[BE-PL] - BePaylater as a source of fund on BeApp,Story,Released,2024-11-26,api;ui,0,0,BE_paylater,paylater,8292
jira,PL-6470,[BE-PL][API] - Enhance API get-stransaction-list,[BE-PL] - BePaylater as a source of fund on BeApp,Story,Released,2024-11-26,api,0,0,BE_paylater,paylater,3878
jira,PL-6477,[CAK-CL] Update lãi suất cho sản phẩm Cake Cashloan,,Story,Released,2024-10-30,policy-prose;ui,0,7,CAKE_cashloan,cashloan,1971
jira,PL-6484,[Lending] - Tuân thủ chỉnh sách bảo hiểm OPES,,Epic,Done,2024-12-11,other,0,0,,,474
jira,PL-6485,[DOP] - Check box mua bảo hiểm OPES,[Lending] - Tuân thủ chỉnh sách bảo hiểm OPES,Story,Released,2024-11-07,ui,0,0,,,2297
jira,PL-6490,"[Lending] - Create & Store \""Form cam kết của khách hàng\"" cho CakeCL, BeCL, VDS LP, NGS CL",[Lending] - Tuân thủ chỉnh sách bảo hiểm OPES,Story,Released,2024-11-01,other,0,0,NGS_cashloan;VDS_cashloan_LP,cashloan,4056
jira,PL-6491,[VNP-CL][API] - Adjust API call to Vnpay: disburse-request,[VNP-CL][DOP] - DOP Process & Integration APIs,Story,Released,2024-10-30,api,0,0,VNP_cashloan,cashloan,2454
jira,PL-6512,[DOP] - Remodel BE,[DOP] - Remodel,Epic,Done,2025-04-22,other,0,0,,,671
jira,PL-6516,[FPT-PL] Change config thời gian được phép Revert,[FPT] - CR 20241014,Story,Released,2024-10-28,other,0,0,FPT_paylater,paylater,923
jira,PL-6518,[FPT-PL] Change latefee level,[FPT] - CR 20241014,Story,Released,2024-10-21,other,0,0,FPT_paylater,paylater,1203
jira,PL-6531,[Precheck]- Enhance logic Compare cho Precheck Generic,[FPT] - CR 20241014,Story,Released,2024-10-28,ui,0,0,FPT_paylater,,3730
jira,PL-6534,[VNPOST-CL] - Corebank Process,[VNPOST-CL] - VNPOST Cashloan product,Epic,Done,2024-12-04,other,0,0,VPO_cashloan,cashloan,549
jira,PL-6536,[Lending][eKYC] - ETB - Change facematch flow from TS TS to EKYC inhouse on Cake app,[Lending][eKYC] - Change DOP api/web flow from TS to FA inhouse,Story,Released,2024-11-01,other,0,0,,,2392
jira,PL-6539,[PL][CORE] Separate EOD for account upon user action,,Story,Released,2024-12-11,other,0,0,,paylater,1580
jira,PL-6543,[VNPOST-CL] - VNPOST Cashloan product,,Initiative,Done,2025-12-01,other,0,0,VPO_cashloan,cashloan,423
jira,PL-6561,[VNPOST-CL][CORE] - Send SMS to the customer when the application Approve / Disburse,[VNPOST-CL] - Corebank Process,Story,Released,2024-11-28,ui,0,0,VPO_cashloan,cashloan,1825
jira,PL-6563,[VNPOST-CL][Core] - Create account,[VNPOST-CL] - Corebank Process,Story,Released,2024-11-28,other,0,0,VPO_cashloan,cashloan,942
jira,PL-6565,[VNPOST-CL][Core] - Disburse,[VNPOST-CL] - Corebank Process,Story,Released,2024-11-28,other,0,0,VPO_cashloan,cashloan,1412
jira,PL-6566,[VNPOST-CL][Core] - Thanh toán 1 phần,[VNPOST-CL] - Corebank Process,Story,Released,2024-11-28,gl,0,0,VPO_cashloan,cashloan,1723
jira,PL-6567,[VNPOST-CL][Core] - Thanh toán toàn bộ,[VNPOST-CL] - Corebank Process,Story,Released,2024-11-28,gl,0,0,VPO_cashloan,cashloan,1450
jira,PL-6568,[VNPOST-CL][Core] - Tất toán trước hạn,[VNPOST-CL] - Corebank Process,Story,Released,2024-11-28,gl,0,0,VPO_cashloan,cashloan,1765
jira,PL-6569,[VNPOST-CL][Core] - Thanh toán tự động,[VNPOST-CL] - Corebank Process,Story,Released,2024-11-28,other,0,0,VPO_cashloan,cashloan,1173
jira,PL-6589,[FPT-PL] CR to Precheck Onboarding rule,[FPT] - CR 20241014,Story,Released,2024-10-28,other,0,0,CAKE_overdraft_TD;FPT_paylater,paylater,2721
jira,PL-6607,[Core][Paylater] - CR for fee/ statements,,Initiative,Done,2025-07-31,other,0,0,,paylater,479
jira,PL-6608,[OD] - Remove notifications cộng tiền CASA,,Story,Released,2024-10-30,ui,0,0,CAKE_overdraft,od,987
jira,PL-6629,[CAK-CORE][PL] - CR MIN,[Paylater][CORE] CR MIN,Epic,Done,2025-06-23,other,0,0,,paylater,609
jira,PL-6639,[OD] CR thu phí mở tài khoản OD,,Epic,Done,2025-07-01,other,0,0,CAKE_overdraft,od,452
jira,PL-6640,[OD] Điều chỉnh mức phí tạo tài khoản + không áp dụng cho các tài khoản Staff/TD,[OD] CR thu phí mở tài khoản OD,Story,Released,2024-11-18,ui,0,0,CAKE_overdraft_TD,od,1112
jira,PL-6661,[Lending][ALL] - Thay đổi template HĐTD cho Savis,[E-Sign] - Integration Savis Esign contract,Story,Released,2024-11-18,other,0,0,BE_paylater;NGS_cashloan;VT_Cashloan_S;VT_Payday_S,,8871
jira,PL-6664,[Paylater][Core] Điều chỉnh cách tính MIN,[CAK-CORE][PL] - CR MIN,Story,Released,2025-04-16,other,0,0,,paylater,1413
jira,PL-6666,[Paylater][Core] Thay đổi thứ tự repayment allocation,[CAK-CORE][PL] - CR MIN,Story,Released,2025-04-16,other,0,0,,paylater,949
jira,PL-6668,[Paylater][Core] Thay đổi logic unlock Temp_lock,[CAK-CORE][PL] - CR MIN,Story,Released,2025-06-23,other,0,0,,paylater,2326
jira,PL-6670,[Paylater][CORE] CR MIN,,Initiative,Draft,2025-01-20,other,0,0,,paylater,398
jira,PL-6675,[FPT-PL] Update lại logic ghi nhận firstname/lastname từ input fullname,[FPT] - CR 20241014,Story,Released,2024-10-28,ui,0,0,FPT_paylater,paylater,1060
jira,PL-6677,[VNPOST-CL][Core] - Accural Report,[VNPOST-CL] - Corebank Process,Story,Released,2024-11-28,other,0,0,VPO_cashloan,cashloan,666
jira,PL-6684,[VNPOST-CL][API] - Create API allow Vnpost update the disburse result,"[VNPOST-CL] - Integrate DOP, Loan with partner Vnpost",Story,Released,2024-11-28,api,0,0,VPO_cashloan,cashloan,4548
jira,PL-6687,[Cake-loan-report] Update maintenance window for DB,,Story,Released,2024-10-30,other,0,0,,,493
jira,PL-6695,[BeCL] - Đổi link trên nút Kiểm tra khoản vay,[Lending] - Enhancement Nov - Dec/2024,Story,Released,2024-12-05,ui,0,0,,,1200
jira,PL-6707,[DOP][MWG-CL] - Cập nhật field Số tiền bảo hiểm,[Lending] - Enhancement Nov - Dec/2024,Story,Released,2024-11-08,ui,0,0,MWG_cashloan,cashloan,1313
jira,PL-6711,[BE-PL][API] - Callback update status from LMS via gateway,[BE-PL] - BePaylater as a source of fund on BeApp,Story,Released,2024-11-26,api,0,0,BE_paylater,paylater,5071
jira,PL-6715,[FPT-PL] Statement for FPT Paylater,,Story,Released,2024-10-31,other,0,0,FPT_paylater,paylater,677
jira,PL-6723,[CAKE-CL] - Bổ sung nút ReKYC để khách hàng cập nhật thông tin,[Lending] - Enhancement Nov - Dec/2024,Story,Released,2024-12-04,ui,0,0,CAKE_cashloan,cashloan,1903
jira,PL-6729,"[Lending] - Create & Store \""Form cam kết của khách hàng\"" cho các MWG-CL, VDS PD, VNP-CL, VDS-CL, VDS-Bikeloan",[Lending] - Tuân thủ chỉnh sách bảo hiểm OPES,Story,Released,2024-11-12,other,0,0,Viettel_Cashloan;PD_Viettel;VDS_bikeloan;VNP_cashloan;VNP_payday;MWG_cashloan;MWG_payday,cashloan;payday;bikeloan,4971
jira,PL-6730,[DOP][Remodel] Integrate DOP Remodel for Be Cashloan,[DOP] - Remodel BE,Story,Released,2024-12-18,other,0,0,Be_Cashloan,cashloan,2404
jira,PL-6733,[Lending][eKYC] - Remove liveness when using EKYC inhouse on DOP,[Lending][eKYC] - Change DOP api/web flow from TS to FA inhouse,Story,Released,2024-11-18,other,0,0,,,1948
jira,PL-6735,[VDS][Cashloan] - Mapping code cho các case failed precheck,,Story,Released,2024-11-28,other,0,0,Viettel_Cashloan,cashloan,3239
jira,PL-6739,[Lending][Ops] - Áp dụng tool waive lãi cho các sản phẩm Paylater,[Lending][OPS] - Điều chỉnh waive lãi,Story,Released,2025-07-31,gl;ui,0,0,,paylater,1748
jira,PL-6744,[VDS-PD][DOP] - Create new field input when partner call create-token,[Lending] - Enhancement Nov - Dec/2024,Story,Released,2024-11-08,api,0,0,PD_Viettel,payday,1392
jira,PL-6752,[BE-PL SOF] RELEASE,,Story,Draft,2025-01-20,other,0,0,BE_paylater,paylater,485
jira,PL-6758,[WO] Collection for Write-off accounts,,Epic,Done,2026-08-12,other,0,0,,,462
jira,PL-6760,[Loan Report] Accrual Report V2,,Story,Released,2024-12-16,other,0,0,,,453
jira,PL-6765,[VNPOST-CL][DOP] Integration DOP with Datanest SMS OTP Flow,"[VNPOST-CL] - Integrate DOP, Loan with partner Vnpost",Story,Released,2025-01-15,gl;ui,0,0,VPO_cashloan,cashloan,3724
jira,PL-6789,[Lending] - Enhancement Nov - Dec/2024,,Epic,Done,2025-05-12,other,0,0,,,421
jira,PL-6791,[GSM Bikeloan] - Remove code Bikeloan,[Lending] - Enhancement Nov - Dec/2024,Story,Released,2024-11-29,other,0,0,GSM_bikeloan,bikeloan,1782
jira,PL-6793,[APP] - Support Dark mode,[Lending] - Enhancement Nov - Dec/2024,Story,Released,2025-04-14,ui,0,0,,,6068
jira,PL-6804,[MWG-PL] Release Note,[MWG-PL] Onboarding & Mobile App,Story,Released,2025-04-04,ui,0,0,MWG_paylater,paylater,1189
jira,PL-6807,Callout integration,,Epic,On-hold,2026-08-12,other,0,0,,,505
jira,PL-6808,[MWG-PL] - MWG Paylater on Cake App,,Initiative,Done,2025-04-04,other,0,0,MWG_paylater,paylater,585
jira,PL-6809,[MWG-Paylater] Scan QR code from MWG to Cake app,,Epic,Done,2024-11-27,other,0,0,MWG_paylater,paylater,539
jira,PL-6810,[MWG-PL] Onboarding & Mobile App,[MWG-PL] - MWG Paylater on Cake App,Epic,Done,2025-04-04,ui,0,0,MWG_paylater,paylater,1199
jira,PL-6811,[MWG-PL] Core bank config,[MWG-PL] - MWG Paylater on Cake App,Epic,Done,2025-02-12,other,0,0,MWG_paylater,paylater,511
jira,PL-6812,[MWG-PL] Order Payment - QR Flow,[MWG-PL] - MWG Paylater on Cake App,Epic,Done,2024-12-25,other,0,0,MWG_paylater,paylater,525
jira,PL-6813,[MWG-PL] Portal Config ,[MWG-PL] - MWG Paylater on Cake App,Epic,Done,2024-12-25,other,0,0,MWG_paylater,paylater,532
jira,PL-6818,[MWG-PL] Loan Listing,[MWG-PL] Onboarding & Mobile App,Story,Released,2024-12-17,ui,0,0,MWG_paylater,paylater,2736
jira,PL-6820,[MWG-PL] Scan QR at MWG Store,[MWG-PL] Onboarding & Mobile App,Story,Released,2024-12-17,ui,0,0,MWG_paylater,paylater,4964
jira,PL-6821,"[MWG-PL] Internal API, LMS, LOS",[MWG-PL] - MWG Paylater on Cake App,Epic,Done,2024-12-18,other,0,0,MWG_paylater,paylater,523
jira,PL-6823,[MWG-PL] Create Esign Contract,"[MWG-PL] Internal API, LMS, LOS",Story,Released,2024-12-17,other,0,0,MWG_paylater,paylater,969
jira,PL-6824,[MWG-PL] Loan register,"[MWG-PL] Internal API, LMS, LOS",Story,Released,2024-12-17,api,0,0,MWG_paylater,paylater,3487
jira,PL-6825,[MWG-PL][API] Get Esign & Cancel sign Contract,"[MWG-PL] Internal API, LMS, LOS",Story,Released,2024-12-17,api,0,0,MWG_paylater,paylater,2004
jira,PL-6826,[MWG-PL][API] Get OTP & Verify OTP,"[MWG-PL] Internal API, LMS, LOS",Story,Released,2024-12-17,api,0,0,MWG_paylater,paylater,3940
jira,PL-6828,[OD] Áp dụng 2 mức phí cho 2 nhóm khách hàng khác nhau,[OD] CR thu phí mở tài khoản OD,Story,Released,2024-11-18,other,0,0,CAKE_overdraft,od,891
jira,PL-6832,[BE-PL][API] - Whitelist the new IP Address,[BE-PL] - BePaylater as a source of fund on BeApp,Story,Released,2024-11-26,other,0,0,BE_paylater,paylater,885
jira,PL-6834,[Lending][Write-off] - Auto collect toàn bộ nợ của các tài khoản Write-off,[WO] Collection for Write-off accounts,Story,Released,2024-11-27,other,0,0,,,1349
jira,PL-6838,[MWG-PL][API] - Pre-check information & product policy,"[MWG-PL] Internal API, LMS, LOS",Story,Released,2024-12-17,policy-table-weak;ui,1,0,MWG_paylater,paylater,5000
jira,PL-6839,[BE][Paylater] Tăng hạn mức phê duyệt sản phẩm Be Paylater,,Story,Released,2024-11-18,policy-prose;ui,0,4,BE_paylater,paylater,1230
jira,PL-6843,[MWG-PL] ETB onboarding user,[MWG-PL] Onboarding & Mobile App,Story,Released,2024-12-17,policy-table;ui,3,0,MWG_paylater,paylater,12822
jira,PL-6848,[MWG-PL] [API] Generate Payment QR for MWG Order,[MWG-PL] Order Payment - QR Flow,Story,Released,2024-12-17,api;ui,0,0,MWG_paylater,paylater,10140
jira,PL-6850,[MWG-PL][PORTAL] - Config display image in the Image center,[MWG-PL] Portal Config ,Story,Released,2024-12-17,ui,0,0,MWG_paylater,paylater,1458
jira,PL-6851,[MWG-PL][PORTAL] - Config recording eKYC log in the Profile detail,[MWG-PL] Portal Config ,Story,Released,2024-12-17,ui,0,0,MWG_paylater,paylater,1515
jira,PL-6858,[OPES] - Chỉnh message khi untick checkbox OPES,[Lending] - Tuân thủ chỉnh sách bảo hiểm OPES,Story,Released,2024-12-04,other,0,0,MWG_cashloan;VNP_cashloan,,1200
jira,PL-6865,[MWG-PL] Loan details + Repayment,[MWG-PL] Onboarding & Mobile App,Story,Released,2024-12-17,policy-table-weak;ui,2,0,MWG_paylater,paylater,5799
jira,PL-6873,[MWG-PL] Scan QR to pay for MWG order,[MWG-PL] Order Payment - QR Flow,Story,Released,2024-12-17,policy-table-weak;ui,2,0,MWG_paylater,paylater,10646
jira,PL-6879,[Lending][ALL] - Thay đổi template HĐTD cho Savis - bổ sung,[E-Sign] - Integration Savis Esign contract,Story,Released,2024-12-02,other,0,0,VNP_paylater;FPT_paylater;VNP_cashloan,,6012
jira,PL-6880,[Lending] - Thay đổi mẫu hợp đồng cho OD,[E-Sign] - Integration Savis Esign contract,Story,Released,2025-02-04,ui,0,0,CAKE_overdraft,od,1478
jira,PL-6882,[MWG-PL][API] Get Loan Detail,[MWG-PL] Onboarding & Mobile App,Story,Released,2024-12-17,policy-table-weak;api,1,0,MWG_paylater,paylater,5001
jira,PL-6885,[Lending][Write-off] - Update APIs value for Write-off accounts,[WO] Collection for Write-off accounts,Story,Released,2024-12-18,other,0,0,BE_paylater;NGS_cashloan;VT_Cashloan_S;FPT_paylater,,1891
jira,PL-6892,[MWG-PL][API] Revert transaction,[MWG-PL] Order Payment - QR Flow,Story,Released,2024-12-17,api,0,0,MWG_paylater,paylater,5161
jira,PL-6893,[VNPOST-CL] Update deeplink điều hướng cho các màn hình báo lỗi,"[VNPOST-CL] - Integrate DOP, Loan with partner Vnpost",Story,Released,2024-11-28,ui,0,0,VPO_cashloan,cashloan,1244
jira,PL-6905,[VNPAY][CL] - Integration DOP with Datanest SMS OTP Flow,,Story,Open,2025-12-23,gl;ui,0,0,VNP_cashloan,cashloan,3727
jira,PL-6917,unblock sign vnp-cashloan and whitelist IP,,Story,Released,2024-11-22,other,0,0,VNP_cashloan,cashloan,475
jira,PL-6936,[MWG-PL][API] Update payment status,[MWG-PL] Order Payment - QR Flow,Story,Released,2024-12-17,api,0,0,MWG_paylater,paylater,4557
jira,PL-6949,[MWG-PL] Cập nhật thay đổi hạn mức & lãi suất cho MWG-PL,[MWG-PL] Core bank config,Story,Released,2024-12-17,policy-prose;ui,0,3,MWG_paylater,paylater,1212
jira,PL-6952,[MWG-PL] Integration with Datanest SMS OTP Flow,[MWG-PL] Onboarding & Mobile App,Story,Released,2024-12-17,gl;ui,0,0,MWG_paylater,paylater,2687
jira,PL-6954,[MWG-PL][Core] Core bank config,[MWG-PL] Core bank config,Story,Released,2024-12-17,other,0,0,MWG_paylater,paylater,1149
jira,PL-6956,[MWG-PL][Core] GL Config,[MWG-PL] Core bank config,Story,Released,2024-12-17,gl,0,0,MWG_paylater,paylater,834
jira,PL-6957,[VNPOST-CL][Core] Bổ sung điều kiện tất toán: thanh toán >1 kỳ,[VNPOST-CL] - Corebank Process,Story,Released,2024-11-28,other,0,0,VPO_cashloan,cashloan,936
jira,PL-6960,[CORE] - Payday ,,Epic,Done,2025-06-26,other,0,0,,payday,486
jira,PL-6968,[CAK-CORE] - Pre-check reject selfie supported,[Lending][CORE] - Precheck information and Product policy,Story,Released,2024-12-17,ui,0,0,,,2738
jira,PL-6976,[DOP] - API setup mock LOS auto approve/reject,[Lending] - Enhancement Nov - Dec/2024,Story,Released,2024-12-30,other,0,0,,,1457
jira,PL-6979,[MWG-PL][Core] Disbursement,[MWG-PL] Core bank config,Story,Released,2024-12-17,gl,0,0,MWG_paylater,paylater,956
jira,PL-6981,[MWG-PL][Core] Repayment & Revert,[MWG-PL] Core bank config,Story,Released,2024-12-17,gl,0,0,MWG_paylater,paylater,2171
jira,PL-6983,[MWG-PL][Core] Accural Report,[MWG-PL] Core bank config,Story,Released,2024-12-17,other,0,0,MWG_paylater,paylater,727
jira,PL-6991,[MWG-PL][Core] Statement - DPD,[MWG-PL] Core bank config,Story,Released,2024-12-17,other,0,0,MWG_paylater,paylater,927
jira,PL-7004,[VNPOST-CL][Core] - Bổ sung step hoàn trả từ VNPOST,[VNPOST-CL] - Corebank Process,Story,Released,2024-11-28,gl,0,0,VPO_cashloan,cashloan,1901
jira,PL-7009,[MWG-PL] Update min amount due từ 30% -> 10%,[MWG-PL] Core bank config,Story,Released,2024-12-17,policy-prose;ui,0,3,MWG_paylater,paylater,917
jira,PL-7023,[BE-PL][API] - Adjust status process on API:get-loan-detail,[BE-PL] - BePaylater as a source of fund on BeApp,Story,Released,2024-12-03,api,0,0,BE_paylater,paylater,3216
jira,PL-7050,[VNP] - Điều chỉnh nội dung SMS khi phê duyệt và giải ngân,,Story,Released,2024-12-03,other,0,0,,,2037
jira,PL-7067,[MWG-PL][Core] CR to Disburse + Revert process,[MWG-PL] Core bank config,Story,Released,2024-12-17,gl,0,0,MWG_paylater,paylater,2827
jira,PL-7073,[SUPPORT] - Support automation test for each module if any,,Epic,Done,2025-01-01,other,0,0,,,678
jira,PL-7075,[MWG-PL][API] Cancel Transaction,[MWG-PL] Order Payment - QR Flow,Story,Released,2024-12-17,api,0,0,MWG_paylater,paylater,2453
jira,PL-7081,[MWG-PL] Termination,[MWG-PL] Onboarding & Mobile App,Story,Released,2024-12-17,policy-table;ui,3,0,MWG_paylater,paylater,5815
jira,PL-7083,[MWG-PL] Repayment,[MWG-PL] Onboarding & Mobile App,Story,Released,2024-12-17,policy-table-weak;ui,1,0,MWG_paylater,paylater,6152
jira,PL-7093,[VNPay] - Điều chỉnh T&C onboarding,[Lending] - Enhancement Nov - Dec/2024,Story,Released,2024-12-18,other,0,0,,,1082
jira,PL-7113,[DOP][Remodel] Change facematch stage in onboarding flow for ETB ,[DOP] - Remodel BE,Story,Released,2024-12-24,ui,0,0,,,1304
jira,PL-7135,[DOP] - Remodel,,Initiative,Done,2025-05-12,other,0,0,,,381
jira,PL-7136,[DOP] - Remodel FE,[DOP] - Remodel,Epic,Done,2025-04-18,other,0,0,,,433
jira,PL-7157,RLS cake-event-sourcing to handle collided events,,Story,Released,2024-12-04,other,0,0,,,489
jira,PL-7170,[VDS-CL] - Adjust error message Supported Selfie (PL-6334),[Lending][CORE] - Precheck information and Product policy,Story,Released,2024-12-05,other,0,0,Viettel_Cashloan;VDS_paylater,cashloan;paylater,1128
jira,PL-7190,[BE-PL][API] - Additional new payment hosting from Be,[BE-PL] - BePaylater as a source of fund on BeApp,Story,Released,2024-12-17,other,0,0,BE_paylater,paylater,951
jira,PL-7193,Deploy BE-PL onboarding,,Story,Released,2024-12-09,other,0,0,BE_paylater,paylater,437
jira,PL-7203,[DOP+API] - Bổ sung hợp đồng mở TKTT,,Story,Draft,2025-02-06,other,0,0,VDS_paylater;BE_paylater;VNP_paylater;NGS_cashloan;VT_Cashloan_S;VT_Payday_S;FPT_paylater;Be_Cashloan;MWG_cashloan;PD_Viettel;VNP_cashloan;Viettel_Cashloan,,1223
jira,PL-7205,[MWG-PL] Whitelist for IP list from MWG for SIT & UAT env,[MWG-PL] Order Payment - QR Flow,Story,Released,2024-12-09,other,0,0,MWG_paylater,paylater,753
jira,PL-7213,create dead letter queue cake-event-sourcing,,Story,Open,2025-01-20,other,0,0,,,434
jira,PL-7221,rls cake-loan-account to fix bug related to wrong event time,,Story,Released,2024-12-09,other,0,0,,,511
jira,PL-7223,change be-pl transaction history ref-id,,Story,Released,2024-12-09,other,0,0,BE_paylater,paylater,469
jira,PL-7227,[MWG-PL][APP] - Event tracking step by step for MWG Paylater,[MWG-PL] Onboarding & Mobile App,Story,Released,2024-12-31,ui,0,0,MWG_paylater,paylater,2670
jira,PL-7245,[Report] Investigate approach dual write vào BQ kết quả tính report thay vì phải chờ data sync,,Story,Draft,2025-01-20,other,0,0,,,535
jira,PL-7273,[DOP] Removing audit logs on DB,,Story,Released,2024-12-25,other,0,0,,,453
jira,PL-7283,[CORE][Payday] - Disbursement recorded in Inhouse Payday,[CORE] - Payday ,Story,Released,2025-04-16,gl,0,0,,payday,1624
jira,PL-7284,[CORE][Payday] - Repayment recorded in Inhouse Core,[CORE] - Payday ,Story,Released,2025-04-16,policy-table-weak;gl,1,0,,payday,2910
jira,PL-7287,[CORE][Payday] - EOD process in Core Inhouse,[CORE] - Payday ,Story,Released,2025-04-16,policy-table-weak;gl,2,0,,payday,2071
jira,PL-7302,[MWG-PL] IP Location tracking on mobile app,[MWG-PL] Onboarding & Mobile App,Story,Released,2024-12-31,ui,0,0,MWG_paylater,paylater,2347
jira,PL-7315,[MWG-PL] Add configuration for whitelisting partner_service_code on STG,[MWG-PL] Order Payment - QR Flow,Story,Released,2024-12-24,other,0,0,MWG_paylater,paylater,1942
jira,PL-7319,[VDS][API] - Additional partner_cake_score to API: client-create to all VDS product,[Lending][Ops] - Operation task by request - SH 2024 (Logs),Story,Released,2024-12-31,api,0,0,VDS_paylater;VT_Cashloan_S;VT_Payday_S;VDS_bikeloan;Viettel_Cashloan,,5055
jira,PL-7320,[E-sign] - Adjust permanent address sending to Savis,[E-Sign] - Integration Savis Esign contract,Story,Released,2025-02-20,other,0,0,,,909
jira,PL-7337,[CORE][Payday] - New method for interest + penalty calculation,[CORE] - Payday ,Story,Released,2025-04-16,gl,0,0,,payday,1627
jira,PL-7339,[VNPOST-CL] Update TnC điều khoản dịch vụ trên DOP,[VNP-CL][DOP] - DOP Process & Integration APIs,Story,Released,2024-12-18,other,0,0,VPO_cashloan,cashloan,609
jira,PL-7360,[MWG-CL] - Bổ sung thêm rule Pre-check sau khi verify phone,[Lending] - Enhancement Nov - Dec/2024,Story,Released,2025-01-14,ui,0,0,MWG_cashloan,cashloan,3523
jira,PL-7371,[Lending] Request add new columns to support Report,,Story,Released,2025-01-12,ui,0,0,,,951
jira,PL-7392,[ZLP-CL] ZaloPay Cashloan,,Initiative,Done,2025-04-04,other,0,0,ZLP_cashloan,cashloan,457
jira,PL-7393,[ZLP-CL] [API] - Onboarding Process & APIs Integration,[ZLP-CL] ZaloPay Cashloan,Epic,Done,2025-12-31,other,0,0,ZLP_cashloan,cashloan,535
jira,PL-7401,[Core] - Điều chỉnh thời gian Cut-off thanh toán khoản vay,[Lending] - Enhancement Nov - Dec/2024,Story,Released,2025-03-17,ui,0,0,,,1093
jira,PL-7402,[DOP] - Đổi tenant eKYC và FM,[Lending] - Enhancement Nov - Dec/2024,Story,Released,2024-12-30,other,0,0,,,1321
jira,PL-7404,Rls In Sprint,,Epic,Done,2025-03-18,other,0,0,,,380
jira,PL-7406,request grant access bitbucket https://bitbucket.org/cakedigitalbank/lending-core-test/,,Story,Open,2025-01-20,other,0,0,,,568
jira,PL-7407,[DOP][Remodel] - Apply Remodel for VNPay Cashloan,[DOP] - Remodel BE,Story,Released,2025-02-04,other,0,0,VNP_cashloan,cashloan,2781
jira,PL-7422,[ZLP-CL][CORE] LOS & CORE  ,[ZLP-CL] ZaloPay Cashloan,Epic,Done,2025-04-14,other,0,0,ZLP_cashloan,cashloan,464
jira,PL-7423,[ZLP-CL][MOBILE] Mobile App & Cake Portal,[ZLP-CL] ZaloPay Cashloan,Epic,Done,2025-04-14,other,0,0,CAKE_cashloan;ZLP_cashloan,cashloan,492
jira,PL-7424,[ZLP-CL][API] Check-profile,[ZLP-CL] [API] - Onboarding Process & APIs Integration,Story,Released,2025-03-18,policy-table-weak;api,1,0,ZLP_cashloan,cashloan,2768
jira,PL-7426,[ZLP-CL][API] Client-create,[ZLP-CL] [API] - Onboarding Process & APIs Integration,Story,Released,2025-03-18,api;ui,0,0,ZLP_cashloan,cashloan,6699
jira,PL-7429,[ZLP-CL][API] Client-update,[ZLP-CL] [API] - Onboarding Process & APIs Integration,Story,Released,2025-03-18,api,0,0,ZLP_cashloan,cashloan,2537
jira,PL-7431,[ZLP-CL][API] Loan-register,[ZLP-CL] [API] - Onboarding Process & APIs Integration,Story,Released,2025-03-18,api;ui,0,0,ZLP_cashloan,cashloan,1693
jira,PL-7433,[ZLP-CL][API] Get-status,[ZLP-CL] [API] - Onboarding Process & APIs Integration,Story,Released,2025-03-18,policy-table;api,4,0,ZLP_cashloan,cashloan,6367
jira,PL-7435,[ZLP-CL][API] Get-esign | Cancel-esign,[ZLP-CL] [API] - Onboarding Process & APIs Integration,Story,Released,2025-03-18,api,0,0,ZLP_cashloan,cashloan,2354
jira,PL-7437,[ZLP-CL][API] Get-otp | Verify-esign,[ZLP-CL] [API] - Onboarding Process & APIs Integration,Story,Released,2025-03-18,api,0,0,ZLP_cashloan,cashloan,3462
jira,PL-7439,[ZLP-CL][API] Get-loan-detail,[ZLP-CL] [API] - Onboarding Process & APIs Integration,Story,Released,2025-03-18,policy-table;api,3,0,ZLP_cashloan,cashloan,4320
jira,PL-7441,[ZLP-CL][API] Repayment-request | Repayment-confirm,[ZLP-CL] [API] - Onboarding Process & APIs Integration,Story,Released,2025-03-18,api;ui,0,0,ZLP_cashloan,cashloan,3903
jira,PL-7443,[ZLP-CL][API] Termination APIs ,[ZLP-CL] [API] - Onboarding Process & APIs Integration,Story,Released,2025-03-18,policy-table;api;ui,3,0,ZLP_cashloan,cashloan,5003
jira,PL-7447,[ZLP-CL][APP] Loan Listing,[ZLP-CL][MOBILE] Mobile App & Cake Portal,Story,Released,2025-03-18,ui,0,0,ZLP_cashloan,cashloan,2561
jira,PL-7450,[ZLP-CL][CORE] Disbursement,[ZLP-CL][CORE] LOS & CORE  ,Story,Released,2025-03-18,other,0,0,ZLP_cashloan,cashloan,1067
jira,PL-7451,[ZLP-CL][CORE] Repayment,[ZLP-CL][CORE] LOS & CORE  ,Story,Released,2025-03-18,other,0,0,ZLP_cashloan,cashloan,953
jira,PL-7452,[ZLP-CL][CORE] Report,[ZLP-CL][CORE] LOS & CORE  ,Story,Released,2025-03-18,other,0,0,ZLP_cashloan,cashloan,776
jira,PL-7456,[ZLP-CL][APP] Termination on Cake App,[ZLP-CL][MOBILE] Mobile App & Cake Portal,Story,Released,2025-03-18,policy-table;ui,3,0,CAKE_cashloan;ZLP_cashloan,cashloan,6098
jira,PL-7459,[ZLP-CL][APP] Loan Detail,[ZLP-CL][MOBILE] Mobile App & Cake Portal,Story,Released,2025-03-18,policy-table-weak;ui,1,0,ZLP_cashloan,cashloan,1949
jira,PL-7462,[ZLP-CL][APP] Repayment on Cake app,[ZLP-CL][MOBILE] Mobile App & Cake Portal,Story,Released,2025-03-18,policy-table-weak;ui,1,0,CAKE_cashloan;ZLP_cashloan,cashloan,6501
jira,PL-7466,[ZLP-CL][PORTAL] Config display image in the Image center,[ZLP-CL][MOBILE] Mobile App & Cake Portal,Story,Released,2025-03-18,ui,0,0,ZLP_cashloan,cashloan,1071
jira,PL-7468,[ZLP-CL][PORTAL] - Config recording eKYC log in the Profile detail,[ZLP-CL][MOBILE] Mobile App & Cake Portal,Story,Released,2025-03-18,ui,0,0,ZLP_cashloan,cashloan,1068
jira,PL-7493,"[MWG-PL] Change logo MWG cho \""Ví trả sau MWG\"" trên loan listing",[MWG-PL] Onboarding & Mobile App,Story,Released,2025-02-05,ui,0,0,MWG_paylater,paylater,690
jira,PL-7516,[Lending][Ops] - Operation task by request - FH 2025 (Logs),,Epic,Done,2025-09-05,other,0,0,,,463
jira,PL-7519,Access vault from be-cake-eda project,,Story,Released,2025-01-09,other,0,0,,,705
jira,PL-7520,[VNPay-PL] - Điều chỉnh trả về lỗi khi có network error,,Story,Released,2026-01-07,ui,0,0,VNP_paylater,paylater,3021
jira,PL-7526,[MWG-PL] Add config for partner_service_code and partner_service_name on PROD env,[MWG-PL] Order Payment - QR Flow,Story,Released,2025-01-06,other,0,0,MWG_paylater,paylater,2886
jira,PL-7528,[MWG-PL] Add whitelist IP and public key for API calling on PROD,[MWG-PL] Order Payment - QR Flow,Story,Released,2025-02-05,other,0,0,MWG_paylater,paylater,832
jira,PL-7531,[Lending][NativeAPI] - Onboarding ETB reKYC internal - logic is_valid_user,[Lending] - Tuân thủ TT17 & TT18 - bổ sung,Story,Released,2025-02-03,other,0,0,,,1528
jira,PL-7547,auto-regression GL Lending,,Story,Released,2025-01-07,gl,0,0,,,443
jira,PL-7564,[DOP] - ETB FaceMatch toggle support productId,[Lending][eKYC] - Change DOP api/web flow from TS to FA inhouse,Story,Released,2025-01-09,other,0,0,,,1263
jira,PL-7570,[FPT-PL] Điều chỉnh cách tính phí chậm trả ,,Story,Released,2025-02-21,other,0,0,FPT_paylater,paylater,964
jira,PL-7572,[FPT-PL] Add new partner_service_code ,[Lending][FPT-PL] Onboarding,Story,Released,2025-02-05,other,0,0,FPT_paylater,paylater,1734
jira,PL-7598,[CORE] - Cashloan inhouse,,Epic,Done,2026-06-19,other,0,0,,cashloan,690
jira,PL-7599,[CORE][Cashloan] - Disbursement Inhouse,[CORE] - Cashloan inhouse,Story,Released,2026-04-07,gl,0,0,,cashloan,1754
jira,PL-7600,[CORE][Cashloan] - EOD Inhouse,[CORE] - Cashloan inhouse,Story,Released,2026-04-07,gl,0,0,,cashloan,4022
jira,PL-7602,[CORE][Cashloan] - GL Inhouse,[CORE] - Cashloan inhouse,Story,Released,2026-04-07,gl,0,0,,cashloan,1367
jira,PL-7603,[CORE][Cashloan] - Repayment + Terminate,[CORE] - Cashloan inhouse,Story,Released,2026-04-07,gl,0,0,,cashloan,3685
jira,PL-7604,[CORE] Calculate Interest for CC - Business,,Epic,Done,2025-03-23,other,0,0,,,664
jira,PL-7605,[CORE] Core Revolving Credit,[CORE] Core Revolving Credit,Epic,Done,2025-05-16,gl,0,0,,,485
jira,PL-7606,[CORE] Core Revolving Credit,,Initiative,Done,2025-07-31,gl,0,0,,,504
jira,PL-7607,[VDS-O2O] - Viettel Cashloan O2O product,,Initiative,Done,2025-04-18,other,0,0,VTPO_cashloan,cashloan,1029
jira,PL-7608,[ZLP-CL][API] Data-config,[ZLP-CL] [API] - Onboarding Process & APIs Integration,Story,Released,2025-03-18,api,0,0,ZLP_cashloan,cashloan,2908
jira,PL-7610,"[E-sign] - Addition the new function \""Signature Position\""",[E-Sign] - Integration Savis Esign contract,Story,Released,2025-02-20,api,0,0,,,2351
jira,PL-7616,[OD] Enhance logic Interest applied khi quá expiry date lần 2,,Story,Released,2025-02-21,other,0,0,CAKE_overdraft,od,1674
jira,PL-7619,[VDS-O2O] - Mock APIs,[VDS-O2O] - Viettel Cashloan O2O product,Epic,Done,2025-01-22,other,0,0,VTPO_cashloan,cashloan,1106
jira,PL-7620,[VDS-O2O] - [MockAPI] Cashloan Onboard process,[VDS-O2O] - Mock APIs,Story,Released,2025-01-21,other,0,0,VTPO_cashloan,cashloan,1540
jira,PL-7621,[VDS-O2O] - [MockAPI] Loan register API,[VDS-O2O] - Mock APIs,Story,Released,2025-01-21,other,0,0,VTPO_cashloan,,1438
jira,PL-7645,[VDS-O2O] - [MockAPI] Contract - Get Esign & Cancel Esign,[VDS-O2O] - Mock APIs,Story,Released,2025-01-21,other,0,0,VTPO_cashloan,,1392
jira,PL-7647,[VDS-O2O] - [MockAPI] Get OTP & Verify OTP manage rule,[VDS-O2O] - Mock APIs,Story,Released,2025-01-21,api,0,0,VTPO_cashloan,,2978
jira,PL-7648,[VDS-O2O] - [MockAPI] Get loan detail,[VDS-O2O] - Mock APIs,Story,Released,2025-01-21,other,0,0,VTPO_cashloan,,1079
jira,PL-7649,[VDS-O2O] - [MockAPI] Get status,[VDS-O2O] - Mock APIs,Story,Released,2025-01-21,other,0,0,VTPO_cashloan,,1013
jira,PL-7650,[VDS-O2O] - [MockAPI] Disbursement update,[VDS-O2O] - Mock APIs,Story,Released,2025-01-21,api,0,0,VTPO_cashloan,,982
jira,PL-7651,[VDS-O2O] - [MockAPI] Repayment,[VDS-O2O] - Mock APIs,Story,Released,2025-01-21,other,0,0,VTPO_cashloan,,1158
jira,PL-7652,[VDS-O2O] - [MockAPI] Terminate,[VDS-O2O] - Mock APIs,Story,Released,2025-01-21,other,0,0,VTPO_cashloan,,1198
jira,PL-7668,[ZLP-CL][API] Disburse-update,[ZLP-CL] [API] - Onboarding Process & APIs Integration,Story,Released,2025-03-18,api,0,0,ZLP_cashloan,cashloan,1478
jira,PL-7672,[Lending] User Ops trigger thu nợ từ Portal failed với FPT Paylater,,Story,Released,2025-01-17,ui,0,0,VDS_paylater;FPT_paylater,paylater,1107
jira,PL-7682,"[VDS-O2O] - LMS, LOS & Core settings",[VDS-O2O] - Viettel Cashloan O2O product,Epic,Done,2025-04-18,other,0,0,VTPO_cashloan,cashloan,1162
jira,PL-7685,[VDS-O2O][Core] - Create account,"[VDS-O2O] - LMS, LOS & Core settings",Story,Released,2025-03-27,other,0,0,VTPO_cashloan,,843
jira,PL-7695,[CRC] Config GL for Credit Card action,,Story,Released,2025-03-28,gl,0,0,,,698
jira,PL-7697,[ZLP-CL][API] /cash-loan/partner/account/transfer-fund,[ZLP-CL] [API] - Onboarding Process & APIs Integration,Story,Released,2025-03-18,api,0,0,ZLP_cashloan,cashloan,4731
jira,PL-7699,[VDS-O2O][Core] - Disburse,"[VDS-O2O] - LMS, LOS & Core settings",Story,Released,2025-03-27,other,0,0,VTPO_cashloan,,900
jira,PL-7702,[VDS-O2O][Core] - Repayment process,"[VDS-O2O] - LMS, LOS & Core settings",Story,Released,2025-03-27,other,0,0,VTPO_cashloan,,1394
jira,PL-7704,[VDS-O2O][Core] - Tất toán trước hạn,"[VDS-O2O] - LMS, LOS & Core settings",Story,Released,2025-03-27,gl,0,0,VTPO_cashloan,,948
jira,PL-7706,[VDS-O2O][Core] - Thanh toán tự động,"[VDS-O2O] - LMS, LOS & Core settings",Story,Released,2025-03-27,other,0,0,VTPO_cashloan,,1140
jira,PL-7708,[VDS-O2O] - Cake app,[VDS-O2O] - Viettel Cashloan O2O product,Epic,Done,2025-04-14,other,0,0,VTPO_cashloan,cashloan,1096
jira,PL-7709,[VDS-O2O][APP] - Loan listing,[VDS-O2O] - Cake app,Story,Released,2025-03-27,policy-table-weak;ui,1,0,VTPO_cashloan,,2653
jira,PL-7711,[VDS-O2O][APP] - Loan detail & repayment infomation,[VDS-O2O] - Cake app,Story,Released,2025-03-27,policy-table;ui,4,0,VTPO_cashloan,,8393
jira,PL-7714,[VDS-O2O][APP] - Payment transaction history,[VDS-O2O] - Cake app,Story,Released,2025-03-27,policy-table;ui,3,0,VTPO_cashloan,,3519
jira,PL-7717,[VDS-O2O][APP] - Termination contract,[VDS-O2O] - Cake app,Story,Released,2025-03-27,policy-table;ui,3,0,VTPO_cashloan,,3923
jira,PL-7720,[VDS-O2O][PORTAL] - Config display image in the Image center,[VDS-O2O] - Portal,Story,Released,2025-03-27,ui,0,0,VTPO_cashloan,,1434
jira,PL-7723,[VDS-O2O][PORTAL] - Config recording eKYC log in the Profile detail,[VDS-O2O] - Portal,Story,Released,2025-03-27,ui,0,0,VTPO_cashloan,,1315
jira,PL-7726,[VDS-O2O][PORTAL] - Allow process retry disburse or cancel process on Cake portal,[VDS-O2O] - Portal,Story,Released,2025-03-27,other,0,0,VTPO_cashloan,,1118
jira,PL-7739,[VDS-O2O][API] - APIs Integration,[VDS-O2O] - Viettel Cashloan O2O product,Epic,Done,2025-05-12,ui,0,0,VTPO_cashloan,cashloan,1194
jira,PL-7740,[VDS-O2O][API] - API data-config,[VDS-O2O][API] - APIs Integration,Story,Released,2025-03-27,api,0,0,VTPO_cashloan,,2623
jira,PL-7742,[VDS-O2O][API] - API check-profile,[VDS-O2O][API] - APIs Integration,Story,Released,2025-03-27,api;ui,0,0,VTPO_cashloan;VPO_cashloan;NGS_cashloan;VT_Cashloan_S;VT_Payday_S;Be_Cashloan;CAKE_cashloan;MWG_cashloan;VNP_cashloan;Viettel_Cashloan;ZLP_cashloan,,4999
jira,PL-7744,[VDS-O2O][API] - API client-create,[VDS-O2O][API] - APIs Integration,Story,Released,2025-03-27,api,0,0,VTPO_cashloan;FPT_paylater;VNP_cashloan;Viettel_Cashloan,,7421
jira,PL-7746,[VDS-O2O][API] - API client-update,[VDS-O2O][API] - APIs Integration,Story,Released,2025-03-27,api,0,0,VTPO_cashloan,,3094
jira,PL-7752,Grant permission sqllab,,Story,Released,2025-01-21,other,0,0,,,437
jira,PL-7755,[VDS-O2O][API] - API get-status,[VDS-O2O][API] - APIs Integration,Story,Released,2025-03-27,api,0,0,VTPO_cashloan,,2342
jira,PL-7757,[VDS-O2O][API] - API loan-register,[VDS-O2O][API] - APIs Integration,Story,Released,2025-03-27,api,0,0,VTPO_cashloan,,1916
jira,PL-7759,[VDS-O2O][API] - API loan-update,[VDS-O2O][API] - APIs Integration,Story,Released,2025-03-27,api,0,0,VTPO_cashloan,,1824
jira,PL-7761,[VDS-O2O][API] - API get-esign | contract-cancel,[VDS-O2O][API] - APIs Integration,Story,Released,2025-03-27,api,0,0,VTPO_cashloan,,2369
jira,PL-7763,[VDS-O2O][API] - API get-otp | verify-esign,[VDS-O2O][API] - APIs Integration,Story,Released,2025-03-27,api,0,0,VTPO_cashloan,,3882
jira,PL-7765,[VDS-O2O][API] - API disburse-update,[VDS-O2O][API] - APIs Integration,Story,Released,2025-03-27,api,0,0,VTPO_cashloan,,1875
jira,PL-7767,[VDS-O2O][API] - API get-loan-detail,[VDS-O2O][API] - APIs Integration,Story,Released,2025-03-27,api,0,0,VTPO_cashloan,,4296
jira,PL-7769,[VDS-O2O][API] - API repayment-request,[VDS-O2O][API] - APIs Integration,Story,Released,2025-03-27,api,0,0,VTPO_cashloan,,2226
jira,PL-7771,[VDS-O2O][API] - API repayment-confirm,[VDS-O2O][API] - APIs Integration,Story,Released,2025-03-27,policy-table-weak;api;ui,2,0,VTPO_cashloan,,2881
jira,PL-7773,[VDS-O2O][API] - Termination APIs,[VDS-O2O][API] - APIs Integration,Story,Released,2025-03-27,policy-table;api,6,0,VTPO_cashloan,,8607
jira,PL-7780,[VDS-O2O] - Portal,[VDS-O2O] - Viettel Cashloan O2O product,Epic,Done,2025-04-14,other,0,0,VTPO_cashloan,cashloan,1059
jira,PL-7783,[VDS-O2O][LMS] - Create the Esign contract,"[VDS-O2O] - LMS, LOS & Core settings",Story,Released,2025-03-27,ui,0,0,VTPO_cashloan,,2899
jira,PL-7809,[ZLP-CL][API] /cash-loan/cake/contract/callback,[ZLP-CL] [API] - Onboarding Process & APIs Integration,Story,Released,2025-03-18,api;ui,0,0,CAKE_cashloan;ZLP_cashloan,cashloan,4024
jira,PL-7819,[Lending] Điều chỉnh logic thu nợ tự động cho Paylater,,Story,Released,2025-03-19,other,0,0,,paylater,1362
jira,PL-7821,[Paylater] Thể hiện late fee + monthly fee vào sao kê ,,Story,Released,2025-07-22,other,0,0,,paylater,1850
jira,PL-7828,[Paylater] Điều chỉnh logic auto collection,,Story,Draft,2025-02-06,other,0,0,,paylater,1727
jira,PL-7839,[Be-PL][Precheck] - Precheck query bescore score by phone_number,,Story,Released,2025-03-03,ui,0,0,BE_paylater,paylater,4863
jira,PL-7863,[CAKE-CL][MWG-PL] Điều chỉnh session expired time to 3 days,,Story,Released,2025-03-07,ui,0,0,CAKE_cashloan;MWG_cashloan;MWG_paylater,cashloan;paylater,2704
jira,PL-7867,[ZLP-CL][PORTAL] Gán Source value cho eKYC flow,[ZLP-CL][MOBILE] Mobile App & Cake Portal,Story,Released,2025-03-18,ui,0,0,ZLP_cashloan,cashloan,742
jira,PL-7869,[MWG-PL] Block 'Thẻ cào điện tử' in the partner_service_code & partner_service_name,[MWG-PL] Order Payment - QR Flow,Story,Released,2025-02-11,other,0,0,MWG_paylater,paylater,1049
jira,PL-7873,[MWG-PL] - Block partner_staff_id to prevent cheating of generating QR code,[MWG-PL] Order Payment - QR Flow,Story,Released,2025-02-13,other,0,0,MWG_paylater,paylater,1335
jira,PL-7876,[MWG-PL] Check phone number của order và phone number của KH mở ví MWG PL,[MWG-PL] Order Payment - QR Flow,Story,Released,2025-02-12,ui,0,0,MWG_paylater,paylater,1715
jira,PL-7880,[MWG-PL] Update link T&C tại Landing page trên luồng Onboarding ,[MWG-PL] Onboarding & Mobile App,Story,Released,2025-03-05,other,0,0,MWG_paylater,paylater,1643
jira,PL-7889,[MWG-PL] Điểu chỉnh danh sách whitelist cho partner_service,[MWG-PL] Order Payment - QR Flow,Story,Released,2025-02-13,ui,0,0,MWG_paylater,paylater,1118
jira,PL-7891,[MWG-PL] - Limit hạn mức giao dịch quét QR payment <= 3M ,[MWG-PL] Order Payment - QR Flow,Story,Released,2025-02-13,other,0,0,MWG_paylater,paylater,941
jira,PL-7900,[MWG-PL] - Prevent user payment without location,[MWG-PL] Order Payment - QR Flow,Story,Released,2025-03-05,api;ui,0,0,MWG_paylater,paylater,5381
jira,PL-7902,[Lending] Điều chỉnh giao diện luồng onboarding Cake Cashloan,,Story,Released,2025-03-05,ui,0,0,CAKE_cashloan,cashloan,2769
jira,PL-7907,[MWG-CL] Chỉnh API để MWG gửi thêm thông tin Tên khách hàng sang để query CIC,,Story,Released,2025-03-14,api,0,0,MWG_cashloan,cashloan,4183
jira,PL-7908,[VDS-O2O][API Partner] - API partner-status-update,[VDS-O2O][API] - APIs Integration,Story,Released,2025-03-27,policy-table-weak;api,1,0,VTPO_cashloan,,3431
jira,PL-7909,"[VNP-CL] - Adjust note disburse on Mambu Vnpay Cashloan - 16:00, 14/02/2025",[Lending][Ops] - Operation task by request - FH 2025 (Logs),Story,Released,2025-03-19,ui,0,0,VNP_cashloan,cashloan,2460
jira,PL-7913,[VDS-O2O][API Partner] - API partner-disburse-request,[VDS-O2O][API] - APIs Integration,Story,Released,2025-03-27,api,0,0,VTPO_cashloan,,3486
jira,PL-7941,[App] - Prevent user submit without required field,[Lending] - Enhancement Operations 2025,Story,Released,2025-08-28,ui,0,0,,,1811
jira,PL-7969,[Lending] - Enhancement Operations 2025,,Epic,Done,2026-08-12,other,0,0,,,531
jira,PL-7975,[CAK-CL] Update config cho nhóm CAKEP01 Cake Cashloan,,Story,Released,2025-03-14,policy-prose;ui,0,2,CAKE_cashloan,cashloan,2010
jira,PL-7994,Apply retry for activity workflow,,Story,Released,2025-10-15,other,0,0,,,884
jira,PL-8005,[Lending] - Tuân thủ TT17 & TT18 - VDS Payday,"[Lending] Adapt to Circular 17, 18",Epic,Done,2025-06-22,other,0,0,PD_Viettel,payday,509
jira,PL-8008,[OD] - Hợp đồng OD bị thiếu field Giống với địa chỉ thường trú,[Lending] - Enhancement Operations 2025,Story,Released,2025-03-12,ui,0,0,CAKE_overdraft,od,1226
jira,PL-8010,[Payday] Điều chỉnh số tiền giải ngân,,Story,Released,2025-03-19,policy-table-weak;ui,1,0,,payday,8446
jira,PL-8012,[Paylater] Revert 1 phần,,Story,Released,2025-03-14,other,0,0,MWG_paylater,paylater,3298
jira,PL-8019,[Be-PL] - Điều chỉnh thời gian cho phép refund giao dịch thành 90 ngày,,Story,Released,2025-03-18,other,0,0,BE_paylater,paylater,1385
jira,PL-8022,[CORE][CRC] Disburse,[CORE] Core Revolving Credit,Story,Released,2025-04-14,gl,0,0,,,1881
jira,PL-8024,[CORE][CRC] Repayment,[CORE] Core Revolving Credit,Story,Released,2025-04-14,gl,0,0,,,1609
jira,PL-8026,[CORE][CRC] EOD + Interest,[CORE] Core Revolving Credit,Story,Released,2025-04-14,gl,0,0,,,2177
jira,PL-8027,[CORE][CRC] DPD + Fee,[CORE] Core Revolving Credit,Story,Released,2025-04-14,other,0,0,,,1441
jira,PL-8029,[ZLP-CL] Config Public_key and whitelist IP on Non-PROD,[ZLP-CL] [API] - Onboarding Process & APIs Integration,Story,Released,2025-03-05,other,0,0,ZLP_cashloan,cashloan,751
jira,PL-8037,[CORE][CRC] MIN allocation,[CORE] Core Revolving Credit,Story,Released,2025-04-14,other,0,0,,,1580
jira,PL-8044,[VDS-O2O][API] - API get-loan-detail bổ sung 2 field payment_amount,[VDS-O2O][API] - APIs Integration,Story,Released,2025-03-27,api;ui,0,0,VTPO_cashloan,,1812
jira,PL-8046,[VDS-CL][VDS-CL-PR]- API get-loan-detail bổ sung 2 field payment_amount,,Story,Released,2025-03-24,api;ui,0,0,VT_Cashloan_S;Viettel_Cashloan,cashloan,2691
jira,PL-8053,[ZLP-CL] - API get-loan-detail bổ sung 2 field payment_amount,[ZLP-CL] [API] - Onboarding Process & APIs Integration,Story,Released,2025-03-24,api;ui,0,0,ZLP_cashloan,cashloan,1693
jira,PL-8066,[CORE][CRC][CR] - Reverse feature,[CORE] Core Revolving Credit,Story,Released,2025-04-14,gl,0,0,,,952
jira,PL-8067,[CORE][CRC][CR] EOD tại ngày DPD 91,[CORE] Core Revolving Credit,Story,Released,2025-04-14,gl,0,0,,,1941
jira,PL-8084,[ALL] Delete unused toggles,Lending improve 2026,Story,Open,2026-08-12,ui,0,0,NGS_cashloan;Viettel_Cashloan,,3946
jira,PL-8092,[OPES][CakeCL] - Đổi link TnC bảo hiểm OPES,[Lending] - Enhancement Operations 2025,Story,Released,2025-03-18,ui,0,0,,,1538
jira,PL-8093,[VNPay Paylater] Điều chỉnh độ tuổi + hạn mức sản phẩm,,Story,Released,2025-03-19,policy-prose,0,2,VNP_paylater,paylater,1366
jira,PL-8096,[ZLP-CL][API] Support job_title to optional when get-esign,[ZLP-CL] [API] - Onboarding Process & APIs Integration,Story,Released,2025-03-18,other,0,0,ZLP_cashloan,cashloan,964
jira,PL-8103,ic-installment: new repo for ice,,Story,Released,2025-03-04,other,0,0,,,455
jira,PL-8126,[BePL] - Remove payment method through the old GL flow,,Story,Released,2025-03-27,gl,0,0,BE_paylater,,1275
jira,PL-8140,[BackEnd] - Instalment,Instalment,Epic,Done,2025-05-16,other,0,0,,,438
jira,PL-8141,[MWG-Paylater] Config danh sách whitelist cho partner service ,[MWG-PL] Order Payment - QR Flow,Story,Released,2025-04-04,other,0,0,MWG_paylater,paylater,3306
jira,PL-8156,[Contract][CL & PD] - Change the loan contract template because we switched to the Savis partner.,[Lending] - Enhancement Operations 2025,Story,Released,2025-03-31,ui,0,0,VTPO_cashloan;VPO_cashloan;VT_Cashloan_S;VT_Payday_S;Be_Cashloan;CAKE_cashloan;MWG_cashloan;PD_Viettel;VNP_cashloan;Viettel_Cashloan;ZLP_cashloan,cashloan;payday,2641
jira,PL-8158,[App] - Superloan,,Epic,On-hold,2026-06-20,other,0,0,,,423
jira,PL-8194,Installment for mwg paylater in cake app,Instalment,Epic,On-hold,2026-08-12,other,0,0,MWG_paylater,paylater,2087
jira,PL-8199,init schema ice,,Story,Released,2025-03-19,other,0,0,,,427
jira,PL-8200,Chặn ký khoản vay VPO cashloan,[Lending] - Enhancement Operations 2025,Story,Released,2025-03-11,ui,0,0,VPO_cashloan,cashloan,1374
jira,PL-8205,[VDS][Payday] - Điều chỉnh max giải ngân của Payday lên 7 triệu cho nhóm KH Repeated,,Story,Released,2025-03-31,policy-prose;ui,0,2,PD_Viettel,payday,1667
jira,PL-8207,[CAK-CL] Update config phí tất toán cho sản phẩm Cake Cashloan,,Story,Released,2025-03-19,policy-table-weak,1,0,CAKE_cashloan,cashloan,891
jira,PL-8209,[VPO-CL] - Cập nhật lãi suất cho KH Mass,,Story,Released,2025-03-31,policy-table-weak,2,0,VPO_cashloan,cashloan,1689
jira,PL-8211,Enrich thêm partner_cake_score cho các sản phẩm VDS,,Story,Released,2025-04-15,api,0,0,VDS_paylater;VT_Cashloan_S;VT_Payday_S;Viettel_Cashloan,,1616
jira,PL-8212,[CAK-CORE] - Instalment,Instalment,Epic,Done,2026-08-12,other,0,0,,,549
jira,PL-8213,[CAK-CORE][INS] - Thực hiện chuyển đổi trả góp,[CAK-CORE] - Instalment,Story,Released,2025-05-21,other,0,0,,,2254
jira,PL-8214,[CAK-CORE][INS] - Tạo tài khoản trả góp,[CAK-CORE] - Instalment,Story,Released,2025-05-20,gl,0,0,,,1943
jira,PL-8215,"[CAK-CORE][INS] - Action của tài khoản trả góp - Disburse, EOD, Due",[CAK-CORE] - Instalment,Story,Released,2025-05-21,other,0,0,,,1205
jira,PL-8216,[CAK-CORE][INS] - Điều chỉnh Paylater - Repayment Allocation,[CAK-CORE] - Instalment,Story,Released,2025-05-21,other,0,0,,paylater,958
jira,PL-8217,[CAK-CORE][INS] - Điều chỉnh Paylater - Terminate,[CAK-CORE] - Instalment,Story,Released,2025-05-21,other,0,0,,paylater,857
jira,PL-8218,[CAK-CORE][INS] - Điều chỉnh Paylater - Sao kê,[CAK-CORE] - Instalment,Story,Released,2025-05-21,other,0,0,,paylater,1217
jira,PL-8219,[CAK-CORE][INS] - Điều chỉnh Paylater - EOD,[CAK-CORE] - Instalment,Story,Released,2025-05-21,other,0,0,,paylater,1221
jira,PL-8267,[ZLP-CL] Config Public_key and whitelist IP on PROD,[ZLP-CL] [API] - Onboarding Process & APIs Integration,Story,Released,2025-03-18,other,0,0,ZLP_cashloan,cashloan,822
jira,PL-8281,[VDS-CL] - Không required field vds_fraud_score,,Story,Released,2025-03-24,other,0,0,Viettel_Cashloan,cashloan,2021
jira,PL-8289,Auto Change Phone Number on Cake app,,Epic,Done,2026-01-05,other,0,0,,,458
jira,PL-8304,[ZLP-CL] Bổ sung thêm IP config trên môi trường PROD,[ZLP-CL] [API] - Onboarding Process & APIs Integration,Story,Released,2025-04-04,other,0,0,ZLP_cashloan,cashloan,739
jira,PL-8321,Instalment,,Initiative,Done,2026-08-12,other,0,0,,,371
jira,PL-8325,[WO] WO for CC,,Epic,Done,2026-07-21,other,0,0,,,393
jira,PL-8326,[WO][CC] Generic Upload Portal,[WO] WO for CC,Story,Released,2025-11-13,ui,0,0,,,3983
jira,PL-8327,[WO][CC] Upload Portal - Write-off,[WO] WO for CC,Story,Released,2026-07-21,other,0,0,,,1995
jira,PL-8330,[APP] - Remove toggle lending_fa_inhouse,Lending improve 2026,Story,Open,2026-08-12,other,0,0,,,847
jira,PL-8334,"[VDS-CL] - Adjust range score & config vds_fraud_score, 09:00, 24/03/2025",[Lending][Ops] - Operation task by request - FH 2025 (Logs),Story,Released,2025-03-25,other,0,0,Viettel_Cashloan,cashloan,2156
jira,PL-8338,fix accidentally introduced performance bottleneck cake-schedule,,Story,Released,2025-04-02,other,0,0,,,519
jira,PL-8347,SmartPay,[QTV-PL] - Triển khai MWG Paylater trên ứng dụng QTV,Epic,Done,2025-06-24,other,0,0,MWG_paylater,paylater,1047
jira,PL-8348,[SmartPay] APIs repayment,SmartPay,Story,Released,2025-06-24,gl;ui,0,0,,,1626
jira,PL-8349,[SmartPay] API get-loan-detail,SmartPay,Story,Released,2025-06-24,ui,0,0,,,2114
jira,PL-8354,[Lending] Request update config nhóm CAKEM01,,Story,Released,2025-03-31,ui,0,1,CAKE_cashloan,,1061
jira,PL-8360,[QTV-PL] - Triển khai MWG Paylater trên ứng dụng QTV,,Initiative,Done,2025-12-24,ui,0,1,MWG_paylater,paylater,9076
jira,PL-8361,[MWG-PL][QTV] - Design,[QTV-PL] - Triển khai MWG Paylater trên ứng dụng QTV,Epic,Done,2025-06-05,ui,0,0,MWG_paylater,paylater,479
jira,PL-8365,[VPO-CL] - Cập nhật rule trong Pre-check cho VPO CL,,Story,Released,2025-04-15,ui,0,0,VPO_cashloan,cashloan,4131
jira,PL-8368,[MWG-PL][QTV] - Spending,[QTV-PL] - Triển khai MWG Paylater trên ứng dụng QTV,Epic,Done,2025-05-26,ui,0,0,MWG_paylater,paylater,1240
jira,PL-8374,[Paylater] Min v3,[PL] - Minv3,Story,Released,2025-06-23,gl,0,0,,paylater,2980
jira,PL-8376,[MWG-PL][QTV][API external] - API generate-webview/payment-request,[MWG-PL][QTV] - Spending,Story,Released,2025-05-08,policy-table;api,3,0,MWG_paylater,paylater,7320
jira,PL-8378,[MWG-PL][QTV][Webview]- Webview spending,[MWG-PL][QTV] - Spending,Story,Released,2025-05-08,policy-table-weak;ui,1,0,MWG_paylater,paylater,6118
jira,PL-8379,[MWG-PL][QTV][API internal] - API payment-resend-otp,[MWG-PL][QTV] - Spending,Story,Released,2025-05-08,other,0,0,MWG_paylater,paylater,2892
jira,PL-8380,[MWG-PL][QTV][API internal] - API payment-confirm,[MWG-PL][QTV] - Spending,Story,Released,2025-05-08,policy-table-weak,1,0,MWG_paylater,paylater,2673
jira,PL-8382,[MWG-PL][QTV] - Loan management,[QTV-PL] - Triển khai MWG Paylater trên ứng dụng QTV,Epic,Done,2025-06-10,ui,0,0,MWG_paylater,paylater,1945
jira,PL-8383,[MWG-PL][QTV][API internal] - API get-transaction-list,[MWG-PL][QTV] - Loan management,Story,Released,2025-04-28,other,0,0,MWG_paylater,paylater,2182
jira,PL-8384,[MWG-PL][QTV][Webview] - Webview loan management,[MWG-PL][QTV] - Loan management,Story,Released,2025-06-10,policy-table-weak;ui,1,0,MWG_paylater,paylater,3845
jira,PL-8385,[MWG-PL][QTV][API internal] - API get-loan-detail,[MWG-PL][QTV] - Loan management,Story,Released,2025-04-28,other,0,0,MWG_paylater,paylater,1660
jira,PL-8388,[MWG-PL][QTV][API partner] - API partner-status-update,[MWG-PL][QTV] - Onboarding,Story,Released,2025-04-28,policy-table-weak;api;ui,1,0,MWG_paylater,paylater,4592
jira,PL-8406,[BE-PL] Enrich field total_paylater_active_limit,,Story,Released,2025-04-09,other,0,0,BE_paylater,paylater,487
jira,PL-8419,[MWG-PL][QTV][API external] - API payment-status,[MWG-PL][QTV] - Spending,Story,Released,2025-05-08,api,0,0,MWG_paylater,paylater,2473
jira,PL-8433,[MWG-PL][QTV][API external] - API generate-webview/loan-detail,[MWG-PL][QTV] - Loan management,Story,Released,2025-04-28,api,0,0,MWG_paylater,paylater,2634
jira,PL-8441,[Lending] Change score validate rule for VDS Cashloan,,Story,Released,2025-04-09,policy-table-weak;ui,2,0,Viettel_Cashloan,cashloan,3231
jira,PL-8443,[MWG-PL][QTV] - Precheck,[MWG-PL][QTV] - Onboarding,Story,Released,2025-04-28,policy-table-weak,1,0,MWG_paylater,paylater,2029
jira,PL-8446,[MWG-PL][QTV][API internal] - API get-installment-offering-list,[MWG-PL][QTV] - Installment,Story,Released,2025-05-23,other,0,0,MWG_paylater,paylater,1929
jira,PL-8449,[MWG-PL][QTV][API internal] - API get-installment-eligible,[MWG-PL][QTV] - Installment,Story,Released,2025-05-24,api;ui,0,0,MWG_paylater,paylater,2592
jira,PL-8450,[MWG-PL][QTV][API internal] - API installment_request,[MWG-PL][QTV] - Installment,Story,Released,2025-05-24,other,0,0,MWG_paylater,paylater,1749
jira,PL-8451,[MWG-PL][QTV][API internal] - API installment-resend-otp,[MWG-PL][QTV] - Installment,Story,Released,2025-05-24,ui,0,0,MWG_paylater,paylater,3659
jira,PL-8452,[MWG-PL][QTV][API internal] - API installment-confirm,[MWG-PL][QTV] - Installment,Story,Released,2025-05-24,policy-table-weak,1,0,MWG_paylater,paylater,2452
jira,PL-8462,[App][Contract][Cashloan] - Terminate loan,[Lending] - Enhancement Operations 2025,Story,Released,2025-06-03,policy-table-weak;ui,2,0,,cashloan,6486
jira,PL-8474,[MWG-PL][QTV][API external] - API payment-revert,[MWG-PL][QTV] - Spending,Story,Released,2025-04-16,api,0,0,MWG_paylater,paylater,2775
jira,PL-8485,[MWG-PL][QTV] - Installment,[QTV-PL] - Triển khai MWG Paylater trên ứng dụng QTV,Epic,Done,2025-06-06,ui,0,0,MWG_paylater,paylater,1286
jira,PL-8486,[MWG-PL][QTV][Webview] - Webview Installment,[MWG-PL][QTV] - Installment,Story,Released,2025-05-30,policy-table-weak;ui,2,0,MWG_paylater,paylater,8474
jira,PL-8488,[MWG-PL][QTV] - Send sms status approve and disburse,[MWG-PL][QTV] - Onboarding,Story,Released,2025-04-28,other,0,0,MWG_paylater,paylater,1708
jira,PL-8499,[BE][PL] - Điều chỉnh config product policy + precheck,,Story,Released,2025-05-05,policy-table-weak;ui,1,0,BE_paylater,paylater,1598
jira,PL-8501,pull prescreen data after grant permission,,Story,Released,2025-04-10,ui,0,0,,,475
jira,PL-8502,[APP] - Xây dựng luồng upload file đảm bảo sử dụng vốn đúng mục đích trên app Cake,,Story,Open,2025-08-14,ui,0,0,,,2048
jira,PL-8505,decommission of OD pre_approve_casa data for prescreen,,Story,Released,2025-07-22,ui,0,0,CAKE_overdraft,od,786
jira,PL-8509,[MWG-PL][QTV][LMS] - Rule spending,[MWG-PL][QTV] - Spending,Story,Released,2025-05-08,other,0,0,MWG_paylater,paylater,2030
jira,PL-8511,[MWG-PL][QTV][LMS] - Rule installment,[MWG-PL][QTV] - Installment,Story,Released,2025-05-24,policy-table-weak;policy-prose;ui,2,8,MWG_paylater,paylater,5967
jira,PL-8514,off vpbank fe blacklist,,Story,Released,2025-04-10,other,0,0,,,437
jira,PL-8527,[VDS][CL] - Điều chỉnh logic validate - 20250411,,Story,Released,2025-04-14,policy-table-weak;ui,2,0,Viettel_Cashloan,cashloan,2627
jira,PL-8535,[CAKE-CORE] tạo cơ chế link account,,Story,Released,2025-05-14,other,0,0,,,461
jira,PL-8537,[CC][CORE][INS] - CC change,,Epic,Done,2025-07-04,other,0,0,,,399
jira,PL-8538,[CC][CORE][INS] - Tạo tài khoản trả góp,[CC][CORE][INS] - CC change,Story,Released,2025-06-30,other,0,0,,,1712
jira,PL-8540,[CC][CORE][INS] - Action của tài khoản trả góp,[CC][CORE][INS] - CC change,Story,Released,2025-06-30,other,0,0,,,1135
jira,PL-8542,[CC][CORE][INS] - CC change - Repayment Allocation,[CC][CORE][INS] - CC change,Story,Released,2025-06-30,other,0,0,,,683
jira,PL-8543,[CC][CORE][INS] - CC change - Sao kê,[CC][CORE][INS] - CC change,Story,Released,2025-06-30,other,0,0,,,667
jira,PL-8544,[CC][CORE][INS] - CC change - EOD,[CC][CORE][INS] - CC change,Story,Released,2025-06-30,other,0,0,,,639
jira,PL-8554,[Cashloan] - Hợp đồng bị sai ngày thanh toán do ngày lễ nghỉ,[Lending] - Enhancement Operations 2025,Story,Released,2025-07-22,ui,0,0,,cashloan,2688
jira,PL-8562,[Permission][Bitbucket] add permission cho bucket lending-core-test,,Story,Draft,2025-04-14,other,0,0,,,481
jira,PL-8571,[MWG-PL][QTV][LMS] - Onboarding source,[MWG-PL][QTV] - Onboarding,Story,Released,2025-04-28,other,0,0,MWG_paylater,paylater,964
jira,PL-8585,[CC][CORE][CR] Adhoc update after release Core CC,[CORE] Core Revolving Credit,Epic,Done,2025-05-21,other,0,0,,,510
jira,PL-8586,[CC][CORE][CR] - Bổ sung thêm loại giao dịch Refund,[CC][CORE][CR] Adhoc update after release Core CC,Story,Released,2025-04-28,gl,0,0,,,1983
jira,PL-8587,[CC][CORE][CR] - Manual adjustment pen -> latefee,[CC][CORE][CR] Adhoc update after release Core CC,Story,Released,2025-04-28,policy-table,3,0,,,1591
jira,PL-8590,release los task sprint 159,,Story,Released,2025-04-15,other,0,0,,,598
jira,PL-8591,[VDS-O2O][Core] - Disburse - change Loan Amount on mambu,"[VDS-O2O] - LMS, LOS & Core settings",Story,Released,2025-05-07,policy-prose;ui,0,2,VTPO_cashloan,,829
jira,PL-8607,[VDS-O2O][API] - Add rule check CIC s37 to Precheck,[VDS-O2O][API] - APIs Integration,Story,Released,2025-05-05,other,0,0,VTPO_cashloan,,970
jira,PL-8611,Turn off loan-data mock dc-ngs-incomescore,,Story,Released,2025-04-16,other,0,0,,,475
jira,PL-8612,add idx on cl_installment_report,,Story,Released,2025-04-23,other,0,0,,cashloan,455
jira,PL-8614,add nacl in dc-ngs-incomescore for loan-data,,Story,Released,2025-04-16,other,0,0,,,479
jira,PL-8616,release dc services,,Story,Released,2025-04-16,other,0,0,,,429
jira,PL-8617,migration get pcb data flow,,Story,Released,2025-04-16,other,0,0,,,445
jira,PL-8618,rollback loan-data,,Story,Released,2025-04-16,other,0,0,,,427
jira,PL-8619,fix loan-data be-score,,Story,Released,2025-04-18,other,0,0,,,435
jira,PL-8620,[MWG-CL][LMS] - Set optional field job_title,,Story,Released,2025-04-17,other,0,0,MWG_cashloan,cashloan,1041
jira,PL-8630,[CC][CORE][CR] - Không update accounting_status WO -> NORM sau khi thanh toán,[CC][CORE][CR] Adhoc update after release Core CC,Story,Released,2025-04-28,other,0,0,,,1019
jira,PL-8632,[CC][CORE][CR] - Không thu phí latefee khi accounting_status WO,[CC][CORE][CR] Adhoc update after release Core CC,Story,Released,2025-04-28,other,0,0,,,997
jira,PL-8634,[CC][CORE][CR] - Chia case WO -> NORM/OBS khi revert WO,[CC][CORE][CR] Adhoc update after release Core CC,Story,Released,2025-04-28,gl;ui,0,0,,,1079
jira,PL-8638,ZLP CL - Change request flow giải ngân,,Epic,On-hold,2026-08-12,other,0,0,ZLP_cashloan,cashloan,670
jira,PL-8644,[Lending][Ops] - Lending Ops 2025,,Initiative,On-hold,2026-07-21,other,0,0,,,461
jira,PL-8654,All Products - Điều chỉnh phí tất toán 5% & Min 3 tháng mới được tất toán,,Epic,Done,2025-05-30,ui,0,1,VT_Cashloan_S,,1937
jira,PL-8655,[VDS][CL] - Điều chỉnh phí tất toán 5% + MIN 3 tháng tất toán,All Products - Điều chỉnh phí tất toán 5% & Min 3 tháng mới được tất toán,Story,Released,2025-05-15,policy-prose;ui,0,4,Viettel_Cashloan,cashloan,1786
jira,PL-8656,[CAKE][CL] - Điều chỉnh điều kiện Min 3 tháng mới được tất toán,All Products - Điều chỉnh phí tất toán 5% & Min 3 tháng mới được tất toán,Story,Released,2025-05-15,ui,0,1,CAKE_cashloan,cashloan,1229
jira,PL-8670,[MWG-PL][QTV][API external] - API get-loan-detail,[MWG-PL][QTV] - Loan management,Story,Released,2025-04-28,ui,0,0,MWG_paylater,paylater,1121
jira,PL-8689,[CC][CAKE][CR] - Thêm case Over_paid cho luồng GL WO/OBS,[CC][CORE][CR] Adhoc update after release Core CC,Story,Released,2025-04-28,gl;ui,0,0,,,970
jira,PL-8694,[CC][CORE][CR] - Không update accounting_status WO -> OBS tại DPD =11,[CC][CORE][CR] Adhoc update after release Core CC,Story,Released,2025-04-28,other,0,0,,,920
jira,PL-8699,  [MWG-PL][QTV] - Phase 2,[QTV-PL] - Triển khai MWG Paylater trên ứng dụng QTV,Epic,Done,2025-05-30,other,0,1,MWG_paylater,paylater,1234
jira,PL-8702,[MWG-PL][QTV][Webview] - Spending (phase 3),[MWG-PL][QTV] - Phase 3,Story,Released,2025-05-30,policy-table-weak;ui,1,0,MWG_paylater,paylater,5960
jira,PL-8704,[MWG-PL][QTV][Email] - Template sao kê,[MWG-PL][QTV] - Installment,Story,Released,2025-05-24,policy-table-weak;gl;ui,1,0,MWG_paylater,paylater,2512
jira,PL-8708,[CC][CORE][CR] - Add case SWAP OBS khi accounting_state = WO + add step SWAP NORMAL khi accounting_state = WO,[CC][CORE][CR] Adhoc update after release Core CC,Story,Released,2025-04-28,ui,0,0,,,938
jira,PL-8721,turn off precheck cic vpocashloan,,Story,Released,2025-04-28,other,0,0,,cashloan,457
jira,PL-8722,[CC][CORE][CR] - Add penalty khi book GL accounting_state = WO,[CC][CORE][CR] Adhoc update after release Core CC,Story,Released,2025-04-28,gl,0,0,,,760
jira,PL-8727,[SmartPay] Rule repayment,SmartPay,Story,Released,2025-06-24,gl,0,0,,,3404
jira,PL-8729,replay core account prod,,Story,Released,2025-05-06,other,0,0,,,439
jira,PL-8732,[MWG-PL][QTV][Phase3][API external] - API generate-webview/payment-request,[MWG-PL][QTV] - Phase 3,Story,Released,2025-05-23,ui,0,0,MWG_paylater,paylater,4391
jira,PL-8733,[MWG-PL][QTV][SmartPay][Webview] - Loan Management,SmartPay,Story,Released,2025-06-24,ui,0,0,MWG_paylater,paylater,2007
jira,PL-8735,[MWG-PL][QTV][Phase2][API external] - API get-loan-detail,  [MWG-PL][QTV] - Phase 2,Story,Released,2025-05-08,ui,0,0,MWG_paylater,paylater,1042
jira,PL-8743,[CAK-CORE][INS] - CR logic trích nợ,[CAK-CORE] - Instalment,Story,Released,2025-05-21,policy-prose;gl,0,2,,,5614
jira,PL-8745,[CAK-CORE][INS] - CR force post first instalments,[CAK-CORE] - Instalment,Story,Released,2025-05-21,gl,0,0,,,4041
jira,PL-8748,add cake-paylater-payment table installment,,Story,Released,2025-04-28,other,0,0,,paylater,477
jira,PL-8752,"[VDS-CL] - Decommission Viettel Landingpage Cashloan - 15:00, 28/04/2025",,Story,Released,2025-07-16,ui,0,0,VDS_cashloan_LP,cashloan,1178
jira,PL-8756,[MWG-PL][QTV] - Phase 3,[QTV-PL] - Triển khai MWG Paylater trên ứng dụng QTV,Epic,Done,2025-06-06,ui,0,0,MWG_paylater,paylater,1020
jira,PL-8769,[CC][Portal] - Enhance Journal Adjustment để xử lý move internal bucket trong Core,[CC][CORE] - Adjustment tools,Story,Released,2025-05-05,gl,0,0,,,2148
jira,PL-8773,[CC][CORE] - Adjustment tools,,Epic,Done,2025-07-18,other,0,0,,,545
jira,PL-8776,[CC][CORE] - Adjust due date for user (grace period),[CC][CORE] - Adjustment tools,Story,Released,2025-05-14,other,0,0,,,915
jira,PL-8783,[MWG-PL][QTV][API internal] - API get-active-installment,[MWG-PL][QTV] - Installment,Story,Released,2025-05-24,ui,0,0,MWG_paylater,paylater,2070
jira,PL-8786,rollout new version,,Story,Released,2025-05-07,other,0,0,,,429
jira,PL-8795,[VNP] - Gửi các status thông qua LMS,[Lending] - Enhancement Operations 2025,Story,Released,2025-05-27,other,0,0,VNP_paylater,,5346
jira,PL-8803,archive report,,Story,Released,2025-05-22,other,0,0,,,445
jira,PL-8810,[CAK-CORE][INS] - CR limit including instalments,[CAK-CORE] - Instalment,Story,Released,2025-05-21,gl;ui,0,0,,,2828
jira,PL-8822,[MWG-PL][QTV] - Chuyển đổi trả góp ngay sau khi giao dịch,[MWG-PL][QTV] - Phase 3,Story,Released,2025-05-30,ui,0,1,MWG_paylater,paylater,12253
jira,PL-8826,"[PL] Điều chỉnh config MIN + monthlyfee của các sản phẩm BE,VNP, FPT",,Story,Released,2025-05-15,other,0,0,BE_paylater;FPT_paylater;VNP_paylater,paylater,1408
jira,PL-8836,[KIT] change grpc retry middleware to backoff exponential,,Story,Draft,2025-05-12,other,0,0,,,461
jira,PL-8842,Update length of column phone_number,,Story,Released,2025-07-11,other,0,0,,,540
jira,PL-8860,rollout los dynamic model,,Story,Released,2025-05-14,other,0,0,,,441
jira,PL-8861,"[CC][CORE] - Tools to adjust GL based on internal_bucket, not affecting user balance",[CC][CORE] - Adjustment tools,Story,Released,2025-07-18,gl,0,0,,,3480
jira,PL-8862,[MWG-PL][QTV][API external] - Improve API generate-webview/loan-detail ,[MWG-PL][QTV] - Phase 4,Story,Released,2025-06-04,other,0,0,MWG_paylater,paylater,1117
jira,PL-8863,[MWG-PL][QTV] - Phase 4,[QTV-PL] - Triển khai MWG Paylater trên ứng dụng QTV,Epic,Done,2025-06-22,ui,0,0,MWG_paylater,paylater,2141
jira,PL-8873,rls QTV V2 core and related systems,,Story,Released,2025-05-22,other,0,0,,,461
jira,PL-8875,migration installment production table schemas,,Story,Released,2025-05-15,other,0,0,,,483
jira,PL-8879,rollout loan-management,,Story,Released,2025-05-15,other,0,0,,,437
jira,PL-8880,[MWG-PL][QTV][API external] - Block revert giao dịch sau khi đã installment,  [MWG-PL][QTV] - Phase 2,Story,Released,2025-05-23,other,0,0,MWG_paylater,paylater,1111
jira,PL-8884,[ZLP-CL] - Additional the NFC data and process NFC + ReEKYC onboarding,[ZLP-CL] - Adjustment phase after golive mass,Story,Released,2025-06-09,ui,0,0,ZLP_cashloan,cashloan,2193
jira,PL-8885,[ZLP-CL] - Change the API process disburse to ZLP & account disburse,[ZLP-CL] - Adjustment phase after golive mass,Story,Released,2025-07-22,api;ui,0,0,ZLP_cashloan,cashloan,5583
jira,PL-8886,VDS - Payday: New Flow + Precheck,,Epic,Done,2025-06-10,other,0,0,PD_Viettel,payday,411
jira,PL-8887,ZaloPay - CL - Phase 2 luồng link ví top up,,Epic,Done,2025-06-22,other,0,0,ZLP_cashloan,cashloan,565
jira,PL-8888,FPT - Paylater Integrates to Sendofarm,,Epic,Done,2025-12-03,other,0,0,FPT_paylater,paylater,615
jira,PL-8889,VDS - Payroll Điều chỉnh score cutoff,,Story,Released,2025-06-03,ui,0,0,VT_Cashloan_S;VT_Payday_S,,2345
jira,PL-8890,NorthStar - COD solution,,Epic,On-hold,2026-08-12,other,0,0,,,396
jira,PL-8891,VNPAY - Payday New product development,,Epic,On-hold,2026-08-12,other,0,0,VNP_payday,payday,541
jira,PL-8892,All Products - Xây dựng cơ chế đồng bộ thông tin đối soát bảo hiểm vs OPES qua API,,Epic,Done,2025-12-12,other,0,0,,,509
jira,PL-8893,[VDS-CL] - Offer based on telco_score band,,Epic,On-hold,2026-08-12,other,0,0,Viettel_Cashloan,cashloan,473
jira,PL-8894,[ZLP-CL] - Adjustment phase after golive mass,[ZLP-CL] ZaloPay Cashloan,Epic,Done,2025-07-23,other,0,0,ZLP_cashloan,cashloan,759
jira,PL-8897,[Techdebt][Paylater Payment] Allow config statement job,,Story,Released,2025-10-15,other,0,0,,paylater,501
jira,PL-8903,[MWG-PL][QTV] - Điều chỉnh công thức tính phí chuyển đổi trả góp,[MWG-PL][QTV] - Phase 4,Story,Released,2025-05-28,ui,0,0,MWG_paylater,paylater,1912
jira,PL-8912,[CC][CORE] - Add function to close Ice account,[CC][CORE] - Adjustment tools,Story,Released,2025-07-18,other,0,0,,,1193
jira,PL-8916,"[LOS] Auto enrich data in \""calculated\"" field in DS response",,Story,Released,2025-05-21,other,0,0,,,1682
jira,PL-8920,[Techdebt] Move NGS to farm,,Story,Released,2025-05-19,other,0,0,,,445
jira,PL-8922,rollout paylater-payment 1.0.86,,Story,Released,2025-05-20,other,0,0,,paylater,453
jira,PL-8929,rollout cake-cic,,Story,Released,2025-05-23,other,0,0,,,423
jira,PL-8930,rollout los,,Story,Released,2025-05-23,other,0,0,,,413
jira,PL-8935,[CAK-CORE][INS] - Add repayment khi Terminate,[CAK-CORE] - Instalment,Story,Released,2025-05-21,gl,0,0,,,964
jira,PL-8936,[MWG-PL][QTV][API external] - Enhance API payment-request,[MWG-PL][QTV] - Phase 4,Story,Released,2025-06-12,ui,0,0,MWG_paylater,paylater,1452
jira,PL-8937,[MWG-PL][QTV] - Màn hình thành công sau khi Spending,[MWG-PL][QTV] - Phase 4,Story,Released,2025-06-12,ui,0,0,MWG_paylater,paylater,2215
jira,PL-8939,[MWG-PL][QTV] - Improve màn hình có khoản vay tồn tại,[MWG-PL][QTV] - Phase 4,Story,Released,2025-06-12,ui,0,0,MWG_paylater,paylater,1546
jira,PL-8941,archive report,,Story,Released,2025-05-21,other,0,0,,,419
jira,PL-8954,rollout prescreen,,Story,Released,2025-05-23,ui,0,0,,,425
jira,PL-8955,[MWG-PL][QTV] - Điều chỉnh hiển thị Phí chuyển đổi trả góp,[MWG-PL][QTV] - Phase 4,Story,Released,2025-06-12,ui,0,0,MWG_paylater,paylater,1734
jira,PL-8956,[CAK-CORE][PL] - Terminate instalment,,Epic,Done,2025-08-20,other,0,0,,paylater,419
jira,PL-8958,[Paylater] Terminate Instalment,[CAK-CORE][PL] - Terminate instalment,Story,Released,2025-08-18,other,0,0,,paylater,2777
jira,PL-8959,[Paylater] Trigger Cancel Instalment when Original transaction is revert,[CORE][PL] - Change revert + terminate instalment automatically,Story,Released,2025-09-22,gl,0,0,,paylater,1521
jira,PL-8963,"[VDS-CL] - Adjust the max limitation loan VDS Cashloan - 10:30, 23/05/2025",[Lending][Ops] - Operation task by request - FH 2025 (Logs),Story,Released,2025-05-27,policy-table-weak,1,0,Viettel_Cashloan,cashloan,1785
jira,PL-8970,[PL][FPT] Add thêm Product Code cho nhóm khách hàng Sendofarm - PLFPT_02\n,FPT - Paylater Integrates to Sendofarm,Story,Released,2025-06-24,other,0,0,FPT_paylater,paylater,1364
jira,PL-8971,[MWG-PL][QTV] - Điều chỉnh config validate rule trả góp,[MWG-PL][QTV] - Phase 4,Story,Released,2025-05-27,policy-table-weak;ui,2,0,MWG_paylater,paylater,1346
jira,PL-8972,[PL][FPT] Store thêm thông tin về tài khoản Sendofarm,FPT - Paylater Integrates to Sendofarm,Story,Released,2025-06-24,api,0,0,FPT_paylater,paylater,6156
jira,PL-8975,Fraud risk management for account transaction,,Epic,On-hold,2026-08-12,other,0,0,,,642
jira,PL-8976,[VNPAY][CL] Điều chỉnh số tiền đề nghị vay về 30mil,,Story,Released,2025-06-10,ui,0,0,VNP_cashloan,cashloan,1347
jira,PL-8983,[VNP-PD] - VNPay Payday,,Initiative,Done,2026-04-11,ui,0,0,VNP_payday,payday,1274
jira,PL-8984,[VNP-PD] - Cake app & Portal,[VNP-PD] - VNPay Payday,Epic,Done,2025-08-28,other,0,0,CAKE_payday;VNP_payday,payday,461
jira,PL-8986,[CC][CORE] - GL CR,,Epic,Done,2025-06-23,gl,0,0,,,381
jira,PL-8987,[CC][CORE] - GL của action CLEAR_CREDIT chưa được map WO/OBS,[CC][CORE] - GL CR,Story,Released,2025-06-17,gl,0,0,,,804
jira,PL-8988,[CC][CORE] - GL của action REFUND chưa được map WO/OBS,[CC][CORE] - GL CR,Story,Released,2025-06-17,gl,0,0,,,772
jira,PL-8994,"[CC][CORE] - Tách GL của từng khoản phí, VAT",[CC][CORE] - GL CR,Story,Released,2025-06-17,gl;ui,0,0,,,1397
jira,PL-9003,[PL][CORE] - Điều chỉnh cách tính Hạn mức của Paylater,,Story,Released,2025-05-27,gl;ui,0,0,,paylater,2058
jira,PL-9015,[Techdebt] Off-service turn-off register workflow for be-lending + ngs-lending,,Story,Released,2025-05-27,other,0,0,,,699
jira,PL-9017,[VDS-O2O] - Phase 2,[VDS-O2O] - Viettel Cashloan O2O product,Epic,Done,2025-06-17,other,0,0,VTPO_cashloan,cashloan,460
jira,PL-9021,[CAKE-PD] Cake Payday,,Initiative,Done,2025-09-05,other,0,0,CAKE_payday,payday,413
jira,PL-9022,"[CAKE-PD] - LOS, LMS and Core",[CAKE-PD] Cake Payday,Epic,Done,2025-08-13,other,0,0,CAKE_payday,payday,517
jira,PL-9026,add index on account_id in installment table,,Story,Released,2025-05-28,other,0,0,,,479
jira,PL-9029,rollout prescreen,,Story,Released,2025-05-28,ui,0,0,,,425
jira,PL-9031,[VDS-O2O][API] - API terminate-review thêm mã lỗi tất toán kỳ cuối,[VDS-O2O] - Phase 2,Story,Released,2025-06-16,policy-table-weak,1,0,VTPO_cashloan,,1144
jira,PL-9040,Delete database cake-mysql-ngs-lending-master,,Story,Released,2025-05-30,other,0,0,,,1282
jira,PL-9044,[MWG-PL][QTV] - Phase 5,[QTV-PL] - Triển khai MWG Paylater trên ứng dụng QTV,Epic,Done,2025-07-03,other,0,0,MWG_paylater,paylater,686
jira,PL-9047,[MWG-PL][QTV] - Điều chỉnh màn hình Lịch sử giao dịch,[MWG-PL][QTV] - Phase 5,Story,Released,2025-06-24,ui,0,0,MWG_paylater,paylater,1153
jira,PL-9049,[MWG-PL][QTV] - Điều chỉnh hiển thị T&C,[MWG-PL][QTV] - Phase 4,Story,Released,2025-06-13,ui,0,0,MWG_paylater,paylater,2101
jira,PL-9051,[Cake-PD] - Cake App & Portal,[CAKE-PD] Cake Payday,Epic,Done,2025-09-05,ui,0,0,CAKE_payday,payday,935
jira,PL-9061,[DOP] - Điều chỉnh HĐTD,[MWG-PL][QTV] - Phase 5,Story,Released,2025-06-24,ui,0,0,MWG_paylater,paylater,1194
jira,PL-9064,[MWG-PL][QTV] - QR repayment using VAN,[VAN] QTV VAN Loan Repayment,Story,Released,2025-06-23,policy-table-weak;gl;ui,1,0,MWG_paylater,paylater,9841
jira,PL-9067,archive report,,Story,Released,2025-10-15,other,0,0,,,432
jira,PL-9070,[Core][IC-Product] Create Service,,Story,Released,2025-06-30,other,0,0,,,466
jira,PL-9071,[Cake-PD] - ETB onboarding on app Cake,[Cake-PD] - Cake App & Portal,Story,Released,2025-07-14,policy-table-weak;ui,2,0,MWG_paylater;CAKE_payday,payday,12101
jira,PL-9074,[Cake-PD] - Loan list screen,[Cake-PD] - Cake App & Portal,Story,Released,2025-07-07,ui,0,0,CAKE_payday,payday,6691
jira,PL-9079,[Cake-PD] - Loan detail ,[Cake-PD] - Cake App & Portal,Story,Released,2025-07-07,policy-table-weak;ui,1,0,CAKE_payday,payday,5070
jira,PL-9081,[VNPay] - Điều chỉnh IP whitelist stage,,Story,Released,2025-06-03,other,0,0,,,626
jira,PL-9083,[ZLP-CL] - Improve error code API get-esign and API verify-esign,[ZLP-CL] - Adjustment phase after golive mass,Story,Released,2025-07-17,ui,0,0,ZLP_cashloan,cashloan,3553
jira,PL-9085,[ZLP-CL] - Bỏ rule Precheck kiểm tra NID hết hạn,[ZLP-CL] - Adjustment phase after golive mass,Story,Released,2025-06-24,other,0,0,ZLP_cashloan,cashloan,976
jira,PL-9086,[MWG-PL][QTV] - Điều chỉnh nhận diện thương hiệu,[MWG-PL][QTV] - Phase 4,Story,Released,2025-06-13,ui,0,0,MWG_paylater,paylater,1291
jira,PL-9093,[Cake-PD][Core] - Create account,"[CAKE-PD] - LOS, LMS and Core",Story,Released,2025-07-22,other,0,0,CAKE_payday,payday,984
jira,PL-9095,[Cake-PD][Core] - Disburse,"[CAKE-PD] - LOS, LMS and Core",Story,Released,2025-07-22,other,0,0,CAKE_payday,payday,1203
jira,PL-9097,[Cake-PD][Core] - Repayment process,"[CAKE-PD] - LOS, LMS and Core",Story,Released,2025-07-22,other,0,0,CAKE_payday,payday,1512
jira,PL-9101,[Cake-PD][Core] - Thanh toán tự động,"[CAKE-PD] - LOS, LMS and Core",Story,Released,2025-07-22,other,0,0,CAKE_payday,payday,953
jira,PL-9103,[Cake-PD][LMS] - Create the Esign contract,"[CAKE-PD] - LOS, LMS and Core",Story,Released,2025-07-22,other,0,0,CAKE_payday,payday,1755
jira,PL-9105,[Cake-PD][App] - Payment transaction history,[Cake-PD] - Cake App & Portal,Story,Released,2025-07-11,policy-table-weak;ui,1,0,CAKE_payday,payday,4119
jira,PL-9138,[Cake-PD] - Precheck,[Cake-PD] - Cake App & Portal,Story,Released,2025-07-07,policy-table-weak;api;ui,1,0,CAKE_payday,payday,4364
jira,PL-9144,[VAN] QTV VAN Loan Repayment,,Epic,Done,2026-06-20,ui,0,0,,,651
jira,PL-9162,[MWG-PL] - Lưu thêm field partner_original_amount,[MWG-PL][QTV] - Phase 4,Story,Released,2025-06-16,ui,0,0,MWG_paylater,paylater,1022
jira,PL-9170,All Product - Đổi Scheme tất toán (8% trươc 3 tháng và 5% sau 3 tháng),,Story,Released,2025-07-22,policy-table-weak;policy-prose,2,4,,,2425
jira,PL-9180,[MWG-PL][QTV] - Điều chỉnh hiển thị T&C Installment,[MWG-PL][QTV] - Phase 6,Story,Released,2025-07-07,ui,0,0,MWG_paylater,paylater,1507
jira,PL-9181,[MWG-PL][QTV] - Apply Rule Engine for QTV spending,[MWG-PL][QTV] - Phase 6,Story,Released,2025-07-07,ui,0,0,MWG_paylater,paylater,6179
jira,PL-9189,[PL] - Minv3,,Epic,Done,2025-06-23,ui,0,0,,paylater,420
jira,PL-9195,[Cake-PD] - Apply Datanest and toggle,[Cake-PD] - Cake App & Portal,Story,Released,2025-07-07,ui,0,0,CAKE_payday,payday,2340
jira,PL-9205,[VDS-CL] - Adjust API callback process,,Epic,Done,2025-06-23,other,0,0,Viettel_Cashloan,cashloan,527
jira,PL-9225,[E-sign] - Adjust chữ ký của tổ chức khi không sử dụng CKS,[E-Sign] - Integration IntrustCA Esign contract,Story,Released,2025-07-16,ui,0,0,,,2399
jira,PL-9228,[MWG-PL][QTV] - Phase 6,[QTV-PL] - Triển khai MWG Paylater trên ứng dụng QTV,Epic,Done,2025-09-05,other,0,0,MWG_paylater,paylater,480
jira,PL-9235,[VNP-PD] - API & Onboarding,[VNP-PD] - VNPay Payday,Epic,Done,2025-12-23,ui,0,0,VNP_payday,payday,1610
jira,PL-9236,[VNP-PD] - LOS and Core,[VNP-PD] - VNPay Payday,Epic,Done,2025-08-21,ui,0,0,VNP_payday,payday,1803
jira,PL-9239,[CC][CORE][INS] - CC change - Force post ins_prin_remaining - change accounting state to WO,[CC][CORE][INS] - CC change,Story,Released,2025-06-30,other,0,0,,,1240
jira,PL-9242,[VNPay-PD][API external] - Create DOP url to partner,[VNP-PD] - API & Onboarding,Story,Released,2025-08-19,ui,0,0,VNP_payday,payday,2232
jira,PL-9244,[VNPay-PD][API] - Callback update status from LMS to Vnpay,[VNP-PD] - API & Onboarding,Story,Released,2025-08-19,ui,0,0,VNP_payday,payday,3399
jira,PL-9246,[VNPay-PD][API] - Call API Disburse request & Expose API Disburse update,[VNP-PD] - API & Onboarding,Story,Released,2025-08-19,api;ui,0,0,VNP_payday,payday,6605
jira,PL-9247,[VNPay-PD][API] - API Get loan detail,[VNP-PD] - API & Onboarding,Story,Released,2025-08-19,gl;ui,0,0,VNP_payday,payday,3076
jira,PL-9248,[VNPay-PD][API] - API Repayment on Vnpay,[VNP-PD] - API & Onboarding,Story,Released,2025-08-19,ui,0,0,VNP_payday,payday,2109
jira,PL-9255,[VDS-CL] - Adjust API Viettel Cashloan,,Epic,In Progress,2026-08-18,other,0,0,Viettel_Cashloan,cashloan,949
jira,PL-9256,"[VDS-CL] - Update process call API, remove API: vds/auth",[VDS-CL] - Adjust API Viettel Cashloan,Story,Ready4Test,2026-08-17,api,0,0,CAKE_cashloan;Viettel_Cashloan,cashloan,9476
jira,PL-9257,[VDS-CL] - Adjust API callback update status KYC/LOS,[VDS-CL] - Adjust API Viettel Cashloan,Story,Ready4Test,2026-04-14,api,0,0,CAKE_cashloan;Viettel_Cashloan,cashloan,1916
jira,PL-9258,[VDS-CL] - Adjust API disburse-request,[VDS-CL] - Adjust API Viettel Cashloan,Story,Ready4Test,2026-04-14,api,0,0,CAKE_cashloan;Viettel_Cashloan,cashloan,1814
jira,PL-9259,[VDS-CL] - Adjust API get status (Ops portal),[VDS-CL] - Adjust API Viettel Cashloan,Story,Ready4Test,2026-04-14,api,0,0,CAKE_cashloan;Viettel_Cashloan,cashloan,1879
jira,PL-9271,[Cake-PD] - Apply Precheck v2,[Cake-PD] - Cake App & Portal,Story,Released,2025-07-07,ui,0,0,CAKE_payday,payday,2708
jira,PL-9280,[Lending][Ops] - Operation task by request - SH 2025 (Logs),,Epic,Done,2026-01-17,other,0,0,,,463
jira,PL-9285,[MWG-PL][QTV] - Phase 7,,Epic,Done,2026-08-12,other,0,0,MWG_paylater,paylater,432
jira,PL-9292,[PD][CORE] - Process the new payday with OPS/FIN in the ICE CORE,,Epic,Done,2025-08-13,other,0,0,,payday,473
jira,PL-9308,[Paylater] Build workflow to support adhoc Instalment Terminate request,[CAK-CORE][PL] - Terminate instalment,Story,Released,2025-08-18,other,0,0,,paylater,1934
jira,PL-9311,[ZLP-CL] - Không required field com trong nfc_data,[ZLP-CL] - Adjustment phase after golive mass,Story,Released,2025-07-22,ui,0,0,ZLP_cashloan,cashloan,1195
jira,PL-9313,archive report data,,Story,Released,2025-07-24,other,0,0,,,435
jira,PL-9326,ntb v2 score unmock,,Story,Released,2025-06-26,other,0,0,,,429
jira,PL-9329,[VDS-PD] - Tắt rule check thời gian hết hạn CCCD,,Story,Released,2025-06-27,other,0,0,PD_Viettel,payday,1573
jira,PL-9332,[Cake-PD][Core] - Repayment Allocation - WO,"[CAKE-PD] - LOS, LMS and Core",Story,Released,2025-07-22,other,0,0,CAKE_payday,payday,1080
jira,PL-9333,[Cake-PD][Core] - GL Entries,"[CAKE-PD] - LOS, LMS and Core",Story,Released,2025-07-22,gl,0,0,CAKE_payday,payday,1549
jira,PL-9346,[Cake-PD][Core] - EOD,"[CAKE-PD] - LOS, LMS and Core",Story,Released,2025-07-22,other,0,0,CAKE_payday,payday,2174
jira,PL-9350,[VAN] - Điều chỉnh description qua VAN,[VAN] QTV VAN Loan Repayment,Story,Released,2025-06-27,ui,0,0,,,1400
jira,PL-9355,[Cake-PD] - Đổi thông tin khoản vay trên các luồng sản phẩm,[Cake-PD] - Cake App & Portal,Story,Released,2025-07-22,policy-table-weak;ui,1,0,CAKE_payday,payday,2655
jira,PL-9361,[VDS-CL] - Additional the contract URL on API get-loan-detail when status = APPROVED,[VDS-CL] - Adjust API Viettel Cashloan,Story,Draft,2026-04-14,other,0,0,Viettel_Cashloan,cashloan,1429
jira,PL-9364,Migrate to ICE ,[Ice] Migration,Story,Released,2025-10-15,other,0,0,,,1207
jira,PL-9371,temporal permission,,Story,Released,2025-07-01,other,0,0,,,429
jira,PL-9383,[PL][CORE] - Migrate to ICE,,Epic,Done,2025-07-28,other,0,0,,paylater,633
jira,PL-9384,[PL][CORE] - ICE - Create account,[PL][CORE] - Migrate to ICE,Story,Released,2025-07-24,other,0,0,,paylater,1276
jira,PL-9385,[PL][CORE] - ICE - Disbursement,[PL][CORE] - Migrate to ICE,Story,Released,2025-07-24,gl,0,0,BE_paylater;FPT_paylater,paylater,1794
jira,PL-9386,[PL][CORE] - ICE - Repayment + Revert,[PL][CORE] - Migrate to ICE,Story,Released,2025-07-24,gl,0,0,,paylater,2275
jira,PL-9387,[PL][CORE] - ICE - EOD + Interest,[PL][CORE] - Migrate to ICE,Story,Released,2025-07-24,ui,0,0,,paylater,1793
jira,PL-9388,[PL][CORE] - ICE - DPD + Lock mechanism + Fee,[PL][CORE] - Migrate to ICE,Story,Released,2025-07-24,other,0,0,,paylater,1517
jira,PL-9389,[PL][CORE] - ICE - Statement,[PL][CORE] - Migrate to ICE,Story,Released,2025-07-24,other,0,0,,paylater,1204
jira,PL-9390,[PL][CORE] - ICE - Maturity,[PL][CORE] - Migrate to ICE,Story,Released,2025-07-24,other,0,0,,paylater,1322
jira,PL-9391,[PL][CORE] - ICE - Accounting flow,[PL][CORE] - Migrate to ICE,Story,Released,2025-07-24,gl,0,0,,paylater,1357
jira,PL-9392,[PL][CORE] - ICE - Instalment,[PL][CORE] - Migrate to ICE phase 2,Story,Released,2025-08-18,gl,0,0,,paylater,2231
jira,PL-9393,[PL][CORE] - ICE - Terminate,[PL][CORE] - Migrate to ICE,Story,Released,2025-07-24,other,0,0,,paylater,1096
jira,PL-9395,[OD] Block onboarding for MASS user,,Story,Released,2025-07-17,ui,0,0,CAKE_overdraft_TD;CAKE_overdraft,od,2424
jira,PL-9398,[stage] paylater spending validation,,Story,Released,2025-07-02,other,0,0,,paylater,463
jira,PL-9406,[Cake-PD][Core] - WO Portal,"[CAKE-PD] - LOS, LMS and Core",Story,Released,2025-08-13,ui,0,0,CAKE_payday,payday,5704
jira,PL-9414,[CC][CORE][INS] - Force post ins_prin_remaining case DPD = 91,[CC][INS] - Enhance after UAT,Story,Released,2025-08-14,gl,0,0,,,1838
jira,PL-9422,release lock wf mechanism,,Story,Released,2025-07-08,other,0,0,,,441
jira,PL-9423,[CORE-PL] - Update logic terminate ,,Story,Released,2025-07-10,gl,0,0,VDS_paylater;BE_paylater;VNP_paylater;FPT_paylater;MWG_paylater,paylater,2461
jira,PL-9435,release dc-ngs-incomescore http code,,Story,Released,2025-07-09,other,0,0,,,463
jira,PL-9460,[PL][CORE] - ICE - GL,[PL][CORE] - Migrate to ICE,Story,Released,2025-07-28,gl,0,0,BE_paylater;FPT_paylater,paylater,777
jira,PL-9473,[ICE][Lending-Engine] add index for lending_actions in ICE,,Story,Released,2025-07-24,other,0,0,,,641
jira,PL-9475,[Cake-PD] - Đổi icon màn hình Home,[Cake-PD] - Cake App & Portal,Story,Released,2025-07-22,ui,0,0,CAKE_payday,payday,3029
jira,PL-9479,[Ops][Portal] - Improve UI search and table Lending Ops,[Lending] - Enhancement Operations 2025,Story,Released,2025-08-04,ui,0,0,,,2044
jira,PL-9492,[MWG-PL][QTV] - Thêm ngày đến hạn thanh toán và trạng thái hạn mức,[MWG-PL][QTV] - Phase 7,Story,Released,2025-08-04,ui,0,0,MWG_paylater,paylater,1583
jira,PL-9504,[ICE][CORE] - Add bucket name and group bucket for metadata GL entry,,Story,Released,2025-07-30,gl,0,0,,,1507
jira,PL-9514,VDS PayLater - Thêm phần lãi vào scheme hiện tại và đổi cơ chế thu phí chậm trả,,Story,Released,2025-07-31,ui,0,0,VDS_paylater,paylater,1015
jira,PL-9528,unblock wo,,Story,Released,2025-07-24,other,0,0,,,411
jira,PL-9536,[CC] Adjustment tools - part 2,,Epic,Done,2025-08-13,other,0,0,,,405
jira,PL-9537,[VNPay-PD][CORE] - Send SMS to the customer when the application Approve,[VNP-PD] - LOS and Core,Story,Released,2025-08-19,other,0,0,VNP_payday,payday,1621
jira,PL-9539,[VNPay-PD][LOS] - Build LOS for VNPAY Payday,[VNP-PD] - LOS and Core,Story,Released,2025-08-19,ui,0,0,VNP_payday,payday,949
jira,PL-9541,[VNPay-PD][Core] - Disbursement,[VNP-PD] - LOS and Core,Story,Released,2025-08-19,ui,0,0,VNP_payday,payday,2738
jira,PL-9543,[VNPay-PD][CORE] - Repayment,[VNP-PD] - LOS and Core,Story,Released,2025-08-19,gl;ui,0,0,VNP_payday,payday,2390
jira,PL-9547,[VNPay-PD][LMS] - Hợp đồng tín dụng,[VNP-PD] - API & Onboarding,Story,Released,2025-08-19,other,0,0,VNP_payday,payday,1701
jira,PL-9550,[VNPay-PD][App] - Loan mngt,[VNP-PD] - Cake app & Portal,Story,Released,2025-08-19,ui,0,0,VNP_payday,payday,3550
jira,PL-9551,[VNPay-PD][App] - Payment transaction history,[VNP-PD] - Cake app & Portal,Story,Released,2025-08-19,policy-table-weak;ui,1,0,VNP_payday,payday,2277
jira,PL-9552,[VNPay-PD][Portal] - Allow process retry disburse or cancel process on Cake portal,[VNP-PD] - Cake app & Portal,Story,Released,2025-08-19,ui,0,0,CAKE_payday;VNP_payday,payday,2181
jira,PL-9555,[CC][CORE] - Record account_id with Adjustments,[CC] Adjustment tools - part 2,Story,Released,2025-08-13,gl,0,0,,,2381
jira,PL-9560,[CC][INS] - Enhance after UAT,,Epic,Done,2025-08-20,other,0,0,,,410
jira,PL-9561,[CC] Terminate Instalment,[CC][INS] - Enhance after UAT,Story,Released,2025-08-14,other,0,0,,,2273
jira,PL-9566,[CC][CORE] - Adjust using GL instead of internal bucket,[CC] Adjustment tools - part 2,Story,Released,2025-07-28,gl,0,0,,,1166
jira,PL-9572,[CORE] - Write off for Paylater,,Epic,Done,2025-10-01,other,0,0,,paylater,500
jira,PL-9573,[CORE][WO] Repayment allocation order for CC,[CC][INS] - Enhance after UAT,Story,Released,2025-08-14,ui,0,0,,,1186
jira,PL-9574,[CORE][WO] Repayment allocation order for Paylater,[CORE] - Write off for Paylater,Story,Released,2025-09-26,ui,0,0,,paylater,1596
jira,PL-9580,[PL][CORE] - ICE - GL - VDS/VNP/MWG Paylater,[PL][CORE] - Migrate to ICE phase 2,Story,Released,2025-08-14,gl,0,0,VDS_paylater;VNP_paylater;MWG_paylater,paylater,965
jira,PL-9586,[PL][CORE] - Migrate to ICE phase 2,,Epic,Done,2025-10-29,other,0,0,,paylater,971
jira,PL-9599,[ICE][CORE] - To-do list data mart,,Epic,Open,2026-06-19,other,0,0,,,537
jira,PL-9603,[MWG-PL][QTV] - Tắt rule dup_product_found tại Precheck 1,[MWG-PL][QTV] - Phase 6,Story,Released,2025-07-24,other,0,0,MWG_paylater,paylater,1022
jira,PL-9620,[CORE][INS] Trích nợ trả góp sau EOD CC,[CORE][INS] - Integrate Scheduler + ins_term_fee,Story,Released,2025-09-09,other,0,0,,,1240
jira,PL-9628,[Ice] Migration,,Epic,Done,2026-08-12,other,0,0,,,520
jira,PL-9633,[Ice] Read Data,[Ice] Migration,Story,Released,2025-09-17,other,0,0,,,1606
jira,PL-9637,[PL][CORE] - ICE - Overpaid + Clear_credit,[PL][CORE] - ICE - Overpaid + Clear_credit,Story,Released,2025-11-24,policy-prose;gl,0,2,VDS_paylater;VDS_paylater_epass;BE_paylater;VNP_paylater;FPT_paylater;MWG_paylater,paylater,9222
jira,PL-9645,[MWG-CL][QTV] - Triển khai MWG Cashloan trên ứng dụng QTV,,Epic,Done,2026-05-18,gl,0,0,MWG_cashloan,cashloan,1368
jira,PL-9647,[CC] Force tính lại TAD + MAD tại EOD DPD 91,[CC][INS] - Enhance after UAT,Story,Released,2025-08-14,ui,0,0,,,1063
jira,PL-9650,[VNPay-PD] - Sign contract on app Cake,[VNP-PD] - Cake app & Portal,Story,Released,2025-08-19,ui,0,0,CAKE_payday;VNP_payday,payday,2783
jira,PL-9657,[Portal] - CakeTask,,Epic,Done,2026-08-12,other,0,0,,,1492
jira,PL-9660,[Portal][CakeTask] - LendingCancelLoan,[Portal] - CakeTask,Story,Released,2025-09-03,ui,0,0,VTPO_cashloan;CAKE_overdraft_TD;VDS_paylater;BE_paylater;VNP_paylater;VPO_cashloan;NGS_cashloan;VT_Cashloan_S;VT_Payday_S;FPT_paylater;Be_Cashloan;CAKE_cashloan;MWG_cashloan;MWG_paylater;PD_Viettel;VDS_bikeloan;VNP_cashloan;Viettel_Cashloan;ZLP_cashloan;CAKE_payday;CAKE_overdraft;VNP_payday,,13193
jira,PL-9662,[Portal][CakeTask] - LendingManualDebtCollection,[Portal] - CakeTask,Story,Released,2025-08-28,other,0,0,,,3107
jira,PL-9663,[Portal][CakeTask]- LendingDopResetOnboarding,[Portal] - CakeTask,Story,Released,2025-09-15,ui,0,0,,,6781
jira,PL-9666,[LENDING][PORTAL] - Loan Details - Core ICE,,Epic,On-hold,2026-05-08,other,0,0,,,623
jira,PL-9668,[App][Contract][Cashloan] - Terminate loan - điều chỉnh TKTT,[Lending] - Enhancement Operations 2025,Story,Released,2025-08-04,ui,0,0,,cashloan,1119
jira,PL-9672,[MWG-PL][QTV] - Chặn revert giao dịch khi đã đóng ví trả sau,[MWG-PL][QTV] - Phase 7,Story,Released,2025-08-15,other,0,0,MWG_paylater,paylater,1971
jira,PL-9674,[Lending][Portal] - Customer Profile data,[LENDING][PORTAL] - Loan Details - Core ICE,Story,Open,2026-06-19,other,0,0,,,784
jira,PL-9680,MWG - PayLater - QTV - Tạo phí sub hàng tháng khi có dư nợ,,Story,Released,2025-09-03,ui,0,0,VDS_paylater;BE_paylater;VNP_paylater;FPT_paylater;MWG_paylater,paylater,1669
jira,PL-9682,[All products] - Call API Opes,All Products - Xây dựng cơ chế đồng bộ thông tin đối soát bảo hiểm vs OPES qua API,Story,Released,2025-12-10,gl;ui,0,0,,,2319
jira,PL-9686,Paylater - Phát triển tính năng rút tiền mặt trên core,,Epic,Done,2025-12-11,other,0,0,BE_paylater,paylater,878
jira,PL-9693,[Portal][CakeTask]- ChangePaylaterLimit,[Portal] - CakeTask,Story,Released,2025-09-12,policy-table-weak;ui,1,0,,paylater,4551
jira,PL-9704,[MWG-PL][QTV] - Điều chỉnh config hạn mức 40 triệu,[MWG-PL][QTV] - Phase 7,Story,Released,2025-08-19,ui,0,1,MWG_paylater,paylater,1393
jira,PL-9705,[MWG-PL][QTV] - API gen/payment-request điều chỉnh mã lỗi RTD,[MWG-PL][QTV] - Phase 7,Story,Released,2025-08-18,ui,0,0,MWG_paylater,paylater,1332
jira,PL-9707,[PL][CORE] - ICE - Cake in-app Display,[PL][CORE] - Migrate to ICE phase 2,Story,Released,2025-08-18,policy-table-weak;gl;ui,1,0,,paylater,9753
jira,PL-9708,[PL][CORE] - ICE - API response,[PL][CORE] - Migrate to ICE phase 2,Story,Released,2025-08-18,api;gl;ui,0,0,,paylater,5487
jira,PL-9709,[PL][CORE] - ICE - Statement,[PL][CORE] - Migrate to ICE phase 2,Story,Released,2025-08-18,other,0,0,,paylater,1122
jira,PL-9710,[PL][CORE] - ICE - DOP spending (MWG PL),[PL][CORE] - Migrate to ICE phase 2,Story,Released,2025-08-18,policy-table-weak,1,0,MWG_paylater,paylater,1677
jira,PL-9720,[PL][CORE] - ICE - DOP Onboarding,[PL][CORE] - Migrate to ICE phase 2,Story,Released,2025-08-18,ui,0,0,,paylater,922
jira,PL-9738,[Portal][CakeTask] - LendingForceCloseLoan,[Portal] - CakeTask,Story,Released,2025-09-12,ui,0,0,,,5239
jira,PL-9747,[Portal][CakeTask] - LendingSendStatusLoan,[Portal] - CakeTask,Story,Released,2025-09-12,ui,0,0,VTPO_cashloan;CAKE_overdraft_TD;VDS_paylater;BE_paylater;VNP_paylater;VPO_cashloan;NGS_cashloan;VT_Cashloan_S;VT_Payday_S;FPT_paylater;Be_Cashloan;CAKE_cashloan;MWG_cashloan;MWG_paylater;PD_Viettel;VDS_bikeloan;VNP_cashloan;Viettel_Cashloan;ZLP_cashloan;CAKE_payday;CAKE_overdraft;VNP_payday,,6893
jira,PL-9797,[CC] Force tính lại TAD + MAD tại EOD WO,,Story,Draft,2025-08-13,ui,0,0,,,908
jira,PL-9802,[VNPay][Collection] - Tạo API nhắc nợ cho 2 sản phẩm CL & PL,[Lending] - Enhancement Operations 2025,Story,Released,2026-03-02,api;gl;ui,0,0,VNP_cashloan;VNP_paylater,cashloan;paylater,9268
jira,PL-9806,[Cake + DOP] - Chặn khách hàng face-register fail,[Cake-PD] - Cake App & Portal,Story,Released,2025-09-03,ui,0,0,CAKE_payday,payday,2282
jira,PL-9808,[ZLP-CL] - Cập nhật tkđbtt cho luồng giải ngân và thu hộ,,Story,Released,2025-08-26,policy-table-weak;ui,1,0,ZLP_cashloan,cashloan,1207
jira,PL-9812,[CORE][PL] - Change revert + terminate instalment automatically,,Epic,Done,2025-09-25,other,0,0,,paylater,471
jira,PL-9813,[CORE][INS] - Integrate Scheduler + ins_term_fee,,Epic,Draft,2025-08-13,other,0,0,,,442
jira,PL-9814,[CORE][INS] Thu phí tất toán trả góp CC,[CORE][INS] - Integrate Scheduler + ins_term_fee,Story,In Testing,2026-08-12,gl,0,0,,,2161
jira,PL-9815,[ZLP-PD] - ZaloPay Payday,,Initiative,Done,2026-01-21,gl,0,0,ZLP_payday,payday,1679
jira,PL-9816,"[ZLP-PD][CORE] LOS, Precheck & CORE",[ZLP-PD] - ZaloPay Payday,Epic,Done,2026-01-10,other,0,0,ZLP_payday,payday,477
jira,PL-9818,[ZLP-PD] [API] - Onboarding Process & APIs Integration,[ZLP-PD] - ZaloPay Payday,Epic,Done,2025-10-21,other,0,0,ZLP_payday,payday,517
jira,PL-9825,[ZLP-PD][MOBILE] Mobile App & Cake Portal,[ZLP-PD] - ZaloPay Payday,Epic,Done,2025-12-23,other,0,0,CAKE_payday;ZLP_payday,payday,499
jira,PL-9826,[ZLP-PD][API] check-profile,[ZLP-PD] [API] - Onboarding Process & APIs Integration,Story,Released,2025-10-13,policy-table-weak;api,1,0,ZLP_payday,payday,3568
jira,PL-9828,[ZLP-PD][API] data-config,[ZLP-PD] [API] - Onboarding Process & APIs Integration,Story,Released,2025-10-13,api,0,0,ZLP_payday,payday,2611
jira,PL-9830,[ZLP-PD][API] client-create,[ZLP-PD] [API] - Onboarding Process & APIs Integration,Story,Released,2025-10-13,api;ui,0,0,ZLP_payday;ZLP_cashloan,payday,5740
jira,PL-9835,[VDS-PL] -  Enhance 2 API payment for ePass,,Story,Released,2025-09-03,ui,0,0,VDS_paylater_epass,paylater,2299
jira,PL-9841,[ZLP-PD][API] client-update,[ZLP-PD] [API] - Onboarding Process & APIs Integration,Story,Released,2025-10-13,api,0,0,ZLP_payday,payday,3881
jira,PL-9842,[ZLP-PD][API] loan-register,[ZLP-PD] [API] - Onboarding Process & APIs Integration,Story,Released,2025-10-13,api,0,0,ZLP_payday,payday,2264
jira,PL-9845,[ZLP-PD][API] get-status,[ZLP-PD] [API] - Onboarding Process & APIs Integration,Story,Released,2025-10-13,api,0,0,ZLP_payday,payday,2337
jira,PL-9847,[ZLP-PD][API] get-esign | contract-cancel,[ZLP-PD] [API] - Onboarding Process & APIs Integration,Story,Released,2025-10-13,api,0,0,ZLP_payday,payday,3461
jira,PL-9849,[ZLP-PD][API] get-otp | verify-esign,[ZLP-PD] [API] - Onboarding Process & APIs Integration,Story,Released,2025-10-13,api,0,0,ZLP_payday,payday,3771
jira,PL-9851,[ZLP-PD][API] get-loan-detail,[ZLP-PD] [API] - Onboarding Process & APIs Integration,Story,Released,2025-10-13,policy-table;api,3,0,VT_Payday_S;VNP_payday;ZLP_payday,payday,5527
jira,PL-9853,[ZLP-PD][API] Repayment APIs,[ZLP-PD] [API] - Onboarding Process & APIs Integration,Story,Released,2025-10-13,api,0,0,ZLP_payday,payday,3930
jira,PL-9857,[ZLP-PD][API] disburse-update,[ZLP-PD] [API] - Onboarding Process & APIs Integration,Story,Released,2025-10-13,api,0,0,ZLP_payday,payday,2029
jira,PL-9859,[ZLP-PD][API partner] Disburse request,[ZLP-PD] [API] - Onboarding Process & APIs Integration,Story,Released,2025-10-13,policy-table-weak;api,1,0,ZLP_payday,payday,4340
jira,PL-9861,[ZLP-PD][API partner] Update status,[ZLP-PD] [API] - Onboarding Process & APIs Integration,Story,Released,2025-10-13,policy-table-weak;api,1,0,ZLP_payday,payday,2870
jira,PL-9864,[ZLP-PD][CORE] Disbursement,"[ZLP-PD][CORE] LOS, Precheck & CORE",Story,Released,2025-11-12,gl,0,1,ZLP_payday,payday,2593
jira,PL-9875,[CORE][PL] - Revert khi giao dịch gốc đã được chuyển trả góp,[CORE][PL] - Change revert + terminate instalment automatically,Story,Released,2025-09-17,gl;ui,0,0,,paylater,3345
jira,PL-9877,[CORE][PD] - Prepare Migrate VDS + VNPT Payday to ICE,,Epic,On-hold,2026-06-25,other,0,0,PD_Viettel;PD_CAKEVNPT_NEW,payday,454
jira,PL-9886,[Many Product] - Điều chỉnh UI & HĐTD do sai thông tin mục đích cấp tín dụng,[Lending] - Enhancement Operations 2025,Story,Released,2025-09-03,ui,0,0,VT_Payday_S;FPT_paylater,,3253
jira,PL-9891,[Portal][CakeTask] - LendingAdjustmentIce,[Portal] - CakeTask,Story,Released,2025-09-26,gl,0,0,,,6977
jira,PL-9892,release prescreen,,Story,Released,2025-08-20,ui,0,0,,,425
jira,PL-9909,[MWG-PL][QTV] - Enhance màn hình quản lý trả góp,[MWG-PL][QTV] - Phase 7,Story,Released,2025-09-26,policy-table-weak;ui,2,0,MWG_paylater,paylater,3485
jira,PL-9938,[techdebt] update chart,,Epic,Done,2026-02-28,other,0,0,,,400
jira,PL-9946,[CORE][INS] Trích nợ trả góp sau EOD PL,[CORE][INS] - Integrate Scheduler + ins_term_fee,Story,Released,2025-09-03,other,0,0,,paylater,1671
jira,PL-9956,[Cashloan] - Điều chỉnh giới hạn số tiền và thời hạn vay,[Lending] - Enhancement Operations 2025,Story,Released,2025-09-04,policy-prose,0,2,CAKE_cashloan,cashloan,2476
jira,PL-9960,[ZLP-CL] - Cập nhật API check-profile thêm reject_code và reject_message,[Lending] - Enhancement Operations 2025,Story,Released,2025-09-29,policy-table-weak;api,1,0,ZLP_cashloan,cashloan,4210
jira,PL-9963,[ZLP-PD][CORE] Repayment,"[ZLP-PD][CORE] LOS, Precheck & CORE",Story,Released,2025-11-12,gl,0,0,ZLP_payday,payday,2657
jira,PL-9965,[ZLP-PD][CORE] Send SMS to the customer,"[ZLP-PD][CORE] LOS, Precheck & CORE",Story,Released,2025-10-13,other,0,0,ZLP_payday,payday,1550
jira,PL-9969,[VDS-PL] - Điều chỉnh phí sub và phí spending,[Lending] - Enhancement Operations 2025,Story,Released,2025-09-09,policy-prose;ui,0,3,VDS_paylater,paylater,1621
jira,PL-9971,[VDS-CL] Điều chỉnh số tiền và tenor,[Lending] - Enhancement Operations 2025,Story,Released,2025-09-05,ui,0,0,Viettel_Cashloan,cashloan,923
jira,PL-9977,[MWG-PL][QTV] - Điều chỉnh hiểm thị phí paylater,[MWG-PL][QTV] - Phase 7,Story,Released,2025-09-22,ui,0,0,MWG_paylater,paylater,2435
jira,PL-9980,[ZLP-PD][App] Sign & Loan management,[ZLP-PD][MOBILE] Mobile App & Cake Portal,Story,Released,2025-10-13,policy-table-weak;ui,2,0,ZLP_payday,payday,8276
jira,PL-9982,[ZLP-PD][App] Payment transaction history,[ZLP-PD][MOBILE] Mobile App & Cake Portal,Story,Released,2025-10-13,policy-table-weak;ui,1,0,ZLP_payday,payday,2128
jira,PL-9984,[ZLP-PD][Portal] Allow process CakeTask on Cake portal,[ZLP-PD][MOBILE] Mobile App & Cake Portal,Story,Released,2025-10-13,other,0,0,CAKE_payday;ZLP_payday,payday,2431
jira,PL-9990,[ZLP-CL] - Điều chỉnh số tiền và tenor,[Lending] - Enhancement Operations 2025,Story,Released,2025-09-09,policy-table-weak,1,0,ZLP_cashloan,cashloan,1178
jira,PL-9994,[PD][CORE] - ICE - Full flow VDS Payday + VDS Payday Payroll,,Epic,Done,2026-01-19,other,0,0,VT_Payday_S,payday,610
jira,PL-9995,[PD][CORE] - ICE - Create account,[PD][CORE] - ICE - Full flow VDS Payday + VDS Payday Payroll,Story,Released,2025-10-10,gl,0,0,VT_Payday_S;PD_Viettel,payday,1856
